player_id,player_name,nationality,position,team,age,market_value_eur,club_name,matches,minutes,goals,assists,xg,xa,shots,key_passes,tackles,interceptions,recoveries,dribbles_succ,pass_acc,saves,clean_sheets,rating,stamina,top_speed,distance,creativity,consistency,clutch,pressure,offensive,defensive,poty_awards,per90,goals_p90,assists_p90,xg_p90,xa_p90,finishing_delta,ga_p90,ga_expected_p90,ga_actual_p90
P00001,Kylian Griezmann,French,Goalkeeper,France,24,16574124,PSV Eindhoven,34,953,0,0,0.0,0.0,0,4,0,5,15,0,0.7311764705882353,30,2,2.3294117647058825,80.5529411764706,30.3,89.1,30.291176470588237,69.69117647058823,57.294117647058826,66.39117647058823,9.376470588235295,80.4735294117647,0,0.0944386149003148,0.0,0.0,0.0,0.0,0.0,0.0,0.0,0.0
P00002,Antoine Tchouameni,French,Goalkeeper,France,29,53959475,Anderlecht,34,830,0,0,0.0,0.0,0,6,0,3,13,0,0.7288235294117648,37,1,1.961764705882353,80.19411764705882,32.8,79.9,30.747058823529414,87.24117647058823,59.800000000000004,83.98823529411764,11.152941176470588,97.43529411764706,0,0.10843373493975904,0.0,0.0,0.0,0.0,0.0,0.0,0.0,0.0
P00003,Ousmane Hernandez,French,Goalkeeper,France,24,4935397,Besiktas,34,922,0,0,0.0,0.0,0,1,0,4,23,1,0.7085294117647059,41,2,2.038235294117647,79.9205882352941,32.1,86.7,33.80294117647059,70.75294117647059,54.72941176470588,68.50882352941177,11.205882352941176,79.58823529411765,0,0.09761388286334056,0.0,0.0,0.0,0.0,0.0,0.0,0.0,0.0
P00004,Kylian Camavinga,French,Defender,France,27,3795900,Bayer Leverkusen,34,1299,0,0,0.060000000000000005,0.01,8,9,41,31,53,0,0.8117647058823529,0,0,3.4735294117647055,81.89411764705882,37.0,141.1,33.61764705882353,49.800000000000004,50.752941176470586,47.93529411764706,23.958823529411767,54.95294117647059,0,0.06928406466512702,0.0,0.0,0.004157043879907622,0.0006928406466512702,-0.060000000000000005,0.0,0.004849884526558892,0.0
P00005,Antoine Kounde,French,Defender,France,24,21832889,Borussia Dortmund,34,1298,0,2,0.18,0.2,7,12,43,41,87,0,0.821764705882353,0,0,4.270588235294118,85.01470588235294,35.8,138.70000000000002,30.941176470588236,87.21176470588235,63.76470588235294,82.5529411764706,48.21176470588235,94.0,0,0.06933744221879815,0.0,0.1386748844375963,0.012480739599383665,0.01386748844375963,-0.18,0.1386748844375963,0.026348228043143296,0.1386748844375963
P00006,Ousmane Upamecano,French,Defender,France,25,3260134,Bayern Munich,34,1372,0,0,0.52,0.1,7,8,52,43,58,2,0.821764705882353,0,0,3.644117647058824,82.78235294117647,35.6,147.3,30.064705882352943,48.30882352941177,53.05882352941177,44.10588235294117,24.49705882352941,50.997058823529414,0,0.06559766763848396,0.0,0.0,0.03411078717201166,0.006559766763848396,-0.52,0.0,0.040670553935860054,0.0
P00007,Aurelien Rabiot,French,Defender,France,25,21875188,Midtjylland,34,1173,1,1,0.01,0.18,5,12,51,42,62,2,0.8138235294117646,0,0,3.461764705882353,80.27352941176471,34.8,115.7,24.620588235294118,69.51176470588236,58.98529411764706,70.60588235294118,33.87352941176471,74.16764705882352,1,0.07672634271099744,0.07672634271099744,0.07672634271099744,0.0007672634271099745,0.01381074168797954,0.99,0.1534526854219949,0.014578005115089514,0.1534526854219949
P00008,Eduardo Sissoko,French,Defender,France,22,3056356,Galatasaray,34,1449,0,1,0.22000000000000003,0.04,13,11,35,32,60,1,0.8323529411764706,0,0,3.979411764705883,81.4735294117647,35.9,155.79999999999998,28.576470588235296,50.0735294117647,54.9,46.688235294117646,23.923529411764704,53.66470588235294,0,0.062111801242236024,0.0,0.062111801242236024,0.013664596273291927,0.002484472049689441,-0.22000000000000003,0.062111801242236024,0.016149068322981366,0.062111801242236024
P00009,Theo Varane,French,Defender,France,29,43758955,RB Salzburg,34,1722,0,1,0.01,0.17,8,9,61,55,124,0,0.818529411764706,0,0,4.985294117647059,86.84117647058824,35.5,174.1,32.09411764705882,87.25882352941177,61.464705882352945,82.28529411764706,43.561764705882354,93.28823529411765,0,0.05226480836236934,0.0,0.05226480836236934,0.0005226480836236934,0.008885017421602788,-0.01,0.05226480836236934,0.009407665505226481,0.05226480836236934
P00010,Lucas Pavard,French,Defender,France,23,2280387,AIK,34,1482,3,2,0.0,0.13,6,3,50,32,59,1,0.8188235294117647,0,0,3.8735294117647054,82.14411764705882,36.3,153.5,26.76764705882353,49.491176470588236,51.773529411764706,45.22941176470588,21.794117647058822,51.00588235294118,1,0.06072874493927125,0.18218623481781376,0.1214574898785425,0.0,0.007894736842105263,3.0,0.30364372469635625,0.007894736842105263,0.30364372469635625
P00011,Randal Diarra,French,Defender,France,26,2897170,Benfica,34,1358,0,0,0.05,0.12,11,3,42,44,53,1,0.8147058823529412,0,0,3.5264705882352945,80.03529411764706,35.7,154.7,30.96470588235294,50.044117647058826,50.69117647058823,45.82647058823529,24.22941176470588,52.63823529411765,0,0.0662739322533137,0.0,0.0,0.003313696612665685,0.007952871870397643,-0.05,0.0,0.011266568483063328,0.0
P00012,Olivier Badiashile,French,Defender,France,24,10428093,Young Boys,34,1553,1,0,0.01,0.07,14,8,57,34,73,1,0.8232352941176471,0,0,4.144117647058824,82.51176470588236,35.5,162.2,27.876470588235296,70.13529411764705,56.54705882352941,64.0764705882353,34.62941176470588,73.93823529411765,0,0.05795235028976175,0.05795235028976175,0.0,0.0005795235028976175,0.004056664520283323,0.99,0.05795235028976175,0.004636188023180941,0.05795235028976175
P00013,Kylian Maignan,French,Midfielder,France,27,5499220,Borussia Dortmund,34,1100,2,4,0.21000000000000002,0.92,10,16,28,18,32,1,0.8452941176470588,0,0,3.0588235294117645,81.82058823529412,37.0,133.0,46.86764705882353,50.00588235294118,54.220588235294116,48.550000000000004,43.23823529411764,36.68529411764706,1,0.08181818181818182,0.16363636363636364,0.32727272727272727,0.017181818181818184,0.07527272727272727,1.79,0.4909090909090909,0.09245454545454546,0.4909090909090909
P00014,Antoine Saliba,French,Midfielder,France,28,17554435,Osijek,34,1034,0,7,0.64,1.19,7,27,24,17,35,5,0.8608823529411764,0,0,3.4794117647058824,84.3,35.7,128.3,64.03235294117647,67.30588235294118,59.199999999999996,66.56470588235294,62.05882352941177,56.7235294117647,0,0.08704061895551257,0.0,0.609284332688588,0.055705996131528046,0.10357833655705996,-0.64,0.609284332688588,0.159284332688588,0.609284332688588
P00015,Ousmane Konate,French,Midfielder,France,22,4399784,Porto,34,1160,1,4,0.13,1.44,10,21,24,14,38,2,0.8585294117647058,0,0,4.276470588235294,81.12647058823529,35.5,144.1,40.205882352941174,41.391176470588235,51.32941176470588,41.54117647058824,36.60588235294117,32.247058823529414,1,0.07758620689655173,0.07758620689655173,0.3103448275862069,0.010086206896551726,0.11172413793103449,0.87,0.3879310344827586,0.12181034482758621,0.3879310344827586
P00016,Aurelien Thuram,French,Midfielder,France,27,13339861,Red Star Belgrade,34,1086,0,2,0.37,0.74,13,17,24,12,41,6,0.8502941176470589,0,0,3.126470588235294,75.0,36.7,126.1,66.46764705882353,70.75882352941177,54.53235294117647,64.87352941176471,61.11470588235294,56.497058823529414,1,0.08287292817679558,0.0,0.16574585635359115,0.03066298342541436,0.06132596685082872,-0.37,0.16574585635359115,0.09198895027624308,0.16574585635359115
P00017,Eduardo Olise,French,Midfielder,France,22,3760393,Arsenal,34,1266,2,1,0.47,0.87,10,28,29,26,42,7,0.8591176470588235,0,0,3.9558823529411766,82.68823529411765,36.2,157.7,43.67941176470588,49.04117647058824,53.96764705882353,46.4735294117647,41.48823529411764,40.63235294117647,0,0.07109004739336493,0.14218009478672985,0.07109004739336493,0.033412322274881515,0.06184834123222749,1.53,0.21327014218009477,0.095260663507109,0.21327014218009477
P00018,Theo Mukiele,French,Midfielder,France,18,51401700,Red Star Belgrade,34,1916,2,7,0.7,2.3000000000000003,20,37,50,29,93,18,0.8288235294117647,0,0,4.638235294117647,84.25588235294117,35.3,223.6,63.79117647058824,70.1970588235294,60.49117647058823,65.16176470588235,58.13529411764706,52.26470588235294,1,0.04697286012526096,0.09394572025052192,0.3288100208768267,0.032881002087682666,0.10803757828810022,1.3,0.4227557411273486,0.1409185803757829,0.4227557411273486
P00019,Lucas Todibo,French,Midfielder,France,31,31444197,Paris Saint-Germain,34,1014,2,2,0.09,0.44,13,23,31,18,40,8,0.8494117647058823,0,0,3.176470588235294,78.91764705882352,35.8,123.7,65.99705882352941,66.43235294117646,60.26764705882353,65.25,60.23235294117647,55.95882352941176,0,0.08875739644970414,0.17751479289940827,0.17751479289940827,0.007988165680473372,0.03905325443786982,1.91,0.35502958579881655,0.04704142011834319,0.35502958579881655
P00020,Randal Griezmann,French,Midfielder,France,20,80603351,PSV Eindhoven,34,937,1,3,0.06,0.8,16,31,22,12,48,9,0.8461764705882353,0,0,3.338235294117647,82.0264705882353,35.2,114.6,85.98529411764706,92.35882352941177,62.70294117647059,83.67058823529412,79.7764705882353,65.11470588235295,2,0.096051227321238,0.096051227321238,0.288153681963714,0.00576307363927428,0.0768409818569904,0.94,0.384204909284952,0.08260405549626468,0.384204909284952
P00021,Kylian Olise,French,Forward,France,22,13994073,Napoli,34,1232,5,2,0.8,0.93,34,16,11,8,21,11,0.7714705882352941,0,0,3.75,81.69117647058823,36.4,132.9,69.14411764705882,70.77352941176471,59.0,65.59117647058824,71.65294117647058,24.45294117647059,1,0.07305194805194805,0.36525974025974023,0.1461038961038961,0.05844155844155844,0.06793831168831169,4.2,0.5113636363636364,0.12637987012987012,0.5113636363636364
P00022,Antoine Mukiele,French,Forward,France,23,1745271,Liverpool,34,975,2,2,0.93,0.14,20,16,9,1,16,3,0.7667647058823529,0,0,2.9647058823529413,79.04705882352941,36.3,110.8,45.497058823529414,50.26764705882353,53.023529411764706,48.932352941176475,50.96470588235294,24.358823529411765,2,0.09230769230769231,0.18461538461538463,0.18461538461538463,0.08584615384615385,0.012923076923076924,1.0699999999999998,0.36923076923076925,0.09876923076923078,0.36923076923076925
P00023,Ousmane Todibo,French,Forward,France,24,23420128,Barcelona,34,1625,6,2,3.75,0.7100000000000001,59,22,16,5,33,20,0.7823529411764706,0,0,4.894117647058824,83.2,36.7,181.1,65.40882352941176,72.12058823529412,57.38529411764706,68.18823529411765,72.82352941176471,24.129411764705882,1,0.055384615384615386,0.3323076923076923,0.11076923076923077,0.2076923076923077,0.039323076923076926,2.25,0.4430769230769231,0.24701538461538464,0.4430769230769231
P00024,Aurelien Griezmann,French,Forward,France,26,7661606,Napoli,34,1307,3,3,1.3599999999999999,0.5700000000000001,19,17,10,5,22,10,0.7758823529411765,0,0,3.7941176470588234,82.53235294117647,36.2,139.4,42.93529411764706,40.8235294117647,53.4735294117647,37.74411764705882,44.42941176470588,25.708823529411767,0,0.06885998469778118,0.20657995409334354,0.20657995409334354,0.0936495791889824,0.039250191277735276,1.6400000000000001,0.4131599081866871,0.13289977046671766,0.4131599081866871
P00025,Eduardo Tchouameni,French,Forward,France,28,9165626,Anderlecht,34,1062,4,4,0.78,0.3,13,12,10,9,15,7,0.7991176470588236,0,0,3.0176470588235293,80.14999999999999,36.3,119.3,47.199999999999996,49.14705882352941,54.13823529411765,46.938235294117646,51.42941176470588,24.820588235294117,2,0.0847457627118644,0.3389830508474576,0.3389830508474576,0.06610169491525424,0.02542372881355932,3.2199999999999998,0.6779661016949152,0.09152542372881356,0.6779661016949152
P00026,Theo Hernandez,French,Forward,France,33,8331439,Grasshoppers,34,1210,0,1,1.79,0.67,24,9,13,3,18,8,0.7629411764705882,0,0,3.8764705882352946,80.09411764705882,37.0,138.2,44.57058823529412,50.7235294117647,53.07647058823529,45.30882352941177,49.98823529411764,24.53529411764706,0,0.0743801652892562,0.0,0.0743801652892562,0.1331404958677686,0.049834710743801656,-1.79,0.0743801652892562,0.18297520661157027,0.0743801652892562
P00027,Joshua Musiala,German,Goalkeeper,Germany,27,16147932,Arsenal,34,623,0,0,0.0,0.0,0,1,0,4,10,0,0.713529411764706,28,3,1.5205882352941178,74.57058823529412,32.6,61.2,27.791176470588233,68.28235294117647,59.02647058823529,65.14411764705882,8.205882352941176,78.52352941176471,0,0.14446227929373998,0.0,0.0,0.0,0.0,0.0,0.0,0.0,0.0
P00028,Jamal Havertz,German,Goalkeeper,Germany,23,10300842,RB Leipzig,34,777,0,0,0.0,0.0,0,2,0,8,20,0,0.7402941176470589,47,5,1.8558823529411765,77.23823529411764,31.1,72.8,27.741176470588236,68.75882352941177,57.75,63.82058823529412,10.347058823529412,78.09117647058824,0,0.11583011583011583,0.0,0.0,0.0,0.0,0.0,0.0,0.0,0.0
P00029,Leroy Schlotterbeck,German,Goalkeeper,Germany,29,11689568,Napoli,34,1222,0,0,0.0,0.0,0,2,0,6,23,0,0.7314705882352941,47,4,2.8058823529411767,80.7235294117647,32.7,114.9,29.86470588235294,48.92941176470588,56.37647058823529,46.067647058823525,10.164705882352942,55.72941176470588,0,0.07364975450081833,0.0,0.0,0.0,0.0,0.0,0.0,0.0,0.0
P00030,Joshua Rudiger,German,Defender,Germany,26,3359673,Red Star Belgrade,34,1327,1,2,0.03,0.05,4,7,54,33,59,1,0.8091176470588236,0,0,3.7176470588235295,81.72647058823529,37.0,140.9,31.291176470588237,48.976470588235294,52.09411764705882,48.82941176470588,24.46764705882353,52.36176470588235,1,0.06782215523737754,0.06782215523737754,0.1356443104747551,0.0020346646571213264,0.0033911077618688774,0.97,0.20346646571213262,0.005425772418990204,0.20346646571213262
P00031,Jamal Goretzka,German,Defender,Germany,28,1406618,Atletico Madrid,34,1267,0,0,0.13,0.1,6,4,40,42,42,0,0.8220588235294117,0,0,2.908823529411765,81.97058823529412,35.5,135.9,32.023529411764706,41.90882352941177,53.90882352941177,38.85294117647059,22.66470588235294,45.050000000000004,0,0.07103393843725335,0.0,0.0,0.009234411996842936,0.007103393843725336,-0.13,0.0,0.01633780584056827,0.0
P00032,Leroy Werner,German,Defender,Germany,29,72433298,Young Boys,34,1168,1,2,0.04,0.22,11,12,28,40,80,1,0.8070588235294118,0,0,3.735294117647059,83.19117647058823,36.0,118.60000000000001,27.455882352941178,84.45588235294117,60.56470588235294,85.21764705882353,46.65882352941177,95.75,1,0.07705479452054795,0.07705479452054795,0.1541095890410959,0.003082191780821918,0.016952054794520548,0.96,0.23116438356164384,0.020034246575342467,0.23116438356164384
P00033,Kai Neuer,German,Defender,Germany,21,2213941,Bayer Leverkusen,34,1242,2,0,0.04,0.07,4,3,44,26,39,2,0.8270588235294118,0,0,3.7676470588235293,81.49411764705883,36.6,133.5,30.47941176470588,48.188235294117646,55.32941176470588,46.48823529411764,24.058823529411764,54.5264705882353,0,0.07246376811594203,0.14492753623188406,0.0,0.002898550724637681,0.0050724637681159425,1.96,0.14492753623188406,0.007971014492753625,0.14492753623188406
P00034,Antonio Gnabry,German,Defender,Germany,21,5171626,Chelsea,34,885,2,0,0.27,0.0,4,3,37,33,32,1,0.8061764705882353,0,0,3.3000000000000003,80.22647058823529,35.6,101.3,31.514705882352942,49.44705882352941,52.061764705882354,47.85588235294117,23.829411764705885,51.37352941176471,0,0.1016949152542373,0.2033898305084746,0.0,0.027457627118644072,0.0,1.73,0.2033898305084746,0.027457627118644072,0.2033898305084746
P00035,Nico Ginter,German,Defender,Germany,24,81562649,Anderlecht,34,1179,0,1,0.01,0.16,8,7,36,52,77,0,0.8370588235294117,0,0,3.6411764705882352,82.51470588235294,37.0,126.0,28.776470588235295,90.55588235294118,56.61176470588235,82.01470588235294,41.1764705882353,92.86176470588236,1,0.07633587786259542,0.0,0.07633587786259542,0.0007633587786259542,0.012213740458015267,-0.01,0.07633587786259542,0.012977099236641221,0.07633587786259542
P00036,Leon Sule,German,Defender,Germany,25,37122019,AIK,34,1556,2,1,0.24,0.27,8,14,59,47,104,0,0.8220588235294117,0,0,5.18235294117647,84.99411764705883,36.1,159.8,27.523529411764706,90.33823529411765,59.19411764705882,85.29117647058824,42.891176470588235,91.83529411764707,1,0.05784061696658098,0.11568123393316196,0.05784061696658098,0.013881748071979434,0.015616966580976865,1.76,0.17352185089974292,0.0294987146529563,0.17352185089974292
P00037,Florian Brandt,German,Defender,Germany,31,1573030,Rapid Vienna,34,1551,1,1,0.12,0.34,9,8,52,50,50,0,0.8138235294117647,0,0,4.511764705882353,82.71764705882353,36.1,158.3,32.88529411764706,43.28529411764706,54.21176470588235,39.63235294117647,20.629411764705882,44.7235294117647,1,0.058027079303675046,0.058027079303675046,0.058027079303675046,0.006963249516441005,0.019729206963249517,0.88,0.11605415860735009,0.026692456479690523,0.11605415860735009
P00038,Timo Henrichs,German,Defender,Germany,27,2921243,Sporting CP,34,1602,1,1,0.22000000000000003,0.19,7,6,53,41,58,0,0.8202941176470588,0,0,4.1000000000000005,82.15588235294118,36.0,160.7,31.18235294117647,48.508823529411764,54.726470588235294,46.779411764705884,25.22941176470588,52.84705882352941,0,0.056179775280898875,0.056179775280898875,0.056179775280898875,0.012359550561797755,0.010674157303370787,0.78,0.11235955056179775,0.02303370786516854,0.11235955056179775
P00039,Joshua Tah,German,Midfielder,Germany,23,3362502,Real Madrid,34,1099,1,1,0.27,0.36000000000000004,6,11,23,14,33,6,0.8491176470588235,0,0,3.5029411764705882,81.00882352941177,36.0,136.0,43.68529411764706,50.39705882352941,55.17352941176471,46.72941176470588,43.09117647058823,40.00588235294118,2,0.0818926296633303,0.0818926296633303,0.0818926296633303,0.022111010009099184,0.02948134667879891,0.73,0.1637852593266606,0.05159235668789809,0.1637852593266606
P00040,Jamal Koch,German,Midfielder,Germany,24,48977955,Real Madrid,34,1466,5,5,0.35000000000000003,2.58,19,54,46,19,84,13,0.8641176470588235,0,0,5.108823529411764,84.72941176470589,36.0,175.5,84.79411764705883,89.56176470588235,59.88235294117647,85.74117647058823,77.18823529411765,67.60588235294118,1,0.061391541609822645,0.3069577080491132,0.3069577080491132,0.021487039563437928,0.15839017735334243,4.65,0.6139154160982264,0.17987721691678035,0.6139154160982264
P00041,Leroy Klostermann,German,Midfielder,Germany,27,12569783,Juventus,34,1044,3,0,0.13999999999999999,0.17,8,12,36,21,20,5,0.8497058823529412,0,0,3.7235294117647055,79.25294117647059,35.2,138.1,35.86176470588235,42.25588235294118,50.67941176470588,38.95294117647059,35.561764705882354,35.29117647058824,2,0.08620689655172414,0.25862068965517243,0.0,0.01206896551724138,0.014655172413793105,2.86,0.25862068965517243,0.026724137931034484,0.25862068965517243
P00042,Kai Can,German,Midfielder,Germany,24,53991561,Osijek,34,1462,0,3,0.22,1.3,24,51,30,29,73,13,0.8394117647058823,0,0,4.408823529411765,82.21176470588235,37.0,177.1,80.21176470588235,88.46764705882353,60.77352941176471,82.8,72.8529411764706,68.90882352941176,1,0.06155950752393981,0.0,0.18467852257181944,0.013543091655266758,0.08002735978112176,-0.22,0.18467852257181944,0.09357045143638851,0.18467852257181944
P00043,Antonio Fulle,German,Midfielder,Germany,24,5214898,Juventus,34,841,0,2,0.18000000000000002,0.9,4,13,17,15,23,3,0.8508823529411764,0,0,2.485294117647059,77.36470588235295,37.0,92.0,47.51470588235294,49.70294117647059,51.95294117647059,48.67941176470588,42.879411764705885,37.9735294117647,1,0.1070154577883472,0.0,0.2140309155766944,0.0192627824019025,0.09631391200951249,-0.18000000000000002,0.2140309155766944,0.11557669441141499,0.2140309155766944
P00044,Nico Volland,German,Midfielder,Germany,25,42603093,Brondby,34,1480,2,6,0.71,2.79,29,49,31,26,77,13,0.8391176470588235,0,0,4.81764705882353,86.22647058823529,37.0,182.8,82.24705882352941,87.99705882352941,57.4,83.59411764705882,77.96764705882353,72.31764705882354,1,0.060810810810810814,0.12162162162162163,0.3648648648648649,0.04317567567567568,0.16966216216216218,1.29,0.4864864864864865,0.21283783783783786,0.4864864864864865
P00045,Leon Gotze,German,Midfielder,Germany,34,6709983,Manchester City,34,1323,7,0,0.37,1.47,12,30,26,21,36,4,0.8491176470588235,0,0,3.605882352941176,80.5,35.3,153.1,45.28529411764706,48.40588235294118,50.87352941176471,47.08529411764706,44.44411764705882,38.88529411764706,1,0.06802721088435375,0.4761904761904762,0.0,0.025170068027210887,0.1,6.63,0.4761904761904762,0.1251700680272109,0.4761904761904762
P00046,Florian Musiala,German,Midfielder,Germany,22,14187209,Feyenoord,34,1323,2,2,0.7,1.34,25,32,29,22,52,6,0.8620588235294118,0,0,3.8029411764705885,82.20588235294117,35.4,160.4,64.87647058823529,70.27058823529411,56.01176470588236,65.78529411764706,59.16470588235294,57.71470588235294,1,0.06802721088435375,0.1360544217687075,0.1360544217687075,0.04761904761904762,0.09115646258503403,1.3,0.272108843537415,0.13877551020408166,0.272108843537415
P00047,Joshua Fulle,German,Forward,Germany,29,41857821,Galatasaray,34,1361,4,3,2.5100000000000002,1.32,53,28,10,7,44,16,0.7611764705882352,0,0,4.235294117647059,83.75588235294117,36.7,149.6,81.47941176470589,92.42058823529412,58.0,82.06764705882354,91.86176470588236,26.65294117647059,1,0.06612784717119764,0.26451138868479057,0.19838354151359294,0.1659808963997061,0.0872887582659809,1.4899999999999998,0.4628949301983835,0.25326965466568696,0.4628949301983835
P00048,Jamal Volland,German,Forward,Germany,25,8963942,Club Brugge,34,1217,2,0,0.76,0.66,14,17,7,7,8,9,0.7920588235294117,0,0,3.335294117647059,78.41470588235293,36.4,133.7,38.9264705882353,41.629411764705885,55.608823529411765,39.858823529411765,41.438235294117646,26.61176470588235,0,0.07395234182415776,0.14790468364831552,0.0,0.056203779786359896,0.048808545603944126,1.24,0.14790468364831552,0.10501232539030403,0.14790468364831552
P00049,Leroy Gotze,German,Forward,Germany,25,5207627,Young Boys,34,981,3,1,0.3,0.79,20,12,5,4,19,3,0.7802941176470588,0,0,3.0029411764705882,79.92058823529412,35.7,115.5,39.47941176470588,40.567647058823525,53.58235294117647,41.13235294117647,40.53235294117647,23.31764705882353,1,0.09174311926605505,0.27522935779816515,0.09174311926605505,0.027522935779816515,0.07247706422018349,2.7,0.3669724770642202,0.1,0.3669724770642202
P00050,Kai Musiala,German,Forward,Germany,32,7978270,Roma,34,1450,5,4,2.1999999999999997,0.32,16,8,11,4,17,8,0.7991176470588236,0,0,4.185294117647059,81.03235294117647,36.1,161.7,40.90588235294118,43.10588235294117,50.22941176470588,40.7235294117647,41.96764705882353,24.711764705882356,3,0.06206896551724138,0.3103448275862069,0.2482758620689655,0.136551724137931,0.019862068965517243,2.8000000000000003,0.5586206896551724,0.15641379310344825,0.5586206896551724
P00051,Antonio Havertz,German,Forward,Germany,28,6559003,Napoli,34,1303,1,0,1.45,0.5599999999999999,31,14,15,7,22,6,0.791764705882353,0,0,3.8794117647058823,77.99411764705883,35.9,149.3,39.247058823529414,40.83529411764706,51.59411764705882,38.84705882352941,44.37352941176471,26.47941176470588,0,0.06907137375287797,0.06907137375287797,0.0,0.10015349194167306,0.03867996930161166,-0.44999999999999996,0.06907137375287797,0.13883346124328472,0.06907137375287797
P00052,Nico Schlotterbeck,German,Forward,Germany,30,20389682,RB Salzburg,34,1106,5,2,2.04,0.26,39,19,10,3,28,12,0.7802941176470588,0,0,3.5441176470588234,81.92647058823529,36.4,129.3,67.5764705882353,70.00882352941177,55.84705882352941,66.31764705882354,70.54117647058824,23.50588235294118,1,0.081374321880651,0.40687160940325495,0.162748643761302,0.16600361663652805,0.02115732368896926,2.96,0.5696202531645569,0.1871609403254973,0.5696202531645569
P00053,Pedro Gavi,Spanish,Goalkeeper,Spain,36,2084465,Fenerbahce,45,814,0,0,0.0,0.0,0,4,0,3,15,0,0.7140000000000001,26,1,1.4466666666666665,77.99777777777778,32.0,75.8,30.186666666666667,42.02444444444444,50.473333333333336,40.715555555555554,9.58,48.80888888888889,0,0.11056511056511056,0.0,0.0,0.0,0.0,0.0,0.0,0.0,0.0
P00054,Gavi Morata,Spanish,Goalkeeper,Spain,27,1484206,Borussia Dortmund,45,1290,0,1,0.0,0.0,0,2,0,6,27,1,0.7088888888888889,47,6,2.191111111111111,80.39777777777778,31.6,123.0,32.50666666666667,48.90888888888889,53.342222222222226,45.01333333333333,9.891111111111112,54.70666666666667,0,0.06976744186046512,0.0,0.06976744186046512,0.0,0.0,0.0,0.06976744186046512,0.0,0.06976744186046512
P00055,Rodri Fati,Spanish,Goalkeeper,Spain,26,4384884,RB Salzburg,45,1278,0,0,0.0,0.0,0,6,0,4,30,0,0.7182222222222222,56,6,2.2644444444444445,78.17555555555556,31.2,117.2,29.666666666666668,40.49777777777778,53.33555555555555,40.315555555555555,9.686666666666666,47.611111111111114,0,0.07042253521126761,0.0,0.0,0.0,0.0,0.0,0.0,0.0,0.0
P00056,Pedro Torres,Spanish,Defender,Spain,24,15191371,Legia Warsaw,45,1621,1,0,0.04,0.22,8,10,67,50,104,0,0.8197777777777778,0,0,3.617777777777778,84.09333333333333,35.6,173.9,32.55777777777777,69.58888888888889,54.21111111111111,68.02888888888889,34.06444444444445,75.1,1,0.055521283158544106,0.055521283158544106,0.0,0.002220851326341764,0.012214682294879703,0.96,0.055521283158544106,0.014435533621221467,0.055521283158544106
P00057,Gavi Asensio,Spanish,Defender,Spain,22,1169641,Grasshoppers,45,1891,2,1,0.06,0.03,14,13,62,54,81,0,0.8266666666666668,0,0,3.6599999999999997,81.52444444444444,36.3,197.2,30.175555555555558,49.84,53.29555555555556,44.14888888888889,24.068888888888885,50.21333333333333,1,0.047593865679534636,0.09518773135906927,0.047593865679534636,0.0028556319407720783,0.0014278159703860391,1.94,0.1427815970386039,0.004283447911158117,0.1427815970386039
P00058,Rodri Laporte,Spanish,Defender,Spain,27,12330574,Legia Warsaw,45,1993,0,3,0.13,0.2,9,7,69,63,120,0,0.8260000000000001,0,0,4.264444444444445,82.07111111111111,35.5,218.1,32.43555555555555,68.91555555555556,56.31555555555555,65.07111111111111,32.82,76.37555555555556,2,0.04515805318615153,0.0,0.1354741595584546,0.0058705469141996985,0.009031610637230306,-0.13,0.1354741595584546,0.014902157551430005,0.1354741595584546
P00059,Alvaro Oyarzabal,Spanish,Defender,Spain,23,13325174,Juventus,45,1484,0,1,0.0,0.48000000000000004,10,11,36,43,79,1,0.8271111111111111,0,0,3.7,83.45777777777778,37.0,157.3,28.184444444444445,69.74000000000001,55.02888888888889,65.56888888888889,37.126666666666665,74.02888888888889,0,0.06064690026954178,0.0,0.06064690026954178,0.0,0.029110512129380057,0.0,0.06064690026954178,0.029110512129380057,0.06064690026954178
P00060,Ferran Pau,Spanish,Defender,Spain,35,2223129,Sporting CP,45,1759,0,0,0.08,0.13,16,10,56,42,76,2,0.8224444444444444,0,0,3.6799999999999997,79.4888888888889,35.8,179.0,31.04,42.86666666666667,50.55555555555556,41.00222222222222,21.106666666666666,44.56,0,0.051165434906196704,0.0,0.0,0.004093234792495736,0.0066515065378055715,-0.08,0.0,0.010744741330301307,0.0
P00061,Ansu Alba,Spanish,Defender,Spain,28,22482687,Dinamo Zagreb,45,2013,1,2,0.06999999999999999,0.27,7,17,63,62,142,0,0.8353333333333334,0,0,4.717777777777778,84.57111111111111,36.6,209.9,31.2,89.18444444444445,56.95777777777778,80.38888888888889,43.48,92.38666666666666,1,0.044709388971684055,0.044709388971684055,0.08941877794336811,0.0031296572280178838,0.012071535022354696,0.93,0.13412816691505217,0.015201192250372579,0.13412816691505217
P00062,Marco Carvajal,Spanish,Defender,Spain,33,50389187,Grasshoppers,45,1567,1,0,0.06,0.21999999999999997,7,14,54,21,109,0,0.8186666666666668,0,0,4.388888888888889,81.96666666666667,35.4,162.9,30.78666666666667,89.64444444444445,55.851111111111116,84.0111111111111,46.96666666666667,92.92444444444445,0,0.0574345883854499,0.0574345883854499,0.0,0.0034460753031269943,0.012635609444798978,0.94,0.0574345883854499,0.016081684747925973,0.0574345883854499
P00063,Dani Garcia,Spanish,Defender,Spain,28,2850234,Porto,45,1586,1,0,0.03,0.11,7,9,67,32,70,1,0.8313333333333333,0,0,3.5733333333333337,81.77111111111111,36.2,175.5,29.38666666666667,48.74,55.24444444444445,44.855555555555554,23.30888888888889,53.08444444444445,1,0.05674653215636822,0.05674653215636822,0.0,0.0017023959646910464,0.006242118537200504,0.97,0.05674653215636822,0.00794451450189155,0.05674653215636822
P00064,Aymeric Yamal,Spanish,Defender,Spain,27,4476815,Feyenoord,45,1358,0,1,0.13,0.08,7,5,54,40,52,0,0.8255555555555555,0,0,3.017777777777778,79.64444444444445,35.8,137.8,28.064444444444447,50.37555555555556,55.70888888888889,45.553333333333335,22.88,52.473333333333336,0,0.0662739322533137,0.0,0.0662739322533137,0.008615611192930781,0.005301914580265096,-0.13,0.0662739322533137,0.013917525773195877,0.0662739322533137
P00065,Pedro Riquelme,Spanish,Midfielder,Spain,24,6535074,Young Boys,45,1241,4,1,0.37,0.49,11,22,20,15,47,1,0.8355555555555556,0,0,3.311111111111111,81.96444444444445,35.5,155.6,44.06,46.251111111111115,53.13333333333333,45.64666666666666,41.971111111111114,37.95111111111111,0,0.072522159548751,0.290088638195004,0.072522159548751,0.026833199033037873,0.03553585817888799,3.63,0.36261079774375504,0.062369057211925864,0.36261079774375504
P00066,Gavi Ramos,Spanish,Midfielder,Spain,18,125015698,AIK,45,1838,1,7,0.95,3.63,38,80,41,32,126,24,0.8493333333333333,0,0,4.431111111111111,84.75777777777778,34.5,211.7,92.39555555555556,96.61999999999999,61.095555555555556,94.81333333333335,90.0911111111111,79.11777777777777,0,0.04896626768226333,0.04896626768226333,0.34276387377584333,0.046517954298150165,0.17774755168661588,0.050000000000000044,0.39173014145810664,0.22426550598476605,0.39173014145810664
P00067,Rodri Alonso,Spanish,Midfielder,Spain,25,9912074,RB Salzburg,45,1963,3,1,0.37,1.72,17,24,40,46,45,7,0.8520000000000001,0,0,4.002222222222222,79.24222222222222,37.0,230.5,44.37555555555556,46.404444444444444,53.19777777777778,46.851111111111116,42.19777777777778,39.33777777777778,1,0.04584819154355578,0.13754457463066733,0.04584819154355578,0.016963830871115637,0.07885888945491594,2.63,0.18339276617422312,0.09582272032603158,0.18339276617422312
P00068,Alvaro Llorente,Spanish,Midfielder,Spain,19,37350285,Partizan,45,1450,2,6,0.22999999999999998,2.36,13,48,24,31,90,13,0.8497777777777779,0,0,3.704444444444444,83.04,36.2,179.8,82.93777777777777,87.54444444444445,55.73777777777777,85.04888888888888,80.7,69.63777777777777,1,0.06206896551724138,0.12413793103448276,0.37241379310344824,0.014275862068965516,0.14648275862068966,1.77,0.496551724137931,0.16075862068965519,0.496551724137931
P00069,Ferran Cubarsi,Spanish,Midfielder,Spain,24,16807939,Manchester City,45,1680,2,2,1.29,1.46,27,38,40,32,59,13,0.8411111111111111,0,0,3.882222222222222,80.79333333333332,35.1,210.1,62.586666666666666,72.20222222222222,54.98444444444445,64.59333333333333,58.00222222222222,56.842222222222226,2,0.05357142857142857,0.10714285714285714,0.10714285714285714,0.06910714285714285,0.07821428571428571,0.71,0.21428571428571427,0.14732142857142855,0.21428571428571427
P00070,Ansu Le Normand,Spanish,Midfielder,Spain,19,4918927,Chelsea,45,1480,3,4,0.72,1.56,16,22,34,24,34,5,0.8426666666666667,0,0,3.348888888888889,78.35333333333334,37.0,182.3,37.00222222222222,41.12222222222222,54.413333333333334,39.3,38.09777777777778,32.528888888888886,0,0.060810810810810814,0.18243243243243246,0.24324324324324326,0.04378378378378379,0.09486486486486487,2.2800000000000002,0.4256756756756757,0.13864864864864865,0.4256756756756757
P00071,Marco Mikel,Spanish,Midfielder,Spain,18,41434814,Liverpool,45,1868,2,4,0.62,1.5,21,42,36,26,88,17,0.8462222222222222,0,0,3.8844444444444446,81.69555555555556,35.1,228.7,69.21333333333334,69.47777777777777,55.98888888888889,66.01555555555557,60.61333333333333,58.44888888888889,1,0.048179871520342615,0.09635974304068523,0.19271948608137046,0.02987152034261242,0.07226980728051392,1.38,0.2890792291220557,0.10214132762312635,0.2890792291220557
P00072,Dani Gavi,Spanish,Midfielder,Spain,21,34588916,Dinamo Zagreb,45,1693,4,9,0.56,2.79,23,60,29,28,107,19,0.8555555555555555,0,0,3.9844444444444447,82.17333333333333,35.2,206.3,82.14444444444445,86.89777777777778,56.29333333333333,83.33777777777777,77.27333333333334,71.93111111111111,1,0.05316007088009451,0.21264028352037803,0.47844063792085056,0.02976963969285293,0.14831659775546369,3.44,0.6910809214412286,0.17808623744831661,0.6910809214412286
P00073,Pedro Cubarsi,Spanish,Forward,Spain,20,11805512,PSV Eindhoven,45,1701,4,4,0.68,1.11,28,14,21,11,26,10,0.7804444444444444,0,0,3.5733333333333337,81.26444444444445,37.0,182.8,38.464444444444446,42.99777777777778,53.559999999999995,37.9,44.62888888888889,25.026666666666667,1,0.05291005291005291,0.21164021164021163,0.21164021164021163,0.03597883597883598,0.05873015873015873,3.32,0.42328042328042326,0.09470899470899471,0.42328042328042326
P00074,Gavi Le Normand,Spanish,Forward,Spain,25,27469713,Galatasaray,45,1713,4,4,5.88,1.06,61,25,18,7,55,27,0.7742222222222221,0,0,4.171111111111111,83.84,37.0,180.2,81.82222222222222,91.22222222222223,55.464444444444446,88.39111111111112,89.47111111111111,23.693333333333335,2,0.05253940455341506,0.21015761821366025,0.21015761821366025,0.30893169877408055,0.05569176882661997,-1.88,0.4203152364273205,0.3646234676007005,0.4203152364273205
P00075,Rodri Mikel,Spanish,Forward,Spain,25,48284094,Inter Milan,45,1528,6,6,1.53,0.8,45,29,14,5,39,17,0.7708888888888888,0,0,3.3866666666666667,82.2,37.0,178.0,63.38444444444445,70.55555555555556,55.56666666666667,64.65555555555555,69.76222222222222,23.757777777777775,1,0.058900523560209424,0.35340314136125656,0.35340314136125656,0.09011780104712042,0.04712041884816754,4.47,0.7068062827225131,0.13723821989528795,0.7068062827225131
P00076,Alvaro Gavi,Spanish,Forward,Spain,28,13496935,PSV Eindhoven,45,1488,8,5,2.4,1.02,41,25,10,2,28,26,0.7873333333333333,0,0,3.4466666666666663,79.78666666666666,36.8,160.4,68.67555555555556,73.16444444444444,57.65111111111111,65.1288888888889,70.04444444444445,26.664444444444445,2,0.06048387096774194,0.4838709677419355,0.3024193548387097,0.14516129032258066,0.06169354838709678,5.6,0.7862903225806452,0.20685483870967744,0.7862903225806452
P00077,Ferran Morata,Spanish,Forward,Spain,26,19184237,Borussia Dortmund,45,1874,7,3,2.27,0.71,56,35,11,18,35,22,0.7644444444444444,0,0,4.206666666666667,83.95333333333333,37.0,207.9,65.15333333333334,71.73777777777778,56.54888888888888,64.56444444444445,75.34222222222222,22.90222222222222,1,0.048025613660619,0.336179295624333,0.144076840981857,0.10901814300960513,0.03409818569903949,4.73,0.48025613660619004,0.14311632870864463,0.48025613660619004
P00078,Ansu Fati,Spanish,Forward,Spain,27,2617484,Red Star Belgrade,45,2098,5,6,2.46,1.57,41,28,15,11,36,5,0.7902222222222223,0,0,4.2,81.80444444444444,35.2,228.29999999999998,48.45777777777778,48.715555555555554,54.371111111111105,45.56444444444445,49.54888888888888,23.893333333333334,1,0.042897998093422304,0.21448999046711154,0.2573879885605338,0.10552907530981886,0.06734985700667302,2.54,0.47187797902764533,0.17287893231649187,0.47187797902764533
P00079,Harry Bellingham,English,Goalkeeper,England,33,16141143,Chelsea,44,1626,0,0,0.0,0.0,0,6,0,7,44,0,0.7240909090909091,77,2,3.2818181818181817,81.23863636363636,32.0,158.9,29.788636363636364,87.69090909090909,59.00909090909091,87.07045454545454,10.606818181818182,95.94545454545455,0,0.055350553505535055,0.0,0.0,0.0,0.0,0.0,0.0,0.0,0.0
P00080,Jude Saka,English,Goalkeeper,England,33,2995060,Copenhagen,44,1268,0,0,0.0,0.0,0,6,0,3,31,2,0.7122727272727273,47,6,2.1772727272727272,78.45,34.7,114.5,29.986363636363638,46.86590909090909,55.36818181818182,48.11363636363637,9.695454545454545,56.60454545454545,0,0.07097791798107256,0.0,0.0,0.0,0.0,0.0,0.0,0.0,0.0
P00081,Phil Rashford,English,Goalkeeper,England,34,1700087,Copenhagen,44,472,0,2,0.0,0.0,0,3,0,3,6,0,0.7218181818181818,15,2,0.8386363636363636,77.51363636363637,31.6,47.9,31.977272727272727,49.425,53.83636363636364,48.60454545454545,11.277272727272727,55.85681818181818,0,0.1906779661016949,0.0,0.3813559322033898,0.0,0.0,0.0,0.3813559322033898,0.0,0.3813559322033898
P00082,Harry Rice,English,Defender,England,18,6394802,Osijek,44,1766,1,1,0.02,0.2,9,12,73,56,102,0,0.8288636363636364,0,0,3.6159090909090907,82.79545454545455,37.0,188.3,29.21590909090909,71.4659090909091,56.95227272727273,67.8,35.87954545454546,75.4090909090909,0,0.05096262740656852,0.05096262740656852,0.05096262740656852,0.0010192525481313704,0.010192525481313705,0.98,0.10192525481313704,0.011211778029445075,0.10192525481313704
P00083,Jude Grealish,English,Defender,England,23,42246372,FC Basel,44,1309,1,0,0.03,0.45,5,10,39,35,99,1,0.8188636363636363,0,0,3.5090909090909093,82.94772727272726,37.0,144.5,31.025000000000002,90.92727272727274,61.33863636363637,85.24772727272727,44.75909090909091,92.48863636363636,0,0.06875477463712758,0.06875477463712758,0.0,0.002062643239113827,0.030939648586707412,0.97,0.06875477463712758,0.03300229182582124,0.06875477463712758
P00084,Phil Walker,English,Defender,England,30,2890294,Barcelona,44,1582,0,1,0.05,0.060000000000000005,10,2,66,51,54,0,0.8175,0,0,3.475,81.99318181818181,36.2,160.4,29.3,40.824999999999996,52.47954545454545,41.15,21.347727272727273,45.824999999999996,2,0.056890012642225034,0.0,0.056890012642225034,0.002844500632111252,0.003413400758533502,-0.05,0.056890012642225034,0.006257901390644754,0.056890012642225034
P00085,Bukayo Alexander-Arnold,English,Defender,England,20,5320640,Napoli,44,1763,1,3,0.13,0.07,11,8,70,54,63,1,0.798409090909091,0,0,3.661363636363636,84.62954545454545,36.1,192.0,30.161363636363635,48.14545454545455,53.76136363636363,46.08863636363637,24.747727272727275,53.04772727272727,0,0.05104934770277935,0.05104934770277935,0.15314804310833804,0.006636415201361316,0.003573454339194555,0.87,0.2041973908111174,0.01020986954055587,0.2041973908111174
P00086,Declan Trippier,English,Defender,England,27,43960854,Liverpool,44,2125,1,3,0.1,0.35,19,17,69,71,151,1,0.8272727272727273,0,0,5.538636363636363,87.02045454545454,37.0,231.6,33.99318181818182,87.16363636363636,61.627272727272725,80.5909090909091,44.93636363636364,93.43863636363636,1,0.042352941176470586,0.042352941176470586,0.12705882352941175,0.0042352941176470585,0.014823529411764704,0.9,0.16941176470588235,0.019058823529411763,0.16941176470588235
P00087,Marcus Mount,English,Defender,England,30,1029642,Manchester City,44,1731,0,1,0.14,0.09999999999999999,8,5,64,55,60,0,0.7956818181818182,0,0,4.2749999999999995,83.03636363636363,37.0,180.8,32.252272727272725,41.175000000000004,50.38409090909091,39.80227272727273,20.706818181818182,45.14772727272727,0,0.05199306759098787,0.0,0.05199306759098787,0.007279029462738302,0.005199306759098786,-0.14,0.05199306759098787,0.012478336221837088,0.05199306759098787
P00088,Jack Toney,English,Defender,England,31,1705330,Liverpool,44,1772,1,1,0.13,0.07,12,4,63,46,71,0,0.816590909090909,0,0,3.9545454545454546,81.47727272727273,37.0,178.5,31.24318181818182,42.63636363636363,53.75,40.84090909090909,22.188636363636363,45.04545454545455,0,0.050790067720090294,0.050790067720090294,0.050790067720090294,0.0066027088036117385,0.003555304740406321,0.87,0.10158013544018059,0.01015801354401806,0.10158013544018059
P00089,John Palmer,English,Defender,England,32,25467909,Liverpool,44,1648,3,1,0.11,0.06,9,11,49,52,86,2,0.8202272727272728,0,0,3.340909090909091,82.47272727272728,35.5,167.5,28.675,68.11363636363636,59.46136363636364,69.27499999999999,35.268181818181816,74.28863636363636,1,0.05461165048543689,0.16383495145631066,0.05461165048543689,0.006007281553398058,0.0032766990291262133,2.89,0.21844660194174756,0.00928398058252427,0.21844660194174756
P00090,Kyle Gallagher,English,Defender,England,28,3175537,Manchester United,44,1672,0,0,0.16,0.01,7,8,56,59,47,0,0.8177272727272726,0,0,3.5704545454545453,82.39545454545454,37.0,174.7,30.468181818181815,42.945454545454545,51.095454545454544,41.76590909090909,22.029545454545453,44.14090909090909,0,0.05382775119617225,0.0,0.0,0.008612440191387561,0.0005382775119617226,-0.16,0.0,0.009150717703349284,0.0
P00091,Harry Phillips,English,Midfielder,England,24,2621838,Anderlecht,44,1019,0,2,0.22,1.83,10,18,27,19,36,1,0.8470454545454547,0,0,2.743181818181818,80.82272727272726,35.4,126.8,47.5,49.32954545454545,52.902272727272724,45.34318181818182,41.91590909090909,40.67045454545455,1,0.08832188420019627,0.0,0.17664376840039253,0.019430814524043178,0.16162904808635917,-0.22,0.17664376840039253,0.18105986261040236,0.17664376840039253
P00092,Jude Maddison,English,Midfielder,England,30,3020416,Partizan,44,1067,1,1,0.19,0.52,8,18,31,15,20,3,0.854090909090909,0,0,2.8227272727272728,83.78181818181818,36.2,134.2,36.154545454545456,41.69772727272727,52.64318181818182,40.51590909090909,36.74090909090909,33.96818181818182,1,0.08434864104967198,0.08434864104967198,0.08434864104967198,0.016026241799437676,0.04386129334582943,0.81,0.16869728209934395,0.05988753514526711,0.16869728209934395
P00093,Phil Eze,English,Midfielder,England,33,6694892,Rapid Vienna,44,1669,2,8,0.59,0.89,28,39,36,23,58,2,0.8522727272727273,0,0,3.409090909090909,80.7090909090909,36.6,189.4,65.92727272727274,70.15227272727272,55.625,66.47272727272728,62.08863636363637,53.75454545454545,2,0.05392450569203116,0.10784901138406232,0.4313960455362493,0.03181545835829838,0.047992810065907734,1.4100000000000001,0.5392450569203115,0.07980826842420612,0.5392450569203115
P00094,Bukayo Ramsdale,English,Midfielder,England,18,9656375,Tottenham,44,2069,2,4,0.74,1.85,29,41,41,44,103,12,0.8429545454545454,0,0,4.7318181818181815,83.575,36.4,246.8,63.35227272727273,68.15227272727272,56.80227272727273,64.32954545454545,59.16136363636363,54.22727272727273,1,0.04349927501208313,0.08699855002416626,0.17399710004833252,0.032189463508941515,0.0804736587723538,1.26,0.2609956500724988,0.11266312228129531,0.2609956500724988
P00095,Declan Watkins,English,Midfielder,England,32,8284492,Grasshoppers,44,1662,5,2,0.35000000000000003,0.77,17,28,26,31,40,8,0.8459090909090908,0,0,3.6181818181818177,79.89999999999999,37.0,190.9,39.57272727272727,41.94772727272727,50.21363636363637,40.75454545454546,38.49545454545454,31.518181818181816,1,0.05415162454873646,0.27075812274368233,0.10830324909747292,0.018953068592057764,0.04169675090252708,4.65,0.37906137184115524,0.06064981949458484,0.37906137184115524
P00096,Marcus Chilwell,English,Midfielder,England,32,121097496,FC Basel,44,1791,5,5,0.71,2.7600000000000002,41,52,53,34,117,24,0.8311363636363637,0,0,5.263636363636364,85.425,35.6,209.8,90.425,95.81136363636364,60.88863636363636,95.01363636363637,88.91363636363636,79.89772727272727,1,0.05025125628140704,0.2512562814070352,0.2512562814070352,0.035678391959798994,0.13869346733668345,4.29,0.5025125628140704,0.17437185929648244,0.5025125628140704
P00097,Jack White,English,Midfielder,England,35,16431011,Paris Saint-Germain,44,1800,1,8,0.5,1.98,25,44,39,36,80,13,0.8359090909090909,0,0,4.284090909090909,84.08636363636364,36.3,205.6,61.59318181818182,71.80909090909091,57.64545454545455,69.89090909090909,58.41363636363636,53.68636363636363,1,0.05,0.05,0.4,0.025,0.099,0.5,0.45,0.124,0.45
P00098,John Bellingham,English,Midfielder,England,29,12779416,Marseille,44,1821,0,4,0.35,1.34,13,24,44,45,52,7,0.8436363636363636,0,0,3.6431818181818185,79.31363636363636,36.6,214.7,46.300000000000004,48.58636363636364,52.425,47.30227272727273,41.88409090909091,37.247727272727275,0,0.04942339373970346,0.0,0.19769357495881384,0.01729818780889621,0.06622734761120264,-0.35,0.19769357495881384,0.08352553542009884,0.19769357495881384
P00099,Harry Watkins,English,Forward,England,25,3386537,Malmo FF,44,2050,5,1,1.7,0.49,38,22,16,9,25,13,0.7925,0,0,4.572727272727272,81.78636363636363,36.0,217.7,41.17272727272727,42.4,47.28636363636363,41.11590909090909,44.51136363636363,24.718181818181815,1,0.04390243902439024,0.2195121951219512,0.04390243902439024,0.07463414634146341,0.021512195121951218,3.3,0.2634146341463414,0.09614634146341464,0.2634146341463414
P00100,Jude Chilwell,English,Forward,England,26,51186750,Arsenal,44,1602,8,2,4.16,1.46,57,34,19,10,38,28,0.7722727272727272,0,0,3.6386363636363637,84.18636363636364,36.6,170.9,82.39772727272727,89.14999999999999,57.73409090909092,84.77499999999999,92.68409090909091,24.427272727272726,1,0.056179775280898875,0.449438202247191,0.11235955056179775,0.23370786516853934,0.08202247191011236,3.84,0.5617977528089888,0.3157303370786517,0.5617977528089888
P00101,Phil White,English,Forward,England,23,39029914,Feyenoord,44,1363,8,1,5.72,2.9800000000000004,34,32,17,5,29,28,0.7581818181818182,0,0,3.938636363636364,86.87045454545455,36.3,149.5,82.73636363636363,88.45454545454545,59.78409090909091,87.93409090909091,93.96136363636364,25.879545454545454,1,0.06603081438004402,0.5282465150403521,0.06603081438004402,0.3776962582538518,0.1967718268525312,2.2800000000000002,0.5942773294203961,0.574468085106383,0.5942773294203961
P00102,Bukayo Bellingham,English,Forward,England,26,15039578,Bayer Leverkusen,44,1669,6,3,0.8,0.41000000000000003,30,17,13,10,29,14,0.7702272727272728,0,0,3.6113636363636363,81.2090909090909,35.8,175.0,40.550000000000004,42.586363636363636,49.71136363636364,41.22272727272727,42.50454545454546,23.995454545454546,0,0.05392450569203116,0.32354703415218694,0.16177351707609347,0.04313960455362493,0.022109047333732777,5.2,0.48532055122828044,0.0652486518873577,0.48532055122828044
P00103,Declan Saka,English,Forward,England,27,11207709,Partizan,44,1441,10,1,1.52,0.97,41,21,8,5,26,22,0.7704545454545454,0,0,3.35,82.95681818181818,36.0,158.6,66.45227272727273,67.17954545454546,60.35454545454545,66.1590909090909,71.05227272727274,26.67954545454546,2,0.062456627342123525,0.6245662734212353,0.062456627342123525,0.09493407356002775,0.06058292852185982,8.48,0.6870229007633588,0.15551700208188757,0.6870229007633588
P00104,Marcus Rashford,English,Forward,England,31,15799908,Club Brugge,44,1749,5,3,2.5700000000000003,0.48,47,24,20,3,50,27,0.7852272727272727,0,0,4.240909090909091,80.45681818181818,36.5,196.3,64.18636363636364,71.8,58.14545454545455,65.51136363636364,72.38863636363637,24.038636363636364,2,0.051457975986277875,0.25728987993138935,0.15437392795883362,0.13224699828473416,0.024699828473413378,2.4299999999999997,0.41166380789022294,0.15694682675814753,0.41166380789022294
P00105,Gianluigi Chiesa,Italian,Goalkeeper,Italy,33,2092367,Borussia Dortmund,53,1064,0,0,0.0,0.0,0,4,0,9,17,0,0.7277358490566038,44,1,1.6018867924528304,77.54528301886792,31.5,106.1,29.19245283018868,50.2188679245283,55.401886792452835,44.37924528301887,8.922641509433962,54.89622641509434,0,0.08458646616541353,0.0,0.0,0.0,0.0,0.0,0.0,0.0,0.0
P00106,Federico Tonali,Italian,Goalkeeper,Italy,38,3518278,Borussia Dortmund,53,923,0,0,0.0,0.0,0,9,0,6,21,0,0.7083018867924528,36,3,1.3471698113207549,76.99245283018868,31.1,83.7,29.58301886792453,43.50377358490566,54.341509433962266,38.97735849056604,9.664150943396228,47.300000000000004,0,0.09750812567713976,0.0,0.0,0.0,0.0,0.0,0.0,0.0,0.0
P00107,Nicolo Immobile,Italian,Goalkeeper,Italy,29,2791089,Dinamo Zagreb,53,1992,0,1,0.0,0.0,0,6,0,9,34,1,0.7011320754716981,87,2,2.939622641509434,81.02264150943395,33.1,189.6,29.975471698113207,49.28867924528302,54.94150943396227,44.54716981132076,9.98490566037736,56.37547169811321,0,0.045180722891566265,0.0,0.045180722891566265,0.0,0.0,0.0,0.045180722891566265,0.0,0.045180722891566265
P00108,Gianluigi Verratti,Italian,Defender,Italy,31,5678945,Barcelona,53,1792,0,1,0.16999999999999998,0.05,12,10,46,67,73,0,0.8243396226415094,0,0,3.2226415094339624,80.47735849056605,36.3,196.4,26.7188679245283,48.43396226415094,54.22641509433962,44.26603773584905,24.867924528301888,54.55283018867925,0,0.05022321428571429,0.0,0.05022321428571429,0.008537946428571428,0.0025111607142857145,-0.16999999999999998,0.05022321428571429,0.011049107142857142,0.05022321428571429
P00109,Federico Pellegrini,Italian,Defender,Italy,24,13518441,RB Salzburg,53,2099,0,4,0.05,0.38,11,13,74,40,132,0,0.8139622641509434,0,0,3.9301886792452834,82.80943396226414,36.3,225.8,29.850943396226413,70.10000000000001,57.630188679245286,65.33018867924528,34.98490566037736,74.73018867924527,3,0.04287756074321105,0.0,0.1715102429728442,0.0021438780371605525,0.0162934730824202,-0.05,0.1715102429728442,0.018437351119580753,0.1715102429728442
P00110,Nicolo Bastoni,Italian,Defender,Italy,29,4258075,Young Boys,53,2284,0,2,0.05,0.5,17,8,84,75,88,0,0.8267924528301887,0,0,3.983018867924528,81.8811320754717,34.7,245.5,30.528301886792452,49.220754716981126,53.03962264150943,46.01698113207547,23.984905660377358,52.41509433962264,0,0.03940455341506129,0.0,0.07880910683012259,0.001970227670753065,0.019702276707530646,-0.05,0.07880910683012259,0.021672504378283712,0.07880910683012259
P00111,Sandro Scamacca,Italian,Defender,Italy,26,2779126,RB Leipzig,53,2272,2,1,0.13,0.06,12,14,61,65,91,0,0.8249056603773585,0,0,3.816981132075472,83.17547169811321,36.3,239.0,29.335849056603774,48.4377358490566,52.82830188679245,45.77735849056604,24.16792452830189,52.53962264150943,0,0.03961267605633803,0.07922535211267606,0.03961267605633803,0.005149647887323945,0.0023767605633802816,1.87,0.11883802816901409,0.007526408450704226,0.11883802816901409
P00112,Marco Locatelli,Italian,Defender,Italy,24,42849612,Young Boys,53,1856,0,1,0.04,0.27999999999999997,15,20,57,54,135,0,0.8171698113207547,0,0,3.9415094339622643,82.68679245283018,36.5,193.8,29.128301886792453,88.10754716981131,57.133962264150945,87.27547169811321,44.130188679245286,93.84150943396227,1,0.04849137931034483,0.0,0.04849137931034483,0.001939655172413793,0.013577586206896551,-0.04,0.04849137931034483,0.015517241379310345,0.04849137931034483
P00113,Ciro Spinazzola,Italian,Defender,Italy,31,1767995,AC Milan,53,2177,0,1,0.17,0.08,11,11,73,50,57,1,0.8243396226415094,0,0,3.9981132075471697,82.55471698113207,36.8,229.9,29.46981132075472,42.215094339622645,53.513207547169806,38.66603773584906,19.798113207547168,44.93207547169811,0,0.04134129536058796,0.0,0.04134129536058796,0.007028020211299954,0.003307303628847037,-0.17,0.04134129536058796,0.01033532384014699,0.04134129536058796
P00114,Lorenzo Frascati,Italian,Defender,Italy,20,39892640,Feyenoord,53,2109,0,3,0.15000000000000002,0.48000000000000004,7,33,64,53,189,0,0.8245283018867925,0,0,4.718867924528301,86.87358490566038,36.8,225.3,31.58867924528302,96.99622641509434,54.74716981132075,94.26792452830189,53.284905660377355,98.61698113207547,0,0.04267425320056899,0.0,0.12802275960170695,0.006401137980085349,0.020483641536273117,-0.15000000000000002,0.12802275960170695,0.026884779516358467,0.12802275960170695
P00115,Stephan Guglielmo,Italian,Defender,Italy,25,112187356,Brondby,53,1941,0,1,0.04,0.11,12,20,56,66,155,1,0.8243396226415094,0,0,4.681132075471698,84.84905660377359,37.0,210.20000000000002,28.833962264150944,96.51132075471699,60.137735849056604,95.59622641509435,56.237735849056605,98.94528301886793,1,0.04636785162287481,0.0,0.04636785162287481,0.0018547140649149924,0.005100463678516229,-0.04,0.04636785162287481,0.006955177743431221,0.04636785162287481
P00116,Alessandro Udogie,Italian,Defender,Italy,24,5208350,Young Boys,53,2263,0,1,0.04,0.27,10,6,87,46,68,1,0.8371698113207546,0,0,3.7849056603773583,81.67547169811321,36.7,231.20000000000002,31.42452830188679,40.847169811320754,53.84905660377358,39.24528301886792,22.098113207547172,46.098113207547165,0,0.039770216526734424,0.0,0.039770216526734424,0.001590808661069377,0.010737958462218295,-0.04,0.039770216526734424,0.012328767123287673,0.039770216526734424
P00117,Gianluigi Di Lorenzo,Italian,Midfielder,Italy,34,12170058,Paris Saint-Germain,53,1904,4,4,0.65,2.06,27,34,44,41,92,16,0.8545283018867924,0,0,3.2622641509433965,81.98490566037735,37.0,233.4,65.04528301886792,69.59245283018868,53.33584905660378,65.56792452830189,57.866037735849055,55.97735849056604,2,0.04726890756302521,0.18907563025210083,0.18907563025210083,0.03072478991596639,0.09737394957983193,3.35,0.37815126050420167,0.1280987394957983,0.37815126050420167
P00118,Federico Berardi,Italian,Midfielder,Italy,27,52387376,Lech Poznan,53,1982,2,4,1.09,1.08,43,50,41,39,106,11,0.860754716981132,0,0,4.367924528301887,83.07735849056604,36.4,222.6,80.73962264150943,89.57358490566037,60.22830188679245,81.61698113207547,75.11320754716981,68.17735849056604,2,0.045408678102926335,0.09081735620585267,0.18163471241170534,0.04949545913218971,0.04904137235116045,0.9099999999999999,0.272452068617558,0.09853683148335016,0.272452068617558
P00119,Nicolo Vicario,Italian,Midfielder,Italy,27,6332763,Lech Poznan,53,1678,1,5,0.65,1.82,13,24,45,27,56,4,0.8558490566037735,0,0,3.0,80.82830188679245,35.9,201.8,44.14905660377359,48.652830188679246,54.886792452830186,45.969811320754715,43.39433962264151,38.67358490566038,1,0.05363528009535161,0.05363528009535161,0.26817640047675806,0.03486293206197855,0.09761620977353994,0.35,0.3218116805721097,0.13247914183551848,0.3218116805721097
P00120,Sandro Bellanova,Italian,Midfielder,Italy,22,61013834,Borussia Dortmund,53,2043,9,7,0.61,1.4300000000000002,30,61,38,36,104,14,0.8509433962264151,0,0,4.037735849056604,84.14905660377357,36.5,245.8,82.51509433962265,88.09245283018868,55.990566037735846,82.36037735849057,75.69245283018867,69.90566037735849,1,0.04405286343612335,0.39647577092511016,0.30837004405286345,0.026872246696035242,0.0629955947136564,8.39,0.7048458149779736,0.08986784140969165,0.7048458149779736
P00121,Marco Calafiori,Italian,Midfielder,Italy,24,10349123,Malmo FF,53,1655,0,0,0.29,1.2,15,16,32,24,45,4,0.8492452830188679,0,0,3.158490566037736,81.59622641509435,37.0,193.4,44.91132075471698,48.762264150943395,53.390566037735844,46.24528301886792,42.683018867924524,38.698113207547166,0,0.054380664652567974,0.0,0.0,0.015770392749244713,0.06525679758308156,-0.29,0.0,0.08102719033232628,0.0
P00122,Ciro Colpani,Italian,Midfielder,Italy,26,37583779,Rapid Vienna,53,1821,4,5,0.09999999999999999,3.58,45,55,50,24,105,12,0.8535849056603774,0,0,4.205660377358491,83.36981132075472,37.0,222.0,88.27169811320753,89.14716981132077,55.25283018867925,81.39811320754718,76.61698113207547,69.96037735849056,2,0.04942339373970346,0.19769357495881384,0.2471169686985173,0.004942339373970346,0.1769357495881384,3.9,0.44481054365733114,0.18187808896210875,0.44481054365733114
P00123,Lorenzo Retegui,Italian,Midfielder,Italy,34,5468237,Midtjylland,53,2493,3,3,0.41000000000000003,1.42,19,35,43,45,71,11,0.8366037735849056,0,0,4.411320754716981,83.22830188679247,37.0,302.4,44.679245283018865,48.99622641509434,53.39433962264151,45.305660377358485,43.096226415094335,38.24528301886792,0,0.036101083032490974,0.10830324909747292,0.10830324909747292,0.0148014440433213,0.051263537906137184,2.59,0.21660649819494585,0.06606498194945848,0.21660649819494585
P00124,Stephan Chiesa,Italian,Midfielder,Italy,27,8878530,Bayer Leverkusen,53,2217,1,6,1.04,2.24,25,51,56,42,90,12,0.8613207547169811,0,0,4.186792452830189,83.72830188679247,37.0,260.8,63.652830188679246,70.6622641509434,55.66792452830189,66.8188679245283,61.14150943396226,54.26037735849057,1,0.04059539918809202,0.04059539918809202,0.2435723951285521,0.0422192151556157,0.09093369418132613,-0.040000000000000036,0.28416779431664413,0.13315290933694182,0.28416779431664413
P00125,Gianluigi Calafiori,Italian,Forward,Italy,25,123748005,Atletico Madrid,53,1928,13,8,2.53,2.54,79,32,22,11,58,35,0.7786792452830189,0,0,3.9132075471698116,84.4943396226415,35.9,216.3,80.80188679245283,86.77735849056603,57.196226415094344,84.80188679245283,87.4566037735849,25.90754716981132,2,0.046680497925311204,0.6068464730290457,0.37344398340248963,0.11810165975103734,0.11856846473029047,10.47,0.9802904564315353,0.2366701244813278,0.9802904564315353
P00126,Federico Colpani,Italian,Forward,Italy,29,132284994,Juventus,53,2037,12,8,4.82,1.8,69,43,13,9,73,30,0.78,0,0,4.041509433962264,83.05471698113207,37.0,220.5,84.80943396226414,88.38867924528303,56.47735849056604,81.36603773584905,89.36415094339623,24.447169811320755,2,0.044182621502209134,0.5301914580265096,0.35346097201767307,0.21296023564064803,0.07952871870397644,7.18,0.8836524300441826,0.29248895434462446,0.8836524300441826
P00127,Nicolo Retegui,Italian,Forward,Italy,29,11905673,Anderlecht,53,2124,4,3,1.76,1.93,30,18,17,9,29,8,0.780188679245283,0,0,4.009433962264151,82.14905660377357,36.3,230.6,41.528301886792455,42.13584905660377,53.820754716981135,41.22264150943396,43.22830188679245,25.939622641509434,0,0.0423728813559322,0.1694915254237288,0.1271186440677966,0.07457627118644068,0.08177966101694914,2.24,0.2966101694915254,0.15635593220338984,0.2966101694915254
P00128,Sandro Chiesa,Italian,Forward,Italy,31,5781531,Juventus,53,1616,1,1,0.42,0.62,34,14,11,6,26,12,0.7945283018867925,0,0,3.422641509433962,79.97547169811321,36.1,176.1,38.72830188679245,41.75094339622642,55.1188679245283,38.577358490566034,42.56415094339623,24.569811320754717,1,0.055693069306930694,0.055693069306930694,0.055693069306930694,0.02339108910891089,0.03452970297029703,0.5800000000000001,0.11138613861386139,0.057920792079207924,0.11138613861386139
P00129,Marco Tonali,Italian,Forward,Italy,27,11851880,Feyenoord,53,2488,7,3,0.97,1.4,46,26,23,10,43,8,0.7890566037735849,0,0,4.715094339622642,81.81509433962263,37.0,267.6,38.87924528301887,40.97924528301887,54.450943396226414,39.18679245283019,43.79622641509434,24.39622641509434,2,0.03617363344051447,0.25321543408360125,0.1085209003215434,0.03508842443729904,0.05064308681672025,6.03,0.36173633440514463,0.08573151125401929,0.36173633440514463
P00130,Ciro Immobile,Italian,Forward,Italy,31,11478348,AIK,53,1435,1,3,1.57,1.17,28,21,7,7,22,9,0.7920754716981131,0,0,3.0679245283018868,80.6622641509434,36.9,159.2,45.556603773584904,48.24528301886792,54.08679245283019,46.9622641509434,52.366037735849055,25.077358490566034,0,0.0627177700348432,0.0627177700348432,0.18815331010452963,0.09846689895470383,0.07337979094076655,-0.5700000000000001,0.2508710801393728,0.17184668989547036,0.2508710801393728
P00131,Frenkie Gakpo,Dutch,Goalkeeper,Netherlands,29,15983743,Tottenham,54,1342,0,3,0.0,0.0,0,6,0,5,26,1,0.715,53,5,2.327777777777778,80.16296296296296,33.7,122.2,30.76111111111111,87.64629629629628,56.638888888888886,80.14444444444445,10.046296296296296,98.17962962962963,1,0.06706408345752608,0.0,0.20119225037257826,0.0,0.0,0.0,0.20119225037257826,0.0,0.20119225037257826
P00132,Cody Blind,Dutch,Goalkeeper,Netherlands,37,4711160,AIK,54,1426,0,1,0.0,0.0,0,4,0,3,33,0,0.722037037037037,66,3,2.0,78.47592592592592,31.8,134.3,30.39074074074074,42.86851851851852,53.08148148148148,40.053703703703704,9.905555555555555,48.58148148148148,0,0.06311360448807854,0.0,0.06311360448807854,0.0,0.0,0.0,0.06311360448807854,0.0,0.06311360448807854
P00133,Memphis van Dijk,Dutch,Goalkeeper,Netherlands,31,7105500,AIK,54,1355,0,0,0.0,0.0,0,6,0,7,27,3,0.7342592592592593,65,5,2.1277777777777778,79.84814814814816,31.6,131.3,27.0962962962963,70.30740740740741,57.766666666666666,67.52407407407408,9.096296296296297,80.91111111111111,0,0.06642066420664207,0.0,0.0,0.0,0.0,0.0,0.0,0.0,0.0
P00134,Frenkie de Ligt,Dutch,Defender,Netherlands,25,3079799,Atletico Madrid,54,1866,0,1,0.21,0.33,6,11,66,62,91,0,0.8214814814814815,0,0,3.3629629629629627,81.98888888888888,36.0,197.1,30.66111111111111,49.138888888888886,55.92777777777778,45.67962962962962,24.12777777777778,54.548148148148144,0,0.04823151125401929,0.0,0.04823151125401929,0.01012861736334405,0.015916398713826368,-0.21,0.04823151125401929,0.02604501607717042,0.04823151125401929
P00135,Cody Dumfries,Dutch,Defender,Netherlands,30,26893686,Fenerbahce,54,2567,2,0,0.23,0.47000000000000003,15,14,87,66,147,1,0.8433333333333333,0,0,4.687037037037037,84.59629629629629,36.6,269.6,29.44814814814815,68.91666666666667,54.13703703703704,66.91111111111111,31.50185185185185,77.55740740740741,0,0.03506038176860148,0.07012076353720297,0.0,0.00806388780677834,0.0164783794312427,1.77,0.07012076353720297,0.02454226723802104,0.07012076353720297
P00136,Memphis Simons,Dutch,Defender,Netherlands,26,89592644,RB Salzburg,54,2085,0,0,0.4,0.1,13,23,61,62,168,2,0.8022222222222223,0,0,4.348148148148148,83.1,34.8,223.6,30.02037037037037,98.05925925925925,58.12592592592593,93.32592592592593,56.67407407407408,98.46851851851852,0,0.04316546762589928,0.0,0.0,0.017266187050359715,0.004316546762589929,-0.4,0.0,0.021582733812949645,0.0
P00137,Daley Berghuis,Dutch,Defender,Netherlands,26,3632122,RB Leipzig,54,1909,0,2,0.19,0.02,11,3,63,56,61,0,0.8127777777777778,0,0,3.4018518518518515,80.77777777777777,35.9,209.9,29.49074074074074,39.97592592592592,55.68333333333334,38.714814814814815,21.75740740740741,44.657407407407405,0,0.04714510214772132,0.0,0.09429020429544265,0.008957569408067051,0.0009429020429544265,-0.19,0.09429020429544265,0.009900471451021478,0.09429020429544265
P00138,Matthijs Timber,Dutch,Defender,Netherlands,31,3113021,Benfica,54,1664,2,1,0.06,0.05,13,1,61,53,50,0,0.8224074074074074,0,0,3.264814814814815,79.07037037037037,37.0,181.7,26.81851851851852,39.97777777777778,53.74814814814815,39.961111111111116,20.68148148148148,45.39259259259259,1,0.054086538461538464,0.10817307692307693,0.054086538461538464,0.003245192307692308,0.0027043269230769234,1.94,0.1622596153846154,0.005949519230769231,0.1622596153846154
P00139,Virgil Weghorst,Dutch,Defender,Netherlands,29,28344304,Lech Poznan,54,1867,0,2,0.57,0.27,13,21,60,50,157,1,0.8064814814814815,0,0,4.312962962962963,81.56851851851852,36.4,195.9,30.022222222222222,97.85370370370372,60.17777777777778,95.00555555555556,56.6925925925926,98.2074074074074,0,0.048205677557579006,0.0,0.09641135511515801,0.02747723620782003,0.013015532940546333,-0.57,0.09641135511515801,0.040492769148366366,0.09641135511515801
P00140,Denzel Malen,Dutch,Defender,Netherlands,27,19251935,Besiktas,54,1366,0,2,0.11,0.05,8,9,43,30,68,2,0.8394444444444444,0,0,2.92037037037037,79.5,34.7,148.6,30.23333333333333,68.47037037037038,55.88333333333333,64.88888888888889,34.1,73.6148148148148,0,0.06588579795021962,0.0,0.13177159590043924,0.007247437774524158,0.003294289897510981,-0.11,0.13177159590043924,0.01054172767203514,0.13177159590043924
P00141,Teun Gravenberch,Dutch,Defender,Netherlands,18,24863794,Copenhagen,54,2164,1,2,0.08,0.18,13,27,64,51,165,2,0.8088888888888889,0,0,4.727777777777778,85.75185185185185,35.6,232.7,32.17962962962963,97.40925925925927,60.51851851851852,94.13148148148149,55.4425925925926,98.58148148148148,2,0.041589648798521256,0.041589648798521256,0.08317929759704251,0.0033271719038817007,0.007486136783733826,0.92,0.12476894639556377,0.010813308687615528,0.12476894639556377
P00142,Xavi Veerman,Dutch,Defender,Netherlands,29,3161289,Tottenham,54,2010,1,0,0.13999999999999999,0.27999999999999997,16,5,75,56,65,0,0.8125925925925926,0,0,3.5981481481481485,81.4574074074074,36.8,212.1,28.925925925925927,41.03148148148148,54.92962962962962,40.101851851851855,20.9,44.60925925925926,0,0.04477611940298507,0.04477611940298507,0.0,0.006268656716417909,0.012537313432835819,0.86,0.04477611940298507,0.01880597014925373,0.04477611940298507
P00143,Frenkie Ake,Dutch,Midfielder,Netherlands,25,81570317,Sporting CP,54,2226,3,6,1.59,4.89,39,87,54,29,154,22,0.8379629629629629,0,0,4.812962962962962,85.19814814814815,37.0,263.9,94.79814814814816,97.77962962962964,57.5462962962963,92.96851851851852,90.95925925925927,80.19259259259259,3,0.04043126684636118,0.12129380053908355,0.2425876010781671,0.06428571428571428,0.19770889487870616,1.41,0.36388140161725063,0.2619946091644204,0.36388140161725063
P00144,Cody de Jong,Dutch,Midfielder,Netherlands,25,30674910,Rapid Vienna,54,2136,2,7,0.9500000000000001,3.2600000000000002,39,44,51,34,117,8,0.8475925925925927,0,0,3.968518518518519,81.26296296296296,37.0,258.8,82.12222222222223,87.41666666666667,60.25,83.84074074074073,77.8851851851852,73.5037037037037,2,0.042134831460674156,0.08426966292134831,0.2949438202247191,0.04002808988764045,0.13735955056179777,1.0499999999999998,0.3792134831460674,0.17738764044943822,0.3792134831460674
P00145,Memphis van de Ven,Dutch,Midfielder,Netherlands,19,5825326,Grasshoppers,54,1887,4,1,1.21,1.3800000000000001,18,31,35,30,58,8,0.8488888888888889,0,0,3.3111111111111113,81.55555555555556,37.0,216.6,47.729629629629635,50.833333333333336,55.5574074074074,44.7,40.80925925925926,37.84074074074074,0,0.04769475357710652,0.1907790143084261,0.04769475357710652,0.05771065182829889,0.06581875993640701,2.79,0.2384737678855326,0.1235294117647059,0.2384737678855326
P00146,Daley Frimpong,Dutch,Midfielder,Netherlands,24,29198612,Marseille,54,2278,5,6,1.6400000000000001,1.62,48,61,58,47,119,16,0.8492592592592593,0,0,4.777777777777778,84.9462962962963,36.2,270.2,85.47962962962963,88.05185185185185,59.78703703703704,87.15370370370371,75.32222222222222,70.72222222222223,2,0.03950834064969271,0.19754170324846357,0.23705004389815626,0.06479367866549605,0.06400351185250219,3.36,0.43459174714661986,0.12879719051799826,0.43459174714661986
P00147,Matthijs Wijndal,Dutch,Midfielder,Netherlands,25,3323339,Midtjylland,54,2027,2,4,0.78,0.85,20,25,52,28,59,5,0.8579629629629629,0,0,3.3685185185185187,79.28888888888889,35.9,240.3,40.07037037037038,41.257407407407406,52.912962962962965,40.885185185185186,34.59074074074074,33.24074074074074,1,0.04440059200789344,0.08880118401578688,0.17760236803157375,0.034632461766156884,0.03774050320670942,1.22,0.26640355204736066,0.0723729649728663,0.26640355204736066
P00148,Virgil Lang,Dutch,Midfielder,Netherlands,22,1940925,Copenhagen,54,2079,6,2,0.48,1.3,24,37,53,40,74,4,0.8512962962962963,0,0,3.6685185185185185,80.06111111111112,37.0,256.8,47.84444444444444,49.22592592592592,54.337037037037035,45.33148148148148,41.43518518518518,38.44444444444444,0,0.04329004329004329,0.2597402597402597,0.08658008658008658,0.02077922077922078,0.05627705627705628,5.52,0.3463203463203463,0.07705627705627706,0.3463203463203463
P00149,Denzel Zerrouki,Dutch,Midfielder,Netherlands,31,4090830,Young Boys,54,1976,2,2,0.58,1.41,12,30,48,38,57,11,0.8457407407407408,0,0,3.1185185185185187,81.77222222222223,35.6,236.9,45.51111111111111,49.71296296296296,51.93888888888888,44.229629629629635,42.72222222222222,37.97222222222222,0,0.04554655870445344,0.09109311740890688,0.09109311740890688,0.026417004048582993,0.06422064777327935,1.42,0.18218623481781376,0.09063765182186234,0.18218623481781376
P00150,Teun Gakpo,Dutch,Midfielder,Netherlands,21,7013403,Midtjylland,54,1543,0,3,0.05,1.39,15,10,32,20,35,3,0.8450000000000001,0,0,3.7092592592592593,80.8351851851852,37.0,194.2,39.45925925925926,40.90555555555556,52.51111111111111,39.84074074074074,36.11851851851852,32.644444444444446,0,0.05832793259883344,0.0,0.1749837977965003,0.002916396629941672,0.08107582631237847,-0.05,0.1749837977965003,0.08399222294232014,0.1749837977965003
P00151,Frenkie Wijndal,Dutch,Forward,Netherlands,30,35232276,Benfica,54,1731,8,6,1.52,0.51,66,41,15,10,51,31,0.7877777777777778,0,0,3.9166666666666665,81.76851851851852,36.7,198.4,81.83888888888889,87.85740740740741,59.10925925925926,81.41111111111111,91.11666666666667,23.566666666666666,2,0.05199306759098787,0.41594454072790293,0.3119584055459272,0.07902946273830155,0.026516464471403812,6.48,0.7279029462738301,0.10554592720970536,0.7279029462738301
P00152,Cody Lang,Dutch,Forward,Netherlands,23,118478456,Dinamo Zagreb,54,2360,10,6,2.8,1.32,83,50,19,9,67,32,0.7537037037037038,0,0,4.694444444444445,85.47037037037036,36.3,251.6,83.54814814814816,89.89074074074075,57.25185185185185,84.15925925925927,90.52222222222223,24.77592592592593,2,0.038135593220338986,0.38135593220338987,0.2288135593220339,0.10677966101694915,0.05033898305084746,7.2,0.6101694915254238,0.1571186440677966,0.6101694915254238
P00153,Memphis Zerrouki,Dutch,Forward,Netherlands,25,154445945,Fenerbahce,54,2235,24,9,3.22,1.6,82,65,17,7,55,53,0.789074074074074,0,0,4.607407407407408,85.57037037037037,36.2,248.0,91.61111111111111,97.2537037037037,60.931481481481484,92.72222222222223,96.77592592592592,23.701851851851853,2,0.040268456375838924,0.9664429530201342,0.3624161073825503,0.12966442953020135,0.06442953020134227,20.78,1.3288590604026844,0.19409395973154364,1.3288590604026844
P00154,Daley Gakpo,Dutch,Forward,Netherlands,26,27908261,Besiktas,54,1840,5,5,1.65,0.3,63,26,14,11,49,18,0.7799999999999999,0,0,3.411111111111111,80.71851851851852,37.0,200.9,62.31111111111112,70.2,54.31481481481482,67.4962962962963,72.50740740740741,24.69074074074074,3,0.04891304347826087,0.24456521739130435,0.24456521739130435,0.08070652173913044,0.014673913043478261,3.35,0.4891304347826087,0.0953804347826087,0.4891304347826087
P00155,Matthijs Blind,Dutch,Forward,Netherlands,20,5709728,Roma,54,2583,9,8,1.35,0.9400000000000001,47,26,18,21,39,16,0.7899999999999999,0,0,4.17962962962963,81.91111111111111,37.0,273.5,45.87407407407407,47.54074074074074,53.670370370370364,47.05,50.620370370370374,27.083333333333332,1,0.03484320557491289,0.313588850174216,0.2787456445993031,0.047038327526132406,0.032752613240418116,7.65,0.5923344947735192,0.07979094076655052,0.5923344947735192
P00156,Virgil van Dijk,Dutch,Forward,Netherlands,29,12881745,Anderlecht,54,2268,8,6,2.49,1.04,62,46,22,12,61,30,0.7824074074074074,0,0,3.7203703703703703,81.12407407407407,35.9,244.9,65.11111111111111,69.89074074074074,57.3962962962963,68.31296296296297,73.95370370370371,23.19074074074074,1,0.03968253968253968,0.31746031746031744,0.23809523809523808,0.09880952380952382,0.04126984126984127,5.51,0.5555555555555556,0.14007936507936508,0.5555555555555556
P00157,Kevin Lukaku,Belgian,Goalkeeper,Belgium,24,3240526,Dinamo Zagreb,51,1281,0,0,0.0,0.0,0,3,0,5,17,1,0.7249019607843137,65,3,1.8529411764705883,76.4843137254902,33.7,119.10000000000001,30.666666666666668,47.32745098039215,53.24705882352941,46.95294117647059,9.392156862745098,56.59803921568628,0,0.0702576112412178,0.0,0.0,0.0,0.0,0.0,0.0,0.0,0.0
P00158,Romelu Courtois,Belgian,Goalkeeper,Belgium,31,5831000,Club Brugge,51,1182,0,0,0.0,0.0,0,8,0,5,26,0,0.7064705882352942,43,5,1.8,79.43137254901961,32.6,109.6,30.598039215686274,48.80392156862745,56.549019607843135,44.59019607843137,9.745098039215685,56.741176470588236,0,0.07614213197969544,0.0,0.0,0.0,0.0,0.0,0.0,0.0,0.0
P00159,Eden Dendoncker,Belgian,Goalkeeper,Belgium,33,1950847,AIK,51,1459,0,1,0.0,0.0,0,4,0,5,31,2,0.724313725490196,61,4,2.2098039215686276,78.00392156862745,32.1,137.6,30.086274509803925,41.40980392156863,52.241176470588236,38.52745098039216,9.876470588235295,47.627450980392155,0,0.061686086360520906,0.0,0.061686086360520906,0.0,0.0,0.0,0.061686086360520906,0.0,0.061686086360520906
P00160,Kevin Tielemans,Belgian,Defender,Belgium,21,7295290,Barcelona,51,2254,1,2,0.19,0.19,16,18,71,61,112,1,0.8152941176470588,0,0,4.333333333333333,83.80980392156863,36.5,231.1,28.35686274509804,70.5156862745098,55.76862745098039,68.2607843137255,36.22941176470588,74.36078431372549,0,0.03992901508429459,0.03992901508429459,0.07985803016858918,0.007586512866015973,0.007586512866015973,0.81,0.11978704525288378,0.015173025732031945,0.11978704525288378
P00161,Romelu Witsel,Belgian,Defender,Belgium,25,1190477,Young Boys,51,2321,0,1,0.04,0.29,10,10,56,65,88,1,0.813529411764706,0,0,4.1,82.96470588235293,36.9,232.2,31.860784313725492,48.48823529411765,54.11960784313725,45.72941176470588,24.462745098039214,52.537254901960786,0,0.03877638948728996,0.0,0.03877638948728996,0.0015510555794915983,0.011245152951314088,-0.04,0.03877638948728996,0.012796208530805686,0.03877638948728996
P00162,Eden Castagne,Belgian,Defender,Belgium,28,4976124,Fenerbahce,51,1395,1,3,0.060000000000000005,0.21000000000000002,10,5,50,33,55,0,0.8256862745098039,0,0,2.782352941176471,78.70588235294117,36.6,155.0,32.50588235294118,50.068627450980394,51.733333333333334,43.8686274509804,24.23921568627451,50.96078431372549,0,0.06451612903225806,0.06451612903225806,0.1935483870967742,0.003870967741935484,0.013548387096774195,0.94,0.25806451612903225,0.01741935483870968,0.25806451612903225
P00163,Thibaut Vertonghen,Belgian,Defender,Belgium,36,73113273,Grasshoppers,51,1626,0,1,0.04,0.33,10,15,51,53,108,0,0.8227450980392157,0,0,3.411764705882353,81.00392156862745,36.1,174.8,30.06470588235294,88.00196078431374,56.845098039215685,83.42745098039217,46.064705882352946,91.27254901960784,0,0.055350553505535055,0.0,0.055350553505535055,0.002214022140221402,0.01826568265682657,-0.04,0.055350553505535055,0.020479704797047974,0.055350553505535055
P00164,Youri Chadli,Belgian,Defender,Belgium,26,10426561,Fenerbahce,51,1526,0,0,0.01,0.2,13,5,58,52,95,0,0.8319607843137254,0,0,2.9549019607843134,81.72549019607843,36.8,157.8,30.47843137254902,70.44313725490196,56.23725490196078,68.59803921568627,35.85098039215686,75.02745098039216,0,0.05897771952817824,0.0,0.0,0.0005897771952817825,0.011795543905635648,-0.01,0.0,0.01238532110091743,0.0
P00165,Leander Doku,Belgian,Defender,Belgium,28,7987412,Legia Warsaw,51,1936,3,2,0.32,0.07,6,9,73,47,91,2,0.8364705882352942,0,0,3.6901960784313723,82.30784313725489,36.1,211.4,30.047058823529415,46.48431372549019,56.27647058823529,46.83725490196078,25.449019607843137,52.3235294117647,1,0.04648760330578512,0.13946280991735538,0.09297520661157024,0.01487603305785124,0.003254132231404959,2.68,0.23243801652892562,0.0181301652892562,0.23243801652892562
P00166,Axel Bakayoko,Belgian,Defender,Belgium,28,6895019,Borussia Dortmund,51,1809,0,1,0.05,0.13,12,8,61,56,79,0,0.8050980392156863,0,0,3.3274509803921566,83.10000000000001,37.0,197.4,29.545098039215684,48.36666666666666,57.82156862745098,44.62352941176471,25.080392156862743,51.48627450980393,0,0.04975124378109453,0.0,0.04975124378109453,0.0024875621890547268,0.006467661691542289,-0.05,0.04975124378109453,0.008955223880597015,0.04975124378109453
P00167,Thomas Openda,Belgian,Defender,Belgium,35,8461925,Lech Poznan,51,2268,1,0,0.01,0.08,17,10,81,56,67,2,0.8115686274509804,0,0,3.9078431372549023,82.03529411764707,37.0,252.6,30.970588235294116,49.596078431372554,53.643137254901966,45.588235294117645,23.876470588235296,52.53137254901961,0,0.03968253968253968,0.03968253968253968,0.0,0.0003968253968253968,0.0031746031746031746,0.99,0.03968253968253968,0.0035714285714285713,0.03968253968253968
P00168,Jason Theate,Belgian,Defender,Belgium,29,35400817,Napoli,51,2048,1,1,0.02,0.55,17,14,80,58,114,2,0.8101960784313725,0,0,4.109803921568627,84.3313725490196,36.9,209.29999999999998,28.46470588235294,69.9843137254902,57.817647058823525,63.6843137254902,37.141176470588235,75.7,0,0.0439453125,0.0439453125,0.0439453125,0.00087890625,0.024169921875000003,0.98,0.087890625,0.025048828125000002,0.087890625
P00169,Kevin Casteels,Belgian,Midfielder,Belgium,21,8794267,AC Milan,51,2088,4,0,0.46,1.82,15,21,44,37,52,4,0.8496078431372549,0,0,4.0588235294117645,83.15294117647059,35.2,253.1,38.2,43.364705882352936,50.88039215686275,40.04117647058823,35.11176470588235,33.2686274509804,1,0.04310344827586207,0.1724137931034483,0.0,0.019827586206896553,0.07844827586206897,3.54,0.1724137931034483,0.09827586206896552,0.1724137931034483
P00170,Romelu Onana,Belgian,Midfielder,Belgium,20,200000000,Brondby,51,1735,2,9,1.43,3.25,42,47,44,31,119,26,0.847843137254902,0,0,4.196078431372549,83.6470588235294,35.2,219.0,91.22156862745098,96.81960784313726,58.78235294117647,95.16470588235293,91.31764705882352,76.93137254901961,0,0.05187319884726225,0.1037463976945245,0.46685878962536026,0.07417867435158501,0.16858789625360232,0.5700000000000001,0.5706051873198847,0.24276657060518733,0.5706051873198847
P00171,Eden De Ketelaere,Belgian,Midfielder,Belgium,20,17884377,Club Brugge,51,2060,7,2,0.6900000000000001,1.6300000000000001,24,50,59,29,100,12,0.8413725490196078,0,0,3.8862745098039215,83.74509803921569,35.6,242.8,68.11960784313726,68.89019607843137,56.339215686274514,64.61372549019609,61.25098039215687,55.46862745098039,1,0.043689320388349516,0.30582524271844663,0.08737864077669903,0.030145631067961167,0.07121359223300971,6.31,0.3932038834951457,0.10135922330097089,0.3932038834951457
P00172,Thibaut Faes,Belgian,Midfielder,Belgium,21,25320120,Copenhagen,51,1885,2,6,0.98,1.76,30,44,38,38,82,6,0.8490196078431372,0,0,3.6372549019607843,83.6686274509804,35.7,208.4,64.37843137254902,71.50784313725491,54.12352941176471,68.22745098039215,59.205882352941174,55.794117647058826,2,0.04774535809018567,0.09549071618037135,0.286472148541114,0.04679045092838196,0.08403183023872679,1.02,0.3819628647214854,0.13082228116710876,0.3819628647214854
P00173,Youri Saelemaekers,Belgian,Midfielder,Belgium,19,16406662,Galatasaray,51,2102,3,5,2.82,1.17,24,57,46,44,92,11,0.8415686274509804,0,0,4.3960784313725485,85.34705882352941,35.6,248.3,62.20980392156862,70.19803921568628,59.65294117647059,63.23137254901961,61.26862745098039,56.42549019607843,1,0.04281636536631779,0.12844909609895339,0.21408182683158894,0.12074215033301616,0.05009514747859181,0.18000000000000016,0.3425309229305423,0.17083729781160797,0.3425309229305423
P00174,Leander Vanheusden,Belgian,Midfielder,Belgium,24,30030290,Lech Poznan,51,1347,0,2,0.36,1.19,21,30,31,20,50,7,0.8517647058823529,0,0,2.9843137254901957,79.16078431372549,35.6,157.3,63.92549019607843,70.05294117647058,58.9156862745098,66.50196078431372,59.43333333333333,55.54313725490196,2,0.066815144766147,0.0,0.133630289532294,0.024053452115812918,0.07951002227171493,-0.36,0.133630289532294,0.10356347438752785,0.133630289532294
P00175,Axel Lammens,Belgian,Midfielder,Belgium,25,12462735,RB Salzburg,51,1899,1,3,0.86,2.54,32,35,50,39,93,12,0.8533333333333334,0,0,3.9725490196078432,80.48039215686275,36.6,237.5,63.29803921568627,68.27450980392157,57.135294117647064,66.59019607843138,61.15098039215686,53.69803921568627,1,0.04739336492890995,0.04739336492890995,0.14218009478672985,0.04075829383886256,0.12037914691943127,0.14,0.1895734597156398,0.16113744075829384,0.1895734597156398
P00176,Thomas Lukaku,Belgian,Midfielder,Belgium,21,14362602,Red Star Belgrade,51,2200,3,4,2.44,2.48,35,49,58,34,103,16,0.8366666666666667,0,0,4.2,82.75686274509805,36.3,256.0,66.84117647058824,69.87450980392157,56.31372549019608,67.63333333333334,62.52549019607844,55.199999999999996,1,0.04090909090909091,0.12272727272727273,0.16363636363636364,0.09981818181818182,0.10145454545454545,0.56,0.2863636363636364,0.20127272727272727,0.2863636363636364
P00177,Kevin Saelemaekers,Belgian,Forward,Belgium,32,68271723,Manchester City,51,2076,10,4,3.48,2.37,101,62,23,11,78,48,0.768235294117647,0,0,4.41764705882353,85.86666666666666,36.1,221.4,92.41960784313724,97.57058823529412,59.8078431372549,94.47843137254901,97.19019607843137,23.03529411764706,1,0.04335260115606936,0.43352601156069365,0.17341040462427745,0.1508670520231214,0.10274566473988439,6.52,0.6069364161849711,0.2536127167630058,0.6069364161849711
P00178,Romelu Vanheusden,Belgian,Forward,Belgium,26,39061788,Roma,51,1729,10,1,4.3,0.69,73,50,12,10,54,28,0.7774509803921569,0,0,4.482352941176471,83.53529411764707,37.0,187.0,84.48235294117647,89.80784313725489,58.411764705882355,83.50980392156863,87.78823529411764,26.205882352941178,2,0.05205320994794679,0.5205320994794679,0.05205320994794679,0.22382880277617118,0.03591671486408328,5.7,0.5725853094274147,0.25974551764025444,0.5725853094274147
P00179,Eden Lammens,Belgian,Forward,Belgium,20,10963868,AIK,51,1786,3,5,1.46,0.99,31,23,17,6,23,17,0.7723529411764706,0,0,2.876470588235294,78.62745098039215,35.4,203.6,44.482352941176465,49.20980392156862,54.101960784313725,47.34901960784314,51.94705882352942,23.46470588235294,1,0.05039193729003359,0.15117581187010076,0.251959686450168,0.07357222844344904,0.04988801791713326,1.54,0.40313549832026874,0.12346024636058231,0.40313549832026874
P00180,Thibaut Lukaku,Belgian,Forward,Belgium,26,18402631,Bayer Leverkusen,51,1785,7,7,1.89,1.58,53,37,13,5,51,20,0.7749019607843138,0,0,3.9235294117647057,83.68235294117648,35.0,188.4,64.26470588235294,70.82549019607843,58.643137254901966,68.27254901960785,73.35490196078432,25.51764705882353,2,0.05042016806722689,0.35294117647058826,0.35294117647058826,0.09529411764705882,0.07966386554621849,5.11,0.7058823529411765,0.17495798319327732,0.7058823529411765
P00181,Youri Courtois,Belgian,Forward,Belgium,25,22523673,Manchester United,51,2356,6,6,3.96,1.21,76,29,17,9,55,21,0.776078431372549,0,0,4.52156862745098,82.1686274509804,36.8,256.5,64.06078431372549,69.6078431372549,56.766666666666666,65.54901960784314,72.93137254901961,27.35686274509804,2,0.038200339558573854,0.22920203735144312,0.22920203735144312,0.15127334465195247,0.046222410865874364,2.04,0.45840407470288624,0.19749575551782683,0.45840407470288624
P00182,Leander Dendoncker,Belgian,Forward,Belgium,24,7717372,Feyenoord,51,1489,2,2,1.54,0.5,27,26,13,3,31,12,0.7988235294117647,0,0,3.43921568627451,81.34705882352941,36.6,169.0,45.05294117647058,49.22352941176471,54.17450980392157,45.51960784313726,50.549019607843135,24.39411764705882,0,0.06044325050369376,0.12088650100738751,0.12088650100738751,0.09308260577568839,0.03022162525184688,0.45999999999999996,0.24177300201477503,0.12330423102753527,0.24177300201477503
P00183,Cristiano Fernandes,Portuguese,Goalkeeper,Portugal,33,1771637,Real Madrid,43,1039,0,0,0.0,0.0,0,5,0,5,26,0,0.7337209302325581,51,2,1.8325581395348836,77.6767441860465,34.2,93.5,30.86046511627907,48.76744186046512,54.5953488372093,45.8046511627907,10.034883720930232,55.86744186046512,0,0.08662175168431184,0.0,0.0,0.0,0.0,0.0,0.0,0.0,0.0
P00184,Bruno Leao,Portuguese,Goalkeeper,Portugal,27,2960076,Benfica,43,991,0,0,0.0,0.0,0,2,0,7,21,0,0.7134883720930233,43,4,2.025581395348837,79.8093023255814,31.8,97.4,29.820930232558137,49.03023255813954,55.02093023255814,45.83255813953488,9.544186046511628,56.56976744186046,0,0.09081735620585267,0.0,0.0,0.0,0.0,0.0,0.0,0.0,0.0
P00185,Bernardo Felix,Portuguese,Goalkeeper,Portugal,27,2503679,Napoli,43,1180,0,1,0.0,0.0,0,6,0,9,27,1,0.7323255813953488,40,3,2.032558139534884,77.33255813953488,33.5,103.8,27.953488372093023,43.16046511627907,51.04651162790697,38.92790697674419,10.676744186046513,48.295348837209296,0,0.07627118644067797,0.0,0.07627118644067797,0.0,0.0,0.0,0.07627118644067797,0.0,0.07627118644067797
P00186,Cristiano Jota,Portuguese,Defender,Portugal,29,4808302,Bayern Munich,43,1972,0,0,0.04,0.21,9,5,62,56,78,0,0.820232558139535,0,0,4.241860465116279,83.56511627906977,37.0,206.0,30.75581395348837,43.334883720930236,52.44883720930233,40.06279069767442,21.090697674418603,45.03488372093023,0,0.04563894523326572,0.0,0.0,0.0018255578093306288,0.009584178498985801,-0.04,0.0,0.01140973630831643,0.0
P00187,Bruno Cancelo,Portuguese,Defender,Portugal,25,10191506,Partizan,43,2045,0,1,0.2,0.37,13,15,65,63,100,2,0.830232558139535,0,0,3.9906976744186045,83.86744186046512,35.6,213.1,31.348837209302324,70.33488372093024,56.24883720930232,66.32558139534883,34.23488372093023,75.47209302325582,1,0.044009779951100246,0.0,0.044009779951100246,0.00880195599022005,0.01628361858190709,-0.2,0.044009779951100246,0.025085574572127144,0.044009779951100246
P00188,Bernardo Santos,Portuguese,Defender,Portugal,31,16487542,Liverpool,43,1497,2,0,0.05,0.1,7,15,52,50,93,1,0.8104651162790698,0,0,3.544186046511628,81.73255813953489,37.0,170.9,28.28837209302326,70.15348837209302,57.09767441860465,67.72325581395349,33.730232558139534,74.27906976744185,1,0.06012024048096192,0.12024048096192384,0.0,0.003006012024048096,0.006012024048096192,1.95,0.12024048096192384,0.009018036072144289,0.12024048096192384
P00189,Rafael Guedes,Portuguese,Defender,Portugal,30,5777023,Tottenham,43,1453,1,2,0.12000000000000001,0.18,6,7,43,48,86,0,0.8123255813953488,0,0,3.8186046511627905,82.55116279069767,36.5,159.7,31.53720930232558,66.47209302325582,56.004651162790694,62.16046511627907,31.3,75.0,1,0.06194081211286993,0.06194081211286993,0.12388162422573985,0.007432897453544392,0.011149346180316586,0.88,0.1858224363386098,0.018582243633860976,0.1858224363386098
P00190,Diogo Semedo,Portuguese,Defender,Portugal,23,2064213,Benfica,43,1448,0,1,0.14,0.3,8,7,59,43,49,1,0.8267441860465116,0,0,3.4651162790697674,80.92325581395349,37.0,155.4,28.513953488372092,49.57441860465116,52.03488372093023,46.358139534883726,25.106976744186046,54.116279069767444,0,0.062154696132596686,0.0,0.062154696132596686,0.008701657458563538,0.018646408839779006,-0.14,0.062154696132596686,0.027348066298342542,0.062154696132596686
P00191,Joao Neves,Portuguese,Defender,Portugal,28,8993563,RB Leipzig,43,1691,2,1,0.02,0.07,9,10,59,49,77,1,0.8353488372093024,0,0,4.0,83.16976744186047,36.0,178.4,30.64883720930233,48.52558139534884,53.92558139534884,45.53023255813953,23.827906976744185,51.61860465116279,1,0.05322294500295683,0.10644589000591366,0.05322294500295683,0.0010644589000591367,0.0037256061502069786,1.98,0.1596688350088705,0.0047900650502661155,0.1596688350088705
P00192,Pedro Neto,Portuguese,Defender,Portugal,25,5576206,Red Star Belgrade,43,1638,1,1,0.06,0.27,14,11,54,40,85,0,0.8262790697674419,0,0,3.434883720930232,80.54418604651163,37.0,182.0,30.769767441860463,68.35116279069767,53.593023255813954,65.82790697674419,35.1,74.13255813953488,0,0.054945054945054944,0.054945054945054944,0.054945054945054944,0.0032967032967032967,0.014835164835164836,0.94,0.10989010989010989,0.018131868131868133,0.10989010989010989
P00193,Ruben Inacio,Portuguese,Defender,Portugal,18,14118323,Malmo FF,43,1490,0,0,0.05,0.0,9,11,44,47,96,1,0.8353488372093024,0,0,4.018604651162791,83.22325581395349,36.0,153.5,27.027906976744188,72.13488372093023,60.79302325581395,65.29302325581395,34.22093023255814,75.29767441860466,0,0.06040268456375839,0.0,0.0,0.00302013422818792,0.0,-0.05,0.0,0.00302013422818792,0.0
P00194,Pepe Carvalho,Portuguese,Defender,Portugal,30,58151286,Ajax,43,2141,0,2,0.01,0.59,5,31,67,65,177,0,0.8213953488372093,0,0,5.706976744186047,84.86511627906977,35.6,227.3,29.223255813953486,97.84651162790696,63.58837209302326,89.66046511627907,55.43023255813954,98.13255813953488,3,0.04203643157403083,0.0,0.08407286314806166,0.0004203643157403083,0.024801494628678186,-0.01,0.08407286314806166,0.025221858944418495,0.08407286314806166
P00195,Cristiano Palhinha,Portuguese,Midfielder,Portugal,24,48500492,Dinamo Zagreb,43,1283,2,5,0.68,1.1,17,27,35,28,57,4,0.8493023255813954,0,0,3.1023255813953488,78.64186046511628,35.5,154.7,63.39767441860465,70.96046511627907,61.283720930232555,64.4860465116279,59.13255813953488,53.51395348837209,1,0.0701480904130943,0.1402961808261886,0.35074045206547155,0.047700701480904134,0.07716289945440374,1.3199999999999998,0.49103663289166016,0.12486360093530788,0.49103663289166016
P00196,Bruno Vitinha,Portuguese,Midfielder,Portugal,18,7359408,Paris Saint-Germain,43,1650,2,2,0.44,0.63,11,23,37,29,52,2,0.8376744186046512,0,0,3.7418604651162792,81.09302325581395,35.3,199.6,41.58139534883721,41.23488372093023,55.30232558139535,40.097674418604655,35.9046511627907,34.009302325581395,1,0.05454545454545454,0.10909090909090909,0.10909090909090909,0.024,0.03436363636363636,1.56,0.21818181818181817,0.05836363636363636,0.21818181818181817
P00197,Bernardo Conceicao,Portuguese,Midfielder,Portugal,21,6091234,Lech Poznan,43,1606,0,1,0.41000000000000003,0.9099999999999999,13,18,40,30,44,7,0.8448837209302326,0,0,3.262790697674419,82.1906976744186,36.4,186.8,40.395348837209305,41.97441860465116,52.75581395348837,39.38604651162791,35.51162790697674,31.732558139534884,0,0.05603985056039851,0.0,0.05603985056039851,0.02297633872976339,0.050996264009962634,-0.41000000000000003,0.05603985056039851,0.07397260273972603,0.05603985056039851
P00198,Rafael Antonio,Portuguese,Midfielder,Portugal,25,12812523,Chelsea,43,922,2,4,0.38,1.69,18,28,24,8,52,8,0.8467441860465117,0,0,3.03953488372093,82.22325581395349,35.6,112.6,84.16744186046512,88.0813953488372,59.35348837209302,82.56511627906977,76.22558139534884,67.67441860465117,2,0.09761388286334056,0.19522776572668113,0.39045553145336226,0.03709327548806941,0.16496746203904555,1.62,0.5856832971800434,0.20206073752711495,0.5856832971800434
P00199,Diogo Eustaquio,Portuguese,Midfielder,Portugal,26,3589408,Lech Poznan,43,1561,0,3,0.52,0.8,11,29,49,20,43,7,0.853953488372093,0,0,3.274418604651163,79.80232558139535,35.8,183.1,45.574418604651164,48.79767441860466,50.3046511627907,46.03953488372093,44.88837209302326,37.44186046511628,1,0.057655349135169766,0.0,0.1729660474055093,0.029980781550288278,0.04612427930813581,-0.52,0.1729660474055093,0.07610506085842408,0.1729660474055093
P00200,Joao Taremi,Portuguese,Midfielder,Portugal,21,7821685,RB Salzburg,43,2017,2,2,0.54,1.02,25,33,47,35,48,9,0.8409302325581395,0,0,4.437209302325582,79.37674418604651,35.9,244.4,38.96976744186047,41.1,53.562790697674416,39.46046511627907,37.22558139534884,34.38837209302326,1,0.04462072384729797,0.08924144769459594,0.08924144769459594,0.024095190877540903,0.04551313832424393,1.46,0.17848289538919188,0.06960832920178484,0.17848289538919188
P00201,Pedro Pepe,Portuguese,Midfielder,Portugal,26,2692654,Brondby,43,1502,3,0,0.36,1.09,15,17,43,25,54,4,0.85,0,0,3.4372093023255816,78.93255813953488,36.8,182.1,45.776744186046514,49.84651162790698,51.68604651162791,46.104651162790695,42.43720930232558,37.34418604651162,0,0.05992010652463382,0.17976031957390148,0.0,0.021571238348868177,0.06531291611185087,2.64,0.17976031957390148,0.08688415446071905,0.17976031957390148
P00202,Ruben Fernandes,Portuguese,Midfielder,Portugal,35,3128482,Borussia Dortmund,43,1938,1,4,0.43,1.21,17,29,47,35,54,8,0.8483720930232558,0,0,4.427906976744186,81.3232558139535,35.5,234.9,39.26744186046512,42.34418604651162,53.62325581395349,40.0,37.12093023255814,32.83720930232558,1,0.04643962848297214,0.04643962848297214,0.18575851393188855,0.019969040247678017,0.05619195046439628,0.5700000000000001,0.2321981424148607,0.0761609907120743,0.2321981424148607
P00203,Cristiano Eustaquio,Portuguese,Forward,Portugal,23,65380655,Brondby,43,1519,8,7,2.07,1.01,31,28,14,5,30,19,0.7746511627906977,0,0,3.813953488372093,84.60232558139535,37.0,159.4,68.27674418604651,66.15348837209302,58.079069767441865,66.34651162790698,70.87441860465115,23.037209302325582,2,0.05924950625411455,0.4739960500329164,0.4147465437788018,0.1226464779460171,0.059842001316655694,5.93,0.8887425938117182,0.1824884792626728,0.8887425938117182
P00204,Bruno Taremi,Portuguese,Forward,Portugal,23,4881717,Club Brugge,43,1520,3,2,1.1400000000000001,0.3,32,26,15,7,29,11,0.7753488372093024,0,0,3.627906976744186,79.35116279069767,36.7,171.7,44.40930232558139,48.60697674418604,52.71395348837209,44.367441860465114,51.141860465116274,24.21627906976744,0,0.05921052631578947,0.17763157894736842,0.11842105263157894,0.0675,0.017763157894736842,1.8599999999999999,0.29605263157894735,0.08526315789473685,0.29605263157894735
P00205,Bernardo Pepe,Portuguese,Forward,Portugal,27,66267245,Rapid Vienna,43,1642,12,1,2.73,1.1,49,44,15,10,45,25,0.7899999999999999,0,0,4.2627906976744185,81.71395348837208,37.0,175.3,79.56046511627906,90.34883720930233,59.63023255813953,83.93720930232558,86.77674418604651,24.106976744186046,1,0.05481120584652863,0.6577344701583435,0.05481120584652863,0.14963459196102316,0.060292326431181494,9.27,0.7125456760048722,0.20992691839220465,0.7125456760048722
P00206,Rafael Fernandes,Portuguese,Forward,Portugal,19,3256459,Chelsea,43,1458,2,3,2.35,0.43,28,21,10,8,24,8,0.7711627906976743,0,0,2.9232558139534883,81.43488372093023,35.1,160.3,47.6,48.495348837209306,50.776744186046514,45.39302325581396,51.61860465116279,25.76046511627907,0,0.06172839506172839,0.12345679012345678,0.18518518518518517,0.14506172839506173,0.026543209876543208,-0.3500000000000001,0.30864197530864196,0.17160493827160495,0.30864197530864196
P00207,Diogo Leao,Portuguese,Forward,Portugal,26,27306813,Atletico Madrid,43,1528,7,5,1.4,0.3,46,31,15,6,41,20,0.7837209302325582,0,0,4.153488372093023,83.43255813953488,36.0,162.9,62.71395348837209,69.25581395348837,57.90930232558139,65.86279069767441,70.03488372093024,24.400000000000002,1,0.058900523560209424,0.412303664921466,0.29450261780104714,0.08246073298429318,0.017670157068062825,5.6,0.7068062827225131,0.10013089005235601,0.7068062827225131
P00208,Joao Felix,Portuguese,Forward,Portugal,25,36508991,Midtjylland,43,1550,10,6,2.6100000000000003,1.53,59,38,13,5,48,27,0.7972093023255814,0,0,4.053488372093024,86.16976744186047,36.2,163.8,84.04651162790698,90.9186046511628,57.45581395348837,87.71860465116279,87.44651162790697,25.811627906976746,2,0.05806451612903226,0.5806451612903226,0.34838709677419355,0.1515483870967742,0.08883870967741936,7.39,0.9290322580645162,0.24038709677419356,0.9290322580645162
P00209,Luka Kovacic,Croatian,Goalkeeper,Croatia,34,1103256,Juventus,49,1436,0,2,0.0,0.0,0,5,0,5,29,1,0.7244897959183674,48,4,2.1489795918367345,76.31224489795918,32.9,134.3,28.993877551020407,41.63673469387755,55.23061224489796,38.21836734693878,9.534693877551021,48.78163265306123,0,0.06267409470752089,0.0,0.12534818941504178,0.0,0.0,0.0,0.12534818941504178,0.0,0.12534818941504178
P00210,Mateo Brozovic,Croatian,Goalkeeper,Croatia,20,74193816,Roma,49,1717,0,2,0.0,0.0,0,9,0,14,37,1,0.7083673469387756,65,4,3.438775510204082,82.46326530612245,33.2,158.8,29.693877551020407,96.37346938775511,58.15918367346939,95.48163265306123,9.020408163265307,99.0,2,0.052417006406523005,0.0,0.10483401281304601,0.0,0.0,0.0,0.10483401281304601,0.0,0.10483401281304601
P00211,Ivan Kramaric,Croatian,Goalkeeper,Croatia,29,2779795,Copenhagen,49,594,0,0,0.0,0.0,0,2,0,4,14,0,0.7218367346938775,22,3,0.963265306122449,78.29183673469389,32.1,54.0,29.971428571428568,48.275510204081634,55.77755102040816,44.224489795918366,8.983673469387755,56.34897959183673,0,0.15151515151515152,0.0,0.0,0.0,0.0,0.0,0.0,0.0,0.0
P00212,Luka Vlasic,Croatian,Defender,Croatia,25,13905350,Bayer Leverkusen,49,2397,0,2,0.22,0.9299999999999999,21,18,102,65,144,0,0.8269387755102041,0,0,4.353061224489796,83.40816326530613,35.4,244.6,28.659183673469386,87.42653061224489,59.66326530612245,85.9673469387755,45.97551020408164,92.12244897959184,1,0.03754693366708386,0.0,0.07509386733416772,0.008260325406758449,0.03491864831038798,-0.22,0.07509386733416772,0.043178973717146435,0.07509386733416772
P00213,Mateo Pasalic,Croatian,Defender,Croatia,24,9204134,Red Star Belgrade,49,1757,1,0,0.13,0.44,9,9,76,51,95,0,0.8095918367346939,0,0,3.830612244897959,81.13673469387754,37.0,185.1,29.259183673469387,70.04081632653062,55.304081632653066,65.18979591836735,35.385714285714286,76.79183673469389,0,0.05122367672168469,0.05122367672168469,0.0,0.006659077973819009,0.022538417757541264,0.87,0.05122367672168469,0.029197495731360275,0.05122367672168469
P00214,Ivan Gvardiol,Croatian,Defender,Croatia,18,16864918,Lech Poznan,49,1828,0,2,0.0,0.1,13,11,66,51,86,0,0.820204081632653,0,0,3.9857142857142858,86.58571428571429,36.6,203.7,27.924489795918365,73.48367346938775,57.357142857142854,64.84897959183674,33.57551020408163,74.5204081632653,0,0.04923413566739606,0.0,0.09846827133479212,0.0,0.004923413566739606,0.0,0.09846827133479212,0.004923413566739606,0.09846827133479212
P00215,Marcelo Lovren,Croatian,Defender,Croatia,29,2665615,Barcelona,49,2027,3,1,0.060000000000000005,0.08,10,7,70,58,72,1,0.8271428571428572,0,0,3.806122448979592,80.06530612244897,36.5,218.2,30.520408163265305,43.406122448979595,55.21224489795919,37.9265306122449,20.606122448979594,45.86938775510204,0,0.04440059200789344,0.13320177602368033,0.04440059200789344,0.0026640355204736064,0.0035520473606314752,2.94,0.17760236803157375,0.006216082881105082,0.17760236803157375
P00216,Josko Bradaric,Croatian,Defender,Croatia,29,111698546,FC Basel,49,1910,0,0,0.1,0.1,6,14,47,58,145,0,0.8293877551020409,0,0,3.8734693877551023,83.64897959183673,35.3,205.7,29.322448979591837,89.90816326530613,57.214285714285715,86.92244897959183,46.210204081632654,90.15306122448979,0,0.04712041884816754,0.0,0.0,0.004712041884816755,0.004712041884816755,-0.1,0.0,0.00942408376963351,0.0
P00217,Dominik Juranovic,Croatian,Defender,Croatia,32,6227584,Anderlecht,49,1884,0,6,0.03,0.07,13,10,53,45,103,2,0.8240816326530612,0,0,4.108163265306123,82.28775510204082,35.7,200.2,29.979591836734695,70.7265306122449,57.12244897959184,64.86734693877551,37.0734693877551,73.15306122448979,1,0.04777070063694268,0.0,0.2866242038216561,0.0014331210191082804,0.003343949044585988,-0.03,0.2866242038216561,0.004777070063694268,0.2866242038216561
P00218,Andrej Sutalo,Croatian,Defender,Croatia,26,4072876,Arsenal,49,1327,1,0,0.22,0.13,16,5,44,33,49,1,0.8120408163265306,0,0,2.9918367346938775,82.10408163265306,36.4,136.7,28.248979591836736,48.41836734693877,51.534693877551014,45.304081632653066,24.63469387755102,51.58775510204082,0,0.06782215523737754,0.06782215523737754,0.0,0.01492087415222306,0.00881688018085908,0.78,0.06782215523737754,0.023737754333082138,0.06782215523737754
P00219,Mario Ivanusec,Croatian,Defender,Croatia,19,3473792,Bayern Munich,49,1092,0,0,0.09,0.36,13,8,39,25,30,0,0.8177551020408164,0,0,2.9020408163265303,79.55918367346939,37.0,119.1,26.863265306122447,41.61224489795919,52.01428571428571,40.51632653061225,20.193877551020407,44.98979591836735,0,0.08241758241758242,0.0,0.0,0.007417582417582417,0.02967032967032967,-0.09,0.0,0.03708791208791209,0.0
P00220,Ante Budimir,Croatian,Defender,Croatia,27,27467875,Copenhagen,49,2346,0,1,0.11,0.98,15,27,84,87,208,0,0.8097959183673469,0,0,5.130612244897959,86.09795918367347,36.7,251.5,30.577551020408162,97.89795918367346,57.65714285714285,95.15510204081633,58.54489795918367,98.56122448979592,0,0.03836317135549872,0.0,0.03836317135549872,0.00421994884910486,0.037595907928388746,-0.11,0.03836317135549872,0.0418158567774936,0.03836317135549872
P00221,Luka Barisic,Croatian,Midfielder,Croatia,26,12894686,Grasshoppers,49,2056,1,4,0.56,1.55,31,50,50,35,92,8,0.8514285714285714,0,0,4.457142857142857,85.02448979591837,36.4,247.3,64.70204081632653,69.83469387755102,55.96122448979592,67.13469387755102,59.804081632653066,56.41224489795918,0,0.04377431906614786,0.04377431906614786,0.17509727626459143,0.0245136186770428,0.06785019455252918,0.43999999999999995,0.2188715953307393,0.09236381322957198,0.2188715953307393
P00222,Mateo Stanisic,Croatian,Midfielder,Croatia,19,47105569,Red Star Belgrade,49,1772,0,4,1.31,1.31,17,32,44,33,74,13,0.8491836734693877,0,0,3.9244897959183676,85.16122448979591,36.5,208.7,67.59387755102041,70.74081632653062,54.50816326530612,67.37142857142857,58.18163265306123,56.795918367346935,0,0.050790067720090294,0.0,0.20316027088036118,0.06653498871331828,0.06653498871331828,-1.31,0.20316027088036118,0.13306997742663657,0.20316027088036118
P00223,Ivan Erlic,Croatian,Midfielder,Croatia,20,2030836,Red Star Belgrade,49,1945,2,1,0.7999999999999999,1.54,17,21,41,25,59,8,0.8540816326530613,0,0,3.989795918367347,81.04693877551021,36.8,229.9,38.279591836734696,41.71632653061224,51.27142857142857,38.92448979591837,36.02040816326531,33.304081632653066,0,0.04627249357326478,0.09254498714652956,0.04627249357326478,0.03701799485861182,0.07125964010282776,1.2000000000000002,0.13881748071979433,0.10827763496143958,0.13881748071979433
P00224,Marcelo Petkovic,Croatian,Midfielder,Croatia,25,29721743,RB Salzburg,49,1697,3,3,0.77,1.28,22,26,41,32,84,7,0.8436734693877552,0,0,3.395918367346939,78.8265306122449,36.9,199.2,67.7530612244898,68.06530612244897,56.12244897959184,64.83265306122449,59.57551020408163,51.92448979591837,1,0.05303476723629935,0.15910430170889805,0.15910430170889805,0.040836770771950505,0.06788450206246317,2.23,0.3182086034177961,0.10872127283441368,0.3182086034177961
P00225,Josko Musah,Croatian,Midfielder,Croatia,29,6461488,Young Boys,49,1898,1,1,0.7200000000000001,0.42,16,30,48,44,62,6,0.8481632653061225,0,0,3.4530612244897956,83.16938775510205,37.0,223.7,44.614285714285714,50.03061224489796,54.51428571428571,45.54081632653061,41.5,36.76326530612245,0,0.04741833508956796,0.04741833508956796,0.04741833508956796,0.03414120126448894,0.019915700737618544,0.2799999999999999,0.09483667017913593,0.054056902002107485,0.09483667017913593
P00226,Dominik Kljulanovic,Croatian,Midfielder,Croatia,26,13856929,Benfica,49,1667,1,4,0.55,1.05,21,33,42,29,68,9,0.8579591836734693,0,0,3.520408163265306,81.09795918367347,35.6,193.5,61.81020408163265,67.78979591836735,56.679591836734694,65.7204081632653,61.79183673469388,56.11632653061224,1,0.05398920215956809,0.05398920215956809,0.21595680863827235,0.029694061187762452,0.05668866226754649,0.44999999999999996,0.2699460107978404,0.08638272345530895,0.2699460107978404
P00227,Andrej Bajkovic,Croatian,Midfielder,Croatia,24,52215871,Dinamo Zagreb,49,1855,6,8,1.28,2.44,33,60,39,31,107,16,0.85,0,0,4.075510204081633,85.69795918367346,37.0,218.6,87.07755102040817,88.95102040816327,58.81428571428572,81.40408163265306,73.30204081632654,66.05918367346939,1,0.04851752021563342,0.2911051212938005,0.3881401617250674,0.06210242587601078,0.11838274932614555,4.72,0.6792452830188679,0.18048517520215634,0.6792452830188679
P00228,Mario Kovacic,Croatian,Midfielder,Croatia,27,8564613,Dinamo Zagreb,49,1653,3,3,0.49,2.48,26,38,39,19,75,13,0.8514285714285714,0,0,3.455102040816327,79.69591836734693,34.8,195.7,62.375510204081635,71.71836734693878,53.5,67.1469387755102,62.06938775510204,56.04081632653061,1,0.0544464609800363,0.16333938294010888,0.16333938294010888,0.026678765880217784,0.13502722323049002,2.51,0.32667876588021777,0.1617059891107078,0.32667876588021777
P00229,Luka Musah,Croatian,Forward,Croatia,25,23212847,RB Leipzig,49,1924,12,4,2.12,0.77,52,30,24,8,47,27,0.7738775510204082,0,0,4.118367346938776,82.33469387755102,37.0,210.5,67.53061224489795,69.32244897959184,53.66938775510204,65.04693877551021,70.04693877551021,26.475510204081633,3,0.04677754677754678,0.5613305613305614,0.18711018711018712,0.09916839916839917,0.03601871101871102,9.879999999999999,0.7484407484407485,0.1351871101871102,0.7484407484407485
P00230,Mateo Kljulanovic,Croatian,Forward,Croatia,31,4802810,Young Boys,49,1672,4,3,1.31,0.32,21,16,18,3,24,10,0.790204081632653,0,0,3.4632653061224485,80.99795918367347,36.1,182.2,39.38775510204081,41.614285714285714,51.857142857142854,41.51020408163265,41.66326530612245,24.148979591836735,2,0.05382775119617225,0.215311004784689,0.16148325358851676,0.07051435406698565,0.017224880382775122,2.69,0.3767942583732058,0.08773923444976078,0.3767942583732058
P00231,Ivan Bajkovic,Croatian,Forward,Croatia,23,9333358,Inter Milan,49,1871,5,5,1.53,1.1300000000000001,29,24,21,10,28,8,0.7704081632653061,0,0,3.361224489795918,82.79591836734694,36.2,208.1,38.95510204081633,43.10612244897959,53.8469387755102,39.28775510204081,44.495918367346945,23.785714285714285,1,0.048102618920363445,0.24051309460181722,0.24051309460181722,0.07359700694815607,0.0543559593800107,3.4699999999999998,0.48102618920363444,0.12795296632816677,0.48102618920363444
P00232,Marcelo Kovacic,Croatian,Forward,Croatia,22,3603664,Borussia Dortmund,49,1685,4,2,1.96,1.6500000000000001,26,12,19,6,20,6,0.7883673469387755,0,0,3.3081632653061224,79.34693877551021,35.6,175.2,38.83877551020408,41.553061224489795,52.65714285714285,39.2530612244898,42.89795918367347,24.340816326530614,1,0.05341246290801187,0.21364985163204747,0.10682492581602374,0.10468842729970326,0.08813056379821958,2.04,0.3204747774480712,0.19281899109792283,0.3204747774480712
P00233,Josko Brozovic,Croatian,Forward,Croatia,21,6592729,Manchester City,49,1889,4,3,2.02,0.61,37,26,12,7,37,17,0.7836734693877551,0,0,3.5020408163265304,83.2530612244898,37.0,214.9,46.37755102040816,48.875510204081635,54.357142857142854,43.46938775510204,51.31224489795919,23.775510204081634,1,0.04764425622022234,0.19057702488088937,0.14293276866066704,0.09624139756484913,0.02906299629433563,1.98,0.3335097935415564,0.12530439385918477,0.3335097935415564
P00234,Dominik Kramaric,Croatian,Forward,Croatia,29,190657094,Midtjylland,49,2006,15,9,5.72,1.19,79,57,24,9,80,50,0.7793877551020407,0,0,5.016326530612245,85.54081632653062,35.7,221.9,94.3142857142857,96.18163265306121,58.304081632653066,94.43673469387754,98.16530612244898,25.8265306122449,2,0.0448654037886341,0.6729810568295115,0.40378863409770693,0.25663010967098704,0.053389830508474574,9.280000000000001,1.0767696909272184,0.3100199401794616,1.0767696909272184
P00235,Granit Shaqiri,Swiss,Goalkeeper,Switzerland,31,3058450,Ajax,35,1013,0,0,0.0,0.0,0,7,0,10,19,0,0.7120000000000001,38,2,2.3200000000000003,80.14571428571428,32.4,91.9,32.39142857142857,50.042857142857144,59.52857142857143,43.94857142857143,11.394285714285715,55.32571428571429,0,0.08884501480750247,0.0,0.0,0.0,0.0,0.0,0.0,0.0,0.0
P00236,Xherdan Sommer,Swiss,Goalkeeper,Switzerland,24,24656498,Young Boys,35,652,0,0,0.0,0.0,0,4,0,6,7,0,0.7028571428571428,38,2,1.7057142857142857,77.91428571428571,30.0,65.2,28.648571428571426,91.50285714285714,57.565714285714286,83.42285714285715,10.791428571428572,97.00571428571428,0,0.13803680981595093,0.0,0.0,0.0,0.0,0.0,0.0,0.0,0.0
P00237,Manuel Zuber,Swiss,Goalkeeper,Switzerland,27,1122360,Anderlecht,35,975,0,0,0.0,0.0,0,2,0,5,20,0,0.7297142857142856,39,2,2.1857142857142855,75.02571428571429,33.0,86.7,28.485714285714284,48.22,55.534285714285716,46.78,11.608571428571429,55.85142857142857,0,0.09230769230769231,0.0,0.0,0.0,0.0,0.0,0.0,0.0,0.0
P00238,Granit Rodriguez,Swiss,Defender,Switzerland,28,83320085,Ajax,35,1119,0,2,0.03,0.32,5,11,41,31,73,1,0.8194285714285714,0,0,3.3714285714285714,83.42857142857143,37.0,119.6,28.28857142857143,88.51714285714286,55.22,86.73714285714286,46.74285714285714,92.52857142857142,0,0.08042895442359249,0.0,0.16085790884718498,0.0024128686327077745,0.025737265415549597,-0.03,0.16085790884718498,0.02815013404825737,0.16085790884718498
P00239,Xherdan Fernandes,Swiss,Defender,Switzerland,28,7989146,RB Leipzig,35,1320,0,1,0.07,0.17,5,8,48,36,78,1,0.8091428571428572,0,0,3.9571428571428573,81.71714285714286,35.6,148.4,27.38285714285714,70.7,54.35142857142857,67.98857142857143,34.39142857142857,77.28,1,0.06818181818181818,0.0,0.06818181818181818,0.004772727272727273,0.011590909090909091,-0.07,0.06818181818181818,0.016363636363636365,0.06818181818181818
P00240,Manuel Seferovic,Swiss,Defender,Switzerland,21,3333626,Anderlecht,35,1440,0,2,0.22,0.04,6,7,43,47,51,1,0.8202857142857143,0,0,3.977142857142857,81.72285714285715,36.2,150.5,30.94857142857143,50.371428571428574,53.034285714285716,47.33714285714286,25.934285714285714,52.54,0,0.0625,0.0,0.125,0.01375,0.0025,-0.22,0.125,0.01625,0.125
P00241,Yann Elvedi,Swiss,Defender,Switzerland,28,4022060,Club Brugge,35,1194,1,1,0.06,0.01,7,6,47,25,39,0,0.8297142857142857,0,0,3.76,80.95428571428572,36.5,122.5,32.854285714285716,43.011428571428574,53.294285714285714,39.88285714285715,20.097142857142856,44.52,1,0.07537688442211055,0.07537688442211055,0.07537688442211055,0.004522613065326633,0.0007537688442211055,0.94,0.1507537688442211,0.0052763819095477385,0.1507537688442211
P00242,Ricardo Mbabu,Swiss,Defender,Switzerland,32,24594680,Feyenoord,35,1198,1,1,0.04,0.33,6,10,46,34,74,1,0.8191428571428572,0,0,3.6885714285714286,80.38000000000001,35.4,128.8,32.32285714285714,72.24285714285715,52.925714285714285,63.019999999999996,34.49714285714286,76.65428571428572,2,0.07512520868113523,0.07512520868113523,0.07512520868113523,0.0030050083472454095,0.024791318864774627,0.96,0.15025041736227046,0.027796327212020036,0.15025041736227046
P00243,Stefan Okafor,Swiss,Defender,Switzerland,28,5080142,Juventus,35,1369,2,2,0.0,0.08,11,8,45,48,65,0,0.8208571428571428,0,0,3.62,81.29714285714286,35.0,143.6,30.89428571428571,47.97714285714286,51.22571428571429,46.18857142857143,24.61714285714286,53.09142857142857,1,0.06574141709276844,0.13148283418553688,0.13148283418553688,0.0,0.005259313367421476,2.0,0.26296566837107377,0.005259313367421476,0.26296566837107377
P00244,Fabian Ndoye,Swiss,Defender,Switzerland,29,2199411,Copenhagen,35,1617,1,0,0.21,0.52,9,5,65,26,46,2,0.8288571428571428,0,0,4.485714285714286,82.16285714285713,36.1,168.4,28.3,42.754285714285714,50.24857142857143,39.96,22.111428571428572,46.29714285714286,0,0.055658627087198514,0.055658627087198514,0.0,0.011688311688311687,0.02894248608534323,0.79,0.055658627087198514,0.040630797773654914,0.055658627087198514
P00245,Remo Jashari,Swiss,Defender,Switzerland,33,14987372,Chelsea,35,1631,0,1,0.08,0.09,8,7,55,49,94,2,0.8137142857142857,0,0,4.917142857142857,85.59142857142857,36.5,175.6,27.054285714285715,69.9342857142857,55.80285714285714,68.26857142857143,36.55428571428572,77.70857142857143,0,0.05518087063151441,0.0,0.05518087063151441,0.004414469650521153,0.004966278356836297,-0.08,0.05518087063151441,0.00938074800735745,0.05518087063151441
P00246,Haris Steiner,Swiss,Defender,Switzerland,31,14077436,Copenhagen,35,1478,0,0,0.03,0.23,6,17,55,38,88,0,0.8357142857142857,0,0,4.054285714285714,81.43142857142857,36.6,163.1,30.65142857142857,71.42285714285715,57.02857142857143,64.78571428571429,37.06857142857143,74.48285714285714,0,0.06089309878213803,0.0,0.0,0.0018267929634641408,0.014005412719891747,-0.03,0.0,0.015832205683355888,0.0
P00247,Granit Zakaria,Swiss,Midfielder,Switzerland,30,9211350,Paris Saint-Germain,35,1271,0,1,0.13,0.17,9,7,27,23,30,4,0.8425714285714285,0,0,4.0685714285714285,82.45428571428572,37.0,155.2,44.07142857142857,49.41142857142857,55.13428571428572,45.77142857142857,38.99142857142857,38.14857142857143,0,0.07081038552321008,0.0,0.07081038552321008,0.00920535011801731,0.012037765538945713,-0.13,0.07081038552321008,0.021243115656963026,0.07081038552321008
P00248,Xherdan Aebischer,Swiss,Midfielder,Switzerland,30,12543362,Rapid Vienna,35,1163,3,2,0.89,2.4,18,23,42,11,55,6,0.8617142857142858,0,0,3.442857142857143,82.43714285714286,37.0,145.4,62.14,69.65714285714286,56.58571428571429,64.88000000000001,60.84285714285714,58.79714285714286,1,0.07738607050730868,0.23215821152192606,0.15477214101461736,0.06887360275150473,0.18572656921754083,2.11,0.3869303525365434,0.25460017196904555,0.3869303525365434
P00249,Manuel Rieder,Swiss,Midfielder,Switzerland,24,35196222,Atletico Madrid,35,1482,4,4,0.27,1.8599999999999999,24,44,39,35,70,5,0.8551428571428571,0,0,4.0685714285714285,84.01142857142857,35.8,173.9,81.84857142857142,92.9,55.08571428571429,82.92285714285715,76.95428571428572,67.42571428571429,0,0.06072874493927125,0.242914979757085,0.242914979757085,0.01639676113360324,0.11295546558704452,3.73,0.48582995951417,0.12935222672064775,0.48582995951417
P00250,Yann Blerim,Swiss,Midfielder,Switzerland,32,73190275,AC Milan,35,1303,1,4,0.89,1.3900000000000001,21,38,34,20,68,10,0.8525714285714285,0,0,3.8,82.79714285714286,35.1,153.3,85.7657142857143,86.90285714285714,56.04857142857143,84.96285714285713,73.31714285714285,67.71142857142857,2,0.06907137375287797,0.06907137375287797,0.2762854950115119,0.061473522640061395,0.0960092095165004,0.10999999999999999,0.34535686876438987,0.15748273215656178,0.34535686876438987
P00251,Ricardo Kobal,Swiss,Midfielder,Switzerland,22,7641566,FC Basel,35,1104,0,0,0.17,1.09,5,19,28,24,35,6,0.8391428571428572,0,0,2.7342857142857144,78.42285714285715,37.0,132.5,41.33428571428571,48.19428571428571,55.69428571428571,45.37428571428571,39.8,37.95428571428572,0,0.08152173913043478,0.0,0.0,0.013858695652173915,0.08885869565217393,-0.17,0.0,0.10271739130434784,0.0
P00252,Stefan Mvogo,Swiss,Midfielder,Switzerland,18,3743038,Sporting CP,35,1045,2,1,0.74,1.0,8,9,27,17,30,3,0.8517142857142856,0,0,3.237142857142857,80.04285714285714,37.0,126.2,39.457142857142856,40.98571428571429,53.934285714285714,38.36,37.285714285714285,31.791428571428572,0,0.0861244019138756,0.1722488038277512,0.0861244019138756,0.06373205741626795,0.0861244019138756,1.26,0.2583732057416268,0.14985645933014355,0.2583732057416268
P00253,Fabian Pfannenstiel,Swiss,Midfielder,Switzerland,21,6689149,Bayern Munich,35,1685,4,3,0.32,1.93,16,32,29,20,49,5,0.858,0,0,4.171428571428572,82.57142857142857,36.6,200.6,45.465714285714284,51.457142857142856,51.777142857142856,46.34,42.6,38.11714285714285,1,0.05341246290801187,0.21364985163204747,0.1602373887240356,0.0170919881305638,0.10308605341246291,3.68,0.37388724035608306,0.1201780415430267,0.37388724035608306
P00254,Remo Shaqiri,Swiss,Midfielder,Switzerland,29,5123179,Malmo FF,35,1282,0,1,0.34,0.87,7,17,28,23,25,4,0.8468571428571429,0,0,3.3514285714285714,82.68857142857142,35.6,145.2,40.78,42.21714285714285,52.511428571428574,38.67428571428571,35.76285714285714,32.16857142857143,0,0.07020280811232449,0.0,0.07020280811232449,0.023868954758190328,0.06107644305772231,-0.34,0.07020280811232449,0.08494539781591263,0.07020280811232449
P00255,Granit Kobal,Swiss,Forward,Switzerland,23,97999154,Lech Poznan,35,1400,6,4,7.95,0.77,69,43,10,3,43,30,0.7474285714285714,0,0,4.328571428571428,82.54,34.9,151.6,93.71714285714286,96.0657142857143,55.11714285714285,92.14,96.28285714285714,23.877142857142857,3,0.06428571428571428,0.3857142857142857,0.2571428571428571,0.5110714285714285,0.049499999999999995,-1.9500000000000002,0.6428571428571428,0.5605714285714285,0.6428571428571428
P00256,Xherdan Mvogo,Swiss,Forward,Switzerland,23,1720821,Marseille,35,1084,5,0,1.5,0.2,23,9,13,5,10,9,0.7528571428571429,0,0,3.1857142857142855,78.80285714285714,36.9,116.8,38.16571428571429,42.111428571428576,54.87428571428571,38.934285714285714,43.76285714285714,26.11714285714286,0,0.08302583025830258,0.4151291512915129,0.0,0.12453874538745388,0.016605166051660517,3.5,0.4151291512915129,0.1411439114391144,0.4151291512915129
P00257,Manuel Pfannenstiel,Swiss,Forward,Switzerland,24,3640434,Anderlecht,35,1308,2,1,1.52,0.45,22,17,6,5,22,9,0.7828571428571428,0,0,3.36,78.87714285714286,37.0,141.1,48.39142857142857,49.84,53.37428571428571,43.96,51.43142857142857,25.914285714285715,1,0.06880733944954129,0.13761467889908258,0.06880733944954129,0.10458715596330276,0.03096330275229358,0.48,0.20642201834862386,0.13555045871559634,0.20642201834862386
P00258,Yann Shaqiri,Swiss,Forward,Switzerland,22,6267349,Juventus,35,1831,9,1,1.48,1.21,29,12,18,5,30,12,0.7722857142857144,0,0,4.757142857142857,82.80857142857144,36.2,207.8,35.37714285714286,42.34285714285714,52.73714285714286,37.214285714285715,44.462857142857146,23.354285714285712,0,0.049153468050245765,0.4423812124522119,0.049153468050245765,0.07274713271436373,0.05947569634079737,7.52,0.4915346805024577,0.13222282905516108,0.4915346805024577
P00259,Ricardo Sommer,Swiss,Forward,Switzerland,30,14128461,Malmo FF,35,950,2,3,0.55,0.48,34,16,5,6,28,5,0.8002857142857144,0,0,3.6085714285714285,86.06857142857143,37.0,106.6,64.85428571428572,69.28285714285714,56.059999999999995,63.18571428571428,69.54285714285714,23.194285714285712,1,0.09473684210526316,0.18947368421052632,0.28421052631578947,0.052105263157894745,0.04547368421052632,1.45,0.4736842105263158,0.09757894736842107,0.4736842105263158
P00260,Stefan Zuber,Swiss,Forward,Switzerland,17,43439068,Liverpool,35,1309,7,7,1.21,2.96,51,28,8,6,41,24,0.7808571428571428,0,0,4.22,84.28571428571429,37.0,141.6,80.39714285714285,88.22,57.074285714285715,83.04285714285714,90.51142857142857,25.257142857142856,1,0.06875477463712758,0.48128342245989303,0.48128342245989303,0.08319327731092437,0.20351413292589762,5.79,0.9625668449197861,0.286707410236822,0.9625668449197861
P00261,Christian Hojbjerg,Danish,Goalkeeper,Denmark,31,1478667,Red Star Belgrade,43,1302,0,0,0.0,0.0,0,5,0,10,17,0,0.6913953488372093,53,6,2.4,81.0813953488372,32.2,125.2,28.979069767441857,43.07209302325581,52.027906976744184,40.43953488372093,10.006976744186046,48.495348837209306,0,0.06912442396313365,0.0,0.0,0.0,0.0,0.0,0.0,0.0,0.0
P00262,Pierre-Emile Christensen,Danish,Goalkeeper,Denmark,32,1014967,Anderlecht,43,900,0,0,0.0,0.0,0,1,0,7,21,1,0.7325581395348837,33,5,1.5813953488372092,75.54186046511629,31.7,84.2,29.195348837209306,42.05348837209302,51.15581395348837,40.174418604651166,11.248837209302325,48.61860465116279,0,0.1,0.0,0.0,0.0,0.0,0.0,0.0,0.0,0.0
P00263,Simon Wind,Danish,Goalkeeper,Denmark,25,5209601,Copenhagen,43,1072,0,0,0.0,0.0,0,4,0,5,23,0,0.7220930232558139,45,5,1.967441860465116,79.43255813953488,31.7,99.4,29.71627906976744,43.73953488372093,53.70465116279069,37.6953488372093,9.644186046511628,47.800000000000004,0,0.08395522388059702,0.0,0.0,0.0,0.0,0.0,0.0,0.0,0.0
P00264,Christian Maehle,Danish,Defender,Denmark,32,19203018,Copenhagen,43,1745,2,4,0.12,0.18,18,19,65,57,111,1,0.8125581395348836,0,0,3.8232558139534887,83.71860465116279,35.2,191.7,30.58139534883721,72.36279069767441,56.616279069767444,63.14883720930233,36.66046511627907,72.98139534883721,1,0.05157593123209169,0.10315186246418338,0.20630372492836677,0.006189111747851003,0.009283667621776504,1.88,0.30945558739255014,0.015472779369627508,0.30945558739255014
P00265,Pierre-Emile Damsgaard,Danish,Defender,Denmark,28,7243042,PSV Eindhoven,43,1590,1,2,0.05,0.6000000000000001,8,9,48,32,89,1,0.8195348837209303,0,0,3.7860465116279074,82.4953488372093,34.8,166.1,28.790697674418606,69.02558139534884,54.15581395348837,65.01627906976744,37.61162790697674,72.14651162790697,1,0.05660377358490566,0.05660377358490566,0.11320754716981132,0.0028301886792452833,0.0339622641509434,0.95,0.169811320754717,0.036792452830188685,0.169811320754717
P00266,Simon Dolberg,Danish,Defender,Denmark,25,11869878,Young Boys,43,1665,1,3,0.13999999999999999,0.3,10,9,61,51,98,0,0.8213953488372093,0,0,3.4069767441860463,79.57674418604651,36.2,176.1,32.69069767441861,69.65116279069767,57.07209302325581,64.87674418604651,32.48604651162791,73.2279069767442,0,0.05405405405405406,0.05405405405405406,0.16216216216216217,0.0075675675675675675,0.016216216216216217,0.86,0.21621621621621623,0.023783783783783784,0.21621621621621623
P00267,Andreas Lindstrom,Danish,Defender,Denmark,25,27038070,Ajax,43,1806,0,1,0.07,0.29,10,16,65,54,94,0,0.8162790697674419,0,0,3.974418604651163,84.86976744186046,37.0,191.5,29.66046511627907,70.66744186046512,58.04186046511629,62.48604651162791,33.223255813953486,76.02093023255814,2,0.04983388704318937,0.0,0.04983388704318937,0.003488372093023256,0.014451827242524916,-0.07,0.04983388704318937,0.017940199335548173,0.04983388704318937
P00268,Joakim Maeland,Danish,Defender,Denmark,25,5505160,Barcelona,43,1422,2,1,0.05,0.44,5,8,47,40,46,0,0.8148837209302325,0,0,3.0744186046511626,83.15348837209302,35.3,149.5,28.525581395348834,48.45348837209303,50.216279069767445,46.38837209302326,22.967441860465115,51.967441860465115,0,0.06329113924050633,0.12658227848101267,0.06329113924050633,0.003164556962025317,0.027848101265822787,1.95,0.189873417721519,0.031012658227848103,0.189873417721519
P00269,Rasmus Andersen,Danish,Defender,Denmark,30,148079777,Feyenoord,43,1417,2,1,0.15,0.11,9,8,48,43,103,1,0.8209302325581395,0,0,3.358139534883721,82.56976744186046,37.0,154.0,30.77906976744186,87.26976744186047,55.82093023255814,83.53720930232558,45.13488372093023,91.4860465116279,0,0.06351446718419196,0.12702893436838392,0.06351446718419196,0.009527170077628794,0.006986591390261115,1.85,0.19054340155257588,0.01651376146788991,0.19054340155257588
P00270,Mikkel Bah,Danish,Defender,Denmark,32,3316593,Midtjylland,43,1814,2,2,0.09999999999999999,0.16,10,9,59,57,51,1,0.8097674418604651,0,0,3.827906976744186,82.54418604651163,35.6,185.0,29.367441860465114,42.53720930232558,54.420930232558135,38.9046511627907,22.151162790697676,45.95116279069768,2,0.04961411245865491,0.09922822491730982,0.09922822491730982,0.00496141124586549,0.007938257993384785,1.9,0.19845644983461963,0.012899669239250275,0.19845644983461963
P00271,Kasper Cornelius,Danish,Defender,Denmark,31,20421618,Barcelona,43,1432,2,1,0.04,0.2,2,11,44,42,90,1,0.8067441860465115,0,0,3.453488372093023,81.51627906976744,35.3,147.4,30.555813953488375,73.36976744186046,58.348837209302324,65.23023255813953,33.71627906976744,74.25581395348837,1,0.06284916201117319,0.12569832402234637,0.06284916201117319,0.0025139664804469278,0.012569832402234637,1.96,0.18854748603351956,0.015083798882681566,0.18854748603351956
P00272,Jannik Olsen,Danish,Defender,Denmark,25,14830801,Bayern Munich,43,1775,1,0,0.08,0.32,9,4,77,43,92,2,0.8318604651162791,0,0,4.0488372093023255,82.6906976744186,36.7,187.0,30.409302325581393,71.89767441860465,55.17906976744186,65.25581395348837,36.73488372093023,76.24186046511628,1,0.05070422535211268,0.05070422535211268,0.0,0.0040563380281690145,0.016225352112676058,0.92,0.05070422535211268,0.020281690140845073,0.05070422535211268
P00273,Christian Wass,Danish,Midfielder,Denmark,22,5818249,Osijek,43,1376,3,1,0.66,0.66,7,27,33,33,46,2,0.8383720930232558,0,0,3.309302325581396,81.66511627906976,37.0,173.2,40.109302325581396,42.22093023255814,53.17674418604651,38.253488372093024,38.46279069767442,32.56511627906977,0,0.06540697674418605,0.19622093023255816,0.06540697674418605,0.0431686046511628,0.0431686046511628,2.34,0.2616279069767442,0.0863372093023256,0.2616279069767442
P00274,Pierre-Emile Christensen,Danish,Midfielder,Denmark,21,4375323,Anderlecht,43,1687,1,3,0.23,0.86,18,31,38,25,49,9,0.8493023255813954,0,0,3.4046511627906977,80.6906976744186,36.5,203.29999999999998,43.72558139534884,48.60232558139535,55.89302325581396,46.67209302325582,39.48139534883721,37.4953488372093,0,0.053349140486069944,0.053349140486069944,0.16004742145820983,0.012270302311796088,0.04588026081802015,0.77,0.21339656194427978,0.058150563129816236,0.21339656194427978
P00275,Simon Poulsen,Danish,Midfielder,Denmark,23,4444778,AIK,43,1464,0,4,0.4,0.6,10,18,38,25,28,4,0.8595348837209302,0,0,3.597674418604651,81.61860465116278,36.8,169.7,41.43953488372093,43.300000000000004,49.93953488372093,40.123255813953485,34.402325581395345,34.25581395348837,0,0.06147540983606557,0.0,0.2459016393442623,0.02459016393442623,0.036885245901639344,-0.4,0.2459016393442623,0.06147540983606557,0.2459016393442623
P00276,Andreas Vestergaard,Danish,Midfielder,Denmark,27,3285521,Arsenal,43,1186,0,1,0.2,0.41,4,17,27,30,39,3,0.8555813953488371,0,0,3.0674418604651166,78.9139534883721,35.5,154.7,39.818604651162794,41.24418604651163,53.444186046511625,39.33720930232558,36.913953488372094,33.30232558139535,0,0.07588532883642496,0.0,0.07588532883642496,0.015177065767284992,0.03111298482293423,-0.2,0.07588532883642496,0.04629005059021922,0.07588532883642496
P00277,Joakim Skov,Danish,Midfielder,Denmark,28,12215380,Besiktas,43,1453,6,3,0.47,1.52,24,32,35,20,59,4,0.8525581395348837,0,0,3.5209302325581397,81.13488372093023,36.3,173.3,66.90697674418605,71.86279069767441,58.15348837209302,71.36976744186046,60.34186046511628,53.67209302325582,1,0.06194081211286993,0.3716448726772196,0.1858224363386098,0.029112181693048862,0.09415003441156229,5.53,0.5574673090158293,0.12326221610461116,0.5574673090158293
P00278,Rasmus Laursen,Danish,Midfielder,Denmark,21,51708759,Osijek,43,2020,0,8,0.39,4.06,36,51,43,33,106,13,0.8534883720930233,0,0,5.281395348837209,86.14651162790697,36.1,237.2,82.57441860465116,89.86511627906977,58.90930232558139,85.64418604651162,76.3093023255814,73.31627906976745,3,0.04455445544554455,0.0,0.3564356435643564,0.017376237623762374,0.18089108910891086,-0.39,0.3564356435643564,0.19826732673267322,0.3564356435643564
P00279,Mikkel Hansen,Danish,Midfielder,Denmark,22,9054642,Sporting CP,43,1327,1,3,0.22,0.83,10,12,29,22,23,5,0.853953488372093,0,0,3.197674418604651,84.73023255813953,35.0,154.6,38.05813953488372,41.56279069767442,55.58837209302326,36.96976744186047,38.123255813953485,35.367441860465114,1,0.06782215523737754,0.06782215523737754,0.20346646571213262,0.01492087415222306,0.05629238884702336,0.78,0.2712886209495102,0.07121326299924642,0.2712886209495102
P00280,Kasper Hojbjerg,Danish,Midfielder,Denmark,27,3714891,Besiktas,43,1931,0,5,0.46,0.63,17,29,43,31,52,7,0.8416279069767442,0,0,4.130232558139535,83.02325581395348,36.6,221.4,47.86046511627907,50.17674418604651,53.70232558139534,45.132558139534886,41.14883720930233,36.093023255813954,0,0.04660797514241326,0.0,0.2330398757120663,0.0214396685655101,0.029363024339720354,-0.46,0.2330398757120663,0.05080269290523046,0.2330398757120663
P00281,Christian Skov,Danish,Forward,Denmark,30,25131000,AC Milan,43,1703,6,3,5.95,1.26,53,29,21,5,41,17,0.7739534883720931,0,0,4.034883720930233,83.36744186046512,37.0,185.1,65.73255813953489,69.2279069767442,53.95348837209303,63.36046511627907,71.5860465116279,24.63953488372093,2,0.05284791544333529,0.31708749266001174,0.15854374633000587,0.31444509688784494,0.06658837345860247,0.04999999999999982,0.4756312389900176,0.3810334703464474,0.4756312389900176
P00282,Pierre-Emile Laursen,Danish,Forward,Denmark,24,4491253,Brondby,43,1671,2,3,2.46,0.49,28,10,21,7,45,12,0.7669767441860464,0,0,3.832558139534884,79.5093023255814,37.0,183.8,45.223255813953486,48.05116279069767,55.753488372093024,44.920930232558135,49.93255813953488,25.06744186046512,2,0.05385996409335727,0.10771992818671454,0.1615798922800718,0.1324955116696589,0.02639138240574506,-0.45999999999999996,0.26929982046678635,0.15888689407540396,0.26929982046678635
P00283,Simon Hansen,Danish,Forward,Denmark,25,15469796,Partizan,43,1899,9,5,1.6600000000000001,3.02,62,34,17,4,28,18,0.7990697674418604,0,0,4.6069767441860465,83.50232558139534,35.3,207.7,64.31860465116279,66.94186046511628,55.64418604651162,67.3232558139535,69.19534883720931,26.004651162790697,2,0.04739336492890995,0.42654028436018954,0.23696682464454974,0.07867298578199053,0.14312796208530804,7.34,0.6635071090047393,0.22180094786729856,0.6635071090047393
P00284,Andreas Hojbjerg,Danish,Forward,Denmark,24,21091317,Roma,43,1963,9,5,3.41,1.3,53,44,19,5,49,27,0.7906976744186046,0,0,4.488372093023256,84.78837209302326,35.9,215.5,66.56744186046512,68.55348837209303,57.82790697674418,65.25348837209303,69.70697674418605,24.06279069767442,3,0.04584819154355578,0.41263372389200204,0.22924095771777891,0.15634233316352522,0.059602649006622516,5.59,0.6418746816097809,0.21594498217014774,0.6418746816097809
P00285,Joakim Christensen,Danish,Forward,Denmark,30,21394836,Manchester United,43,1625,2,0,1.8599999999999999,0.6599999999999999,34,14,14,6,22,3,0.7667441860465116,0,0,3.5674418604651166,78.55581395348837,36.7,169.4,37.89302325581396,42.876744186046515,55.63488372093024,40.67906976744186,43.688372093023254,25.54186046511628,0,0.055384615384615386,0.11076923076923077,0.0,0.1030153846153846,0.03655384615384615,0.14000000000000012,0.11076923076923077,0.13956923076923075,0.11076923076923077
P00286,Rasmus Wind,Danish,Forward,Denmark,19,11558415,Paris Saint-Germain,43,1331,5,6,1.7,0.6699999999999999,40,16,14,2,28,9,0.766279069767442,0,0,3.2674418604651163,80.86279069767441,36.7,145.8,65.9953488372093,68.54651162790698,53.7093023255814,65.51162790697674,73.06279069767442,26.830232558139535,1,0.067618332081142,0.33809166040571,0.405709992486852,0.1149511645379414,0.04530428249436513,3.3,0.743801652892562,0.16025544703230654,0.743801652892562
P00287,Dusan Mitrovic,Serbian,Goalkeeper,Serbia,27,6169332,Osijek,42,924,0,0,0.0,0.0,0,2,0,4,15,0,0.6995238095238095,33,2,1.6904761904761905,78.6047619047619,32.1,86.8,31.135714285714286,41.53095238095238,53.26428571428571,39.957142857142856,9.776190476190477,48.73571428571429,0,0.09740259740259741,0.0,0.0,0.0,0.0,0.0,0.0,0.0,0.0
P00288,Aleksandar Savic,Serbian,Goalkeeper,Serbia,32,15367273,Red Star Belgrade,42,1162,0,2,0.0,0.0,0,6,0,7,24,0,0.7423809523809524,65,3,2.442857142857143,79.17857142857143,31.4,113.7,30.56904761904762,72.3047619047619,57.92380952380953,64.88809523809525,10.511904761904763,78.9452380952381,0,0.0774526678141136,0.0,0.1549053356282272,0.0,0.0,0.0,0.1549053356282272,0.0,0.1549053356282272
P00289,Filip Milinkovic-Savic,Serbian,Goalkeeper,Serbia,30,11500373,Arsenal,42,1062,0,0,0.0,0.0,0,3,0,6,18,1,0.7271428571428571,46,5,2.026190476190476,77.48333333333333,32.5,98.7,29.773809523809526,50.88571428571428,47.938095238095244,43.49047619047619,9.083333333333334,57.57142857142857,0,0.0847457627118644,0.0,0.0,0.0,0.0,0.0,0.0,0.0,0.0
P00290,Dusan Gudelj,Serbian,Defender,Serbia,22,2373393,Ajax,42,1959,1,1,0.08,0.05,13,6,65,45,56,0,0.8259523809523809,0,0,3.9285714285714284,80.71904761904761,35.5,210.1,31.092857142857145,42.52142857142857,50.44523809523809,39.37857142857143,20.816666666666666,45.15952380952381,0,0.045941807044410414,0.045941807044410414,0.045941807044410414,0.0036753445635528334,0.002297090352220521,0.92,0.09188361408882083,0.005972434915773354,0.09188361408882083
P00291,Aleksandar Kostic,Serbian,Defender,Serbia,33,1795550,PSV Eindhoven,42,1592,1,0,0.07,0.04,9,10,62,48,64,0,0.8166666666666667,0,0,3.7547619047619043,79.67142857142856,37.0,164.2,29.576190476190476,50.35476190476191,52.83571428571428,46.29761904761905,24.047619047619047,53.9952380952381,0,0.056532663316582916,0.056532663316582916,0.0,0.0039572864321608045,0.002261306532663317,0.9299999999999999,0.056532663316582916,0.006218592964824122,0.056532663316582916
P00292,Filip Pavlovic,Serbian,Defender,Serbia,26,3591411,Arsenal,42,1724,2,1,0.11,0.24,4,8,62,60,66,0,0.8040476190476191,0,0,3.55,78.91428571428571,36.3,185.7,32.357142857142854,49.161904761904765,53.41428571428572,46.71904761904762,25.992857142857144,52.39523809523809,1,0.052204176334106726,0.10440835266821345,0.052204176334106726,0.00574245939675174,0.012529002320185613,1.89,0.15661252900232017,0.018271461716937352,0.15661252900232017
P00293,Sergej Milenkovic,Serbian,Defender,Serbia,26,1858290,Brondby,42,1441,0,0,0.02,0.08,7,8,51,41,68,0,0.8235714285714286,0,0,2.980952380952381,81.03809523809524,35.3,148.4,28.65,50.542857142857144,51.30952380952381,45.37619047619047,24.719047619047622,53.409523809523805,0,0.062456627342123525,0.0,0.0,0.0012491325468424704,0.004996530187369882,-0.02,0.0,0.006245662734212352,0.0
P00294,Nemanja Lazovic,Serbian,Defender,Serbia,20,14474979,Fenerbahce,42,1247,1,0,0.060000000000000005,0.2,11,11,33,29,74,1,0.8235714285714286,0,0,3.642857142857143,83.7357142857143,35.6,129.5,30.37142857142857,90.45476190476191,60.94285714285714,85.00952380952381,43.73571428571429,92.7,0,0.07217321571772253,0.07217321571772253,0.0,0.004330392943063352,0.014434643143544507,0.94,0.07217321571772253,0.01876503608660786,0.07217321571772253
P00295,Dusan Zivkovic,Serbian,Defender,Serbia,28,24464325,Lech Poznan,42,1544,1,1,0.07,0.48000000000000004,14,22,56,50,138,0,0.819047619047619,0,0,3.7857142857142856,82.12142857142857,37.0,168.8,30.74761904761905,97.01904761904763,63.016666666666666,92.32857142857144,55.471428571428575,98.03809523809525,1,0.05829015544041451,0.05829015544041451,0.05829015544041451,0.004080310880829016,0.027979274611398965,0.9299999999999999,0.11658031088082901,0.03205958549222798,0.11658031088082901
P00296,Lazar Ilic,Serbian,Defender,Serbia,26,8239354,RB Salzburg,42,1733,4,2,0.04,0.1,9,9,49,46,87,2,0.8157142857142856,0,0,4.440476190476191,82.58571428571429,37.0,192.0,31.64761904761905,68.06428571428572,58.976190476190474,67.42380952380952,35.25952380952381,74.38809523809525,1,0.05193306405077899,0.20773225620311597,0.10386612810155799,0.00207732256203116,0.0051933064050779,3.96,0.31159838430467396,0.00727062896710906,0.31159838430467396
P00297,Strahinja Ristic,Serbian,Defender,Serbia,26,2805605,Galatasaray,42,1610,0,2,0.060000000000000005,0.13999999999999999,14,4,59,49,47,1,0.8166666666666667,0,0,3.407142857142857,81.17619047619048,35.6,170.0,31.183333333333334,49.404761904761905,54.66904761904762,43.77142857142857,23.56904761904762,53.535714285714285,0,0.055900621118012424,0.0,0.11180124223602485,0.003354037267080746,0.007826086956521738,-0.060000000000000005,0.11180124223602485,0.011180124223602483,0.11180124223602485
P00298,Andrija Gudelj,Serbian,Defender,Serbia,30,2941465,Barcelona,42,1305,0,1,0.1,0.24000000000000002,6,8,51,34,54,1,0.8045238095238095,0,0,3.05,81.73095238095237,37.0,144.1,32.695238095238096,50.34761904761905,52.4547619047619,47.73571428571429,25.821428571428573,52.30238095238095,1,0.06896551724137931,0.0,0.06896551724137931,0.006896551724137931,0.016551724137931035,-0.1,0.06896551724137931,0.023448275862068966,0.06896551724137931
P00299,Dusan Radonjic,Serbian,Midfielder,Serbia,28,3320547,Grasshoppers,42,1780,1,0,0.43000000000000005,0.76,18,29,38,24,57,6,0.8533333333333334,0,0,3.723809523809524,82.05238095238094,36.1,203.5,44.51904761904762,50.540476190476184,50.730952380952374,46.02619047619047,42.364285714285714,38.52142857142857,0,0.05056179775280899,0.05056179775280899,0.0,0.021741573033707867,0.03842696629213483,0.57,0.05056179775280899,0.06016853932584269,0.05056179775280899
P00300,Aleksandar Lukic,Serbian,Midfielder,Serbia,30,8806216,Liverpool,42,1558,2,7,0.33,0.8,19,40,41,25,68,9,0.8438095238095238,0,0,3.973809523809524,85.3047619047619,37.0,183.2,63.57380952380952,68.0952380952381,54.7547619047619,66.21904761904763,60.66428571428572,56.65238095238095,1,0.057766367137355584,0.11553273427471117,0.40436456996148906,0.019062901155327345,0.04621309370988447,1.67,0.5198973042362003,0.06527599486521181,0.5198973042362003
P00301,Filip Maksimovic,Serbian,Midfielder,Serbia,21,2921182,Dinamo Zagreb,42,1693,4,4,0.41000000000000003,0.98,27,29,41,33,48,6,0.8502380952380952,0,0,4.0095238095238095,82.62619047619049,35.5,197.2,46.88095238095238,49.80238095238095,55.230952380952374,47.964285714285715,42.18333333333334,38.89523809523809,1,0.05316007088009451,0.21264028352037803,0.21264028352037803,0.02179562906083875,0.05209686946249262,3.59,0.42528056704075606,0.07389249852333137,0.42528056704075606
P00302,Sergej Jovic,Serbian,Midfielder,Serbia,21,36046905,Real Madrid,42,1696,5,6,1.06,1.95,33,41,45,23,99,17,0.8511904761904762,0,0,4.1,81.81666666666668,37.0,198.6,81.08333333333333,86.70952380952382,60.11428571428572,81.16190476190476,78.53809523809524,72.73333333333333,0,0.05306603773584906,0.2653301886792453,0.31839622641509435,0.05625000000000001,0.10347877358490566,3.94,0.5837264150943396,0.15972877358490567,0.5837264150943396
P00303,Nemanja Jevtovic,Serbian,Midfielder,Serbia,29,54495695,Club Brugge,42,1342,4,8,0.58,3.0,24,44,29,19,87,13,0.8440476190476192,0,0,3.7023809523809526,84.67619047619048,36.6,158.2,77.55,89.40238095238095,64.75714285714287,87.88809523809525,78.6047619047619,72.5952380952381,1,0.06706408345752608,0.26825633383010433,0.5365126676602087,0.038897168405365126,0.20119225037257826,3.42,0.804769001490313,0.24008941877794338,0.804769001490313
P00304,Dusan Terzic,Serbian,Midfielder,Serbia,27,3444232,Partizan,42,1798,2,3,0.51,1.55,17,24,49,31,59,8,0.8490476190476189,0,0,4.657142857142857,82.31666666666668,37.0,215.8,44.19047619047619,50.09285714285714,53.766666666666666,49.85476190476191,41.792857142857144,38.49285714285715,1,0.05005561735261402,0.10011123470522804,0.15016685205784205,0.02552836484983315,0.07758620689655173,1.49,0.25027808676307006,0.10311457174638487,0.25027808676307006
P00305,Lazar Grujic,Serbian,Midfielder,Serbia,31,5695058,Feyenoord,42,1605,0,1,0.66,2.02,11,27,27,31,42,5,0.8502380952380952,0,0,3.7476190476190476,81.97380952380952,36.1,189.8,47.43095238095238,49.18095238095238,54.5452380952381,43.57380952380952,42.6047619047619,37.61904761904762,3,0.056074766355140186,0.0,0.056074766355140186,0.03700934579439252,0.11327102803738318,-0.66,0.056074766355140186,0.1502803738317757,0.056074766355140186
P00306,Strahinja Mitrovic,Serbian,Midfielder,Serbia,18,22149912,RB Salzburg,42,1246,2,2,0.6,1.89,12,23,25,15,66,5,0.8550000000000001,0,0,3.2,81.4452380952381,37.0,150.4,70.16190476190475,71.03571428571429,56.97857142857143,68.22619047619048,58.57380952380952,53.0047619047619,1,0.07223113964686999,0.14446227929373998,0.14446227929373998,0.043338683788121994,0.13651685393258428,1.4,0.28892455858747995,0.17985553772070628,0.28892455858747995
P00307,Dusan Jevtovic,Serbian,Forward,Serbia,27,22323905,AC Milan,42,1851,8,2,2.01,0.99,28,23,21,10,45,26,0.781904761904762,0,0,4.1761904761904765,84.50952380952381,36.5,204.2,65.12380952380951,71.12380952380951,55.78333333333334,66.54047619047618,71.38095238095238,24.176190476190477,1,0.04862236628849271,0.3889789303079417,0.09724473257698542,0.09773095623987034,0.04813614262560778,5.99,0.4862236628849271,0.1458670988654781,0.4862236628849271
P00308,Aleksandar Terzic,Serbian,Forward,Serbia,23,4010133,Marseille,42,1487,7,2,1.6400000000000001,0.71,23,20,8,7,14,12,0.7764285714285715,0,0,3.6404761904761904,82.10714285714286,36.2,162.4,46.33571428571428,49.48809523809524,48.76190476190476,46.45,50.84285714285714,26.37142857142857,1,0.0605245460659045,0.4236718224613315,0.121049092131809,0.09926025554808339,0.042972427706792195,5.359999999999999,0.5447209145931405,0.1422326832548756,0.5447209145931405
P00309,Filip Grujic,Serbian,Forward,Serbia,27,19323119,Marseille,42,1227,5,7,1.98,0.74,34,24,12,5,29,13,0.7776190476190475,0,0,3.2833333333333337,79.27142857142857,35.2,133.7,62.05238095238095,69.7452380952381,58.60952380952381,66.13809523809525,70.17142857142856,23.15952380952381,0,0.07334963325183375,0.36674816625916873,0.5134474327628362,0.14523227383863083,0.05427872860635697,3.02,0.880195599022005,0.1995110024449878,0.880195599022005
P00310,Sergej Mitrovic,Serbian,Forward,Serbia,26,8713600,Tottenham,42,1275,3,3,1.73,1.8,24,16,11,4,35,17,0.774047619047619,0,0,3.8,83.20238095238095,36.0,134.3,65.92142857142856,68.74047619047619,59.53333333333334,67.46190476190476,70.43571428571428,24.826190476190476,1,0.07058823529411765,0.21176470588235294,0.21176470588235294,0.12211764705882353,0.12705882352941178,1.27,0.4235294117647059,0.2491764705882353,0.4235294117647059
P00311,Nemanja Savic,Serbian,Forward,Serbia,26,8704056,Bayern Munich,42,1762,3,4,1.85,0.55,42,44,16,7,32,17,0.7709523809523811,0,0,4.092857142857143,83.61190476190475,36.3,197.4,65.0952380952381,71.71904761904761,57.0452380952381,64.40238095238095,73.75238095238095,21.771428571428572,1,0.0510783200908059,0.1532349602724177,0.2043132803632236,0.09449489216799092,0.02809307604994325,1.15,0.3575482406356413,0.12258796821793418,0.3575482406356413
P00312,Dusan Milinkovic-Savic,Serbian,Forward,Serbia,19,2164693,Chelsea,42,1556,3,3,2.18,0.79,30,14,9,11,26,5,0.784047619047619,0,0,4.1,81.17380952380952,37.0,173.9,45.47142857142857,47.80714285714286,52.86428571428572,46.75,50.99761904761905,24.89761904761905,0,0.05784061696658098,0.17352185089974292,0.17352185089974292,0.12609254498714653,0.045694087403598975,0.8199999999999998,0.34704370179948585,0.17178663239074551,0.34704370179948585
P00313,David Sabitzer,Austrian,Goalkeeper,Austria,31,7623596,Ajax,33,661,0,1,0.0,0.0,0,3,0,3,17,0,0.7160606060606061,28,3,1.7757575757575759,79.1909090909091,31.0,59.0,25.01212121212121,70.76060606060605,57.13939393939393,69.13939393939394,9.075757575757576,77.73636363636365,0,0.1361573373676248,0.0,0.1361573373676248,0.0,0.0,0.0,0.1361573373676248,0.0,0.1361573373676248
P00314,Marcel Lainer,Austrian,Goalkeeper,Austria,21,11270723,Besiktas,33,768,0,0,0.0,0.0,0,1,0,8,19,0,0.7254545454545455,42,1,1.993939393939394,79.65151515151516,34.2,74.4,31.272727272727273,69.89999999999999,54.65454545454545,65.73333333333333,9.984848484848484,78.93636363636364,0,0.1171875,0.0,0.0,0.0,0.0,0.0,0.0,0.0,0.0
P00315,Marko Baumgartlinger,Austrian,Goalkeeper,Austria,31,3398957,Club Brugge,33,1102,0,0,0.0,0.0,0,5,0,8,30,1,0.6951515151515152,35,3,2.5515151515151517,76.59696969696971,31.6,106.1,31.333333333333332,43.53939393939394,51.60909090909091,40.97878787878788,11.209090909090909,46.47878787878788,0,0.08166969147005444,0.0,0.0,0.0,0.0,0.0,0.0,0.0,0.0
P00316,David Laimer,Austrian,Defender,Austria,25,3011509,Napoli,33,1451,0,1,0.03,0.13,7,4,45,40,46,2,0.8224242424242424,0,0,3.8151515151515154,81.22727272727273,34.4,156.6,35.04545454545455,47.0,54.32121212121212,47.92121212121212,24.84242424242424,52.121212121212125,0,0.06202618883528601,0.0,0.06202618883528601,0.0018607856650585803,0.008063404548587182,-0.03,0.06202618883528601,0.009924190213645762,0.06202618883528601
P00317,Marcel Kalajdzic,Austrian,Defender,Austria,33,10509185,Liverpool,33,927,1,1,0.26,0.09,8,6,41,37,77,0,0.8196969696969697,0,0,3.103030303030303,79.34242424242424,34.6,97.8,29.163636363636364,90.36666666666666,55.79090909090909,82.88787878787879,45.81212121212121,94.22727272727273,1,0.0970873786407767,0.0970873786407767,0.0970873786407767,0.025242718446601944,0.008737864077669903,0.74,0.1941747572815534,0.03398058252427184,0.1941747572815534
P00318,Marko Gregoritsch,Austrian,Defender,Austria,27,11777939,Napoli,33,1595,0,0,0.22999999999999998,0.16,5,7,66,43,70,2,0.8242424242424242,0,0,4.6878787878787875,84.60303030303031,37.0,175.4,29.875757575757575,68.36363636363636,57.69090909090909,64.24545454545455,33.40909090909091,74.13030303030304,0,0.05642633228840126,0.0,0.0,0.012978056426332289,0.009028213166144201,-0.22999999999999998,0.0,0.02200626959247649,0.0
P00319,Konrad Posch,Austrian,Defender,Austria,27,11537444,Liverpool,33,1068,1,0,0.06,0.33,4,8,33,33,51,1,0.8172727272727273,0,0,3.587878787878788,82.47272727272727,37.0,116.6,28.96363636363636,67.04545454545455,57.47878787878788,64.86666666666666,36.736363636363635,76.67575757575759,1,0.08426966292134831,0.08426966292134831,0.0,0.0050561797752808986,0.027808988764044945,0.94,0.08426966292134831,0.03286516853932584,0.08426966292134831
P00320,Stefan Hinteregger,Austrian,Defender,Austria,24,57614882,Manchester United,33,1427,1,1,0.02,0.34,11,7,57,51,94,1,0.7975757575757576,0,0,4.021212121212121,82.16060606060607,37.0,149.0,28.096969696969698,71.0848484848485,54.64848484848485,63.02424242424243,35.59090909090909,74.71818181818182,0,0.06306937631394534,0.06306937631394534,0.06306937631394534,0.0012613875262789068,0.021443587946741418,0.98,0.12613875262789068,0.022704975473020327,0.12613875262789068
P00321,Maximilian Seiwald,Austrian,Defender,Austria,35,14524344,Bayer Leverkusen,33,984,0,2,0.01,0.26,6,5,40,22,49,0,0.8175757575757576,0,0,3.009090909090909,81.60303030303031,35.3,111.1,30.172727272727276,69.25151515151515,56.19090909090909,63.17878787878788,35.84848484848485,74.39999999999999,0,0.09146341463414634,0.0,0.18292682926829268,0.0009146341463414634,0.02378048780487805,-0.01,0.18292682926829268,0.024695121951219513,0.18292682926829268
P00322,Florian Waldschmidt,Austrian,Defender,Austria,22,19613882,Besiktas,33,1241,0,1,0.14,0.35000000000000003,2,9,34,40,92,3,0.8327272727272728,0,0,4.296969696969697,85.43333333333334,36.6,132.8,29.8,89.0878787878788,62.17575757575758,88.5,44.28181818181818,92.26060606060605,1,0.072522159548751,0.0,0.072522159548751,0.010153102336825141,0.025382755842062853,-0.14,0.072522159548751,0.03553585817888799,0.072522159548751
P00323,Xaver Kofler,Austrian,Defender,Austria,34,6937019,Ajax,33,1001,0,0,0.03,0.07,3,4,45,35,40,1,0.8342424242424242,0,0,2.809090909090909,80.88181818181818,35.6,107.7,31.596969696969698,48.93333333333333,52.984848484848484,45.7969696969697,26.484848484848484,55.124242424242425,0,0.0899100899100899,0.0,0.0,0.002697302697302697,0.006293706293706294,-0.03,0.0,0.008991008991008992,0.0
P00324,Philipp Friedl,Austrian,Defender,Austria,24,15509447,Borussia Dortmund,33,1416,2,1,0.1,0.15,7,8,44,36,77,1,0.8196969696969697,0,0,4.209090909090909,85.13030303030304,37.0,149.9,30.545454545454547,69.13636363636364,56.40909090909091,68.03939393939395,37.57272727272728,77.43939393939394,2,0.0635593220338983,0.1271186440677966,0.0635593220338983,0.006355932203389831,0.009533898305084745,1.9,0.1906779661016949,0.015889830508474576,0.1906779661016949
P00325,David Ulmer,Austrian,Midfielder,Austria,30,86025691,Rapid Vienna,33,1351,6,3,0.45,1.79,27,58,41,22,103,14,0.8454545454545455,0,0,4.757575757575758,86.77878787878787,36.2,162.1,93.16666666666667,96.27878787878787,58.169696969696965,92.77272727272727,91.63030303030304,75.98181818181818,2,0.06661732050333087,0.39970392301998525,0.19985196150999263,0.02997779422649889,0.11924500370096226,5.55,0.5995558845299779,0.14922279792746115,0.5995558845299779
P00326,Marcel Dembir,Austrian,Midfielder,Austria,22,5930635,Chelsea,33,1007,2,3,0.28,0.87,15,22,20,24,42,4,0.843939393939394,0,0,3.415151515151515,80.60909090909091,37.0,122.2,69.53333333333333,72.82727272727273,53.88484848484848,65.51515151515152,61.121212121212125,53.64545454545454,2,0.08937437934458789,0.17874875868917578,0.26812313803376364,0.02502482621648461,0.07775571002979147,1.72,0.4468718967229394,0.10278053624627607,0.4468718967229394
P00327,Marko Borrmann,Austrian,Midfielder,Austria,18,3323085,Juventus,33,915,0,2,0.44,1.03,7,9,25,14,22,5,0.8590909090909091,0,0,2.378787878787879,79.43636363636364,36.5,105.4,40.30909090909091,42.63939393939393,55.0030303030303,41.13939393939393,35.43333333333333,31.22121212121212,0,0.09836065573770492,0.0,0.19672131147540983,0.043278688524590166,0.10131147540983607,-0.44,0.19672131147540983,0.14459016393442622,0.19672131147540983
P00328,Konrad Bardi,Austrian,Midfielder,Austria,27,20618666,Atletico Madrid,33,814,0,1,0.15,0.24,12,15,19,24,35,5,0.8587878787878788,0,0,2.715151515151515,78.34242424242424,34.6,92.3,62.663636363636364,71.04545454545455,57.6,62.06363636363636,58.63636363636363,58.96363636363636,1,0.11056511056511056,0.0,0.11056511056511056,0.016584766584766583,0.026535626535626536,-0.15,0.11056511056511056,0.04312039312039312,0.11056511056511056
P00329,Stefan Muhl,Austrian,Midfielder,Austria,25,6862820,Real Madrid,33,1701,2,4,0.08,1.92,10,28,36,25,41,5,0.8581818181818182,0,0,5.012121212121213,82.0969696969697,36.0,193.6,39.23939393939394,42.5030303030303,54.07272727272728,40.10303030303031,37.306060606060605,29.96363636363636,1,0.05291005291005291,0.10582010582010581,0.21164021164021163,0.004232804232804233,0.10158730158730157,1.92,0.31746031746031744,0.1058201058201058,0.31746031746031744
P00330,Maximilian Bavoli,Austrian,Midfielder,Austria,24,20082412,Young Boys,33,1141,4,2,0.6,1.47,9,29,18,21,35,6,0.8412121212121213,0,0,4.43030303030303,82.4121212121212,35.7,148.8,64.43030303030302,65.95151515151515,56.275757575757574,69.63636363636364,60.24242424242424,55.17878787878788,1,0.07887817703768624,0.31551270815074495,0.15775635407537247,0.04732690622261174,0.11595092024539877,3.4,0.4732690622261174,0.1632778264680105,0.4732690622261174
P00331,Florian Kick,Austrian,Midfielder,Austria,33,11730967,Sporting CP,33,1390,1,2,0.5800000000000001,0.65,28,28,22,22,64,11,0.8484848484848485,0,0,3.9909090909090907,82.94545454545454,36.6,155.8,64.35757575757576,70.36060606060606,57.30909090909091,67.62121212121212,60.35454545454546,54.7969696969697,0,0.06474820143884892,0.06474820143884892,0.12949640287769784,0.03755395683453238,0.0420863309352518,0.41999999999999993,0.19424460431654678,0.07964028776978418,0.19424460431654678
P00332,Xaver Sabitzer,Austrian,Midfielder,Austria,21,16312197,RB Leipzig,33,1435,3,3,1.5999999999999999,2.31,29,43,35,23,74,6,0.8381818181818181,0,0,4.2272727272727275,81.24545454545455,36.5,166.3,61.75757575757576,70.29393939393938,55.46969696969697,68.13333333333334,59.487878787878785,56.60909090909091,2,0.0627177700348432,0.18815331010452963,0.18815331010452963,0.10034843205574911,0.1448780487804878,1.4000000000000001,0.37630662020905925,0.2452264808362369,0.37630662020905925
P00333,David Muhl,Austrian,Forward,Austria,18,11207976,Arsenal,33,1574,5,4,2.46,0.28,35,34,9,7,30,21,0.7748484848484849,0,0,4.754545454545455,83.77272727272727,36.8,171.8,66.5909090909091,70.34848484848484,54.77272727272727,69.86363636363636,72.03636363636363,26.436363636363637,1,0.05717916137229987,0.28589580686149935,0.22871664548919948,0.14066073697585768,0.016010165184243964,2.54,0.5146124523506989,0.15667090216010165,0.5146124523506989
P00334,Marcel Bavoli,Austrian,Forward,Austria,28,19983488,RB Leipzig,33,1453,5,1,2.36,1.09,40,26,14,3,27,17,0.7766666666666666,0,0,4.303030303030303,83.93333333333334,36.5,162.1,73.8060606060606,69.47575757575757,55.23939393939394,66.46363636363637,73.06969696969698,24.48787878787879,2,0.06194081211286993,0.3097040605643496,0.06194081211286993,0.146180316586373,0.06751548520302822,2.64,0.3716448726772196,0.21369580178940123,0.3716448726772196
P00335,Marko Kick,Austrian,Forward,Austria,29,77319536,Napoli,33,987,3,4,1.2,0.53,37,24,11,5,38,14,0.7948484848484849,0,0,3.9484848484848487,84.92121212121212,35.5,107.10000000000001,90.5939393939394,96.86363636363636,59.948484848484846,96.22121212121213,95.62727272727273,25.900000000000002,1,0.0911854103343465,0.2735562310030395,0.364741641337386,0.1094224924012158,0.048328267477203646,1.8,0.6382978723404256,0.15775075987841947,0.6382978723404256
P00336,Konrad Sabitzer,Austrian,Forward,Austria,26,3310909,Red Star Belgrade,33,1103,4,2,1.0999999999999999,0.43,23,13,12,6,8,8,0.7812121212121212,0,0,3.490909090909091,81.85757575757576,34.9,121.1,45.77878787878788,49.2969696969697,53.96060606060606,46.34848484848485,50.32121212121212,25.96969696969697,0,0.0815956482320943,0.3263825929283772,0.1631912964641886,0.08975521305530372,0.03508612873980055,2.9000000000000004,0.48957388939256574,0.12484134179510427,0.48957388939256574
P00337,Stefan Lainer,Austrian,Forward,Austria,26,61390857,Malmo FF,33,1688,11,3,3.2,0.87,64,40,16,8,59,33,0.7806060606060605,0,0,5.418181818181819,88.28787878787878,35.5,185.4,84.60606060606061,89.13030303030304,59.22727272727273,80.82121212121211,93.78484848484848,23.484848484848484,1,0.0533175355450237,0.5864928909952607,0.1599526066350711,0.17061611374407584,0.046386255924170616,7.8,0.7464454976303319,0.21700236966824646,0.7464454976303319
P00338,Maximilian Baumgartlinger,Austrian,Forward,Austria,26,5122912,Arsenal,33,1217,3,2,0.93,0.4,14,13,11,4,20,9,0.7942424242424243,0,0,3.8666666666666667,81.31212121212121,35.6,140.79999999999998,47.448484848484846,49.95454545454545,51.051515151515154,46.2969696969697,51.72727272727273,26.32121212121212,1,0.07395234182415776,0.22185702547247327,0.14790468364831552,0.06877567789646673,0.029580936729663106,2.07,0.36976170912078876,0.09835661462612984,0.36976170912078876
P00339,Robert Zielinski,Polish,Goalkeeper,Poland,28,1713925,AC Milan,39,799,0,0,0.0,0.0,0,5,0,1,17,0,0.7256410256410256,32,1,1.523076923076923,72.06153846153846,33.3,74.60000000000001,30.635897435897434,40.35897435897436,49.776923076923076,38.84102564102564,9.602564102564102,48.93333333333334,0,0.11264080100125157,0.0,0.0,0.0,0.0,0.0,0.0,0.0,0.0
P00340,Piotr Glik,Polish,Goalkeeper,Poland,27,5858673,Bayer Leverkusen,39,1405,0,1,0.0,0.0,0,6,0,11,25,0,0.7346153846153846,58,3,2.7948717948717947,78.12820512820512,32.0,138.4,32.274358974358975,48.94615384615385,56.802564102564105,47.47692307692307,11.197435897435897,56.302564102564105,0,0.06405693950177936,0.0,0.06405693950177936,0.0,0.0,0.0,0.06405693950177936,0.0,0.06405693950177936
P00341,Jan Milik,Polish,Goalkeeper,Poland,33,1755377,Copenhagen,39,899,0,0,0.0,0.0,0,2,0,7,13,0,0.7123076923076923,35,3,1.6717948717948719,76.75897435897436,31.9,87.4,28.03589743589744,50.079487179487174,54.353846153846156,48.96410256410256,8.720512820512822,57.18461538461538,0,0.10011123470522804,0.0,0.0,0.0,0.0,0.0,0.0,0.0,0.0
P00342,Robert Krychowiak,Polish,Defender,Poland,27,7306230,Malmo FF,39,1420,0,3,0.06,0.39999999999999997,13,6,62,44,81,1,0.8343589743589743,0,0,4.079487179487179,84.31025641025641,36.4,145.2,29.41025641025641,69.54358974358973,56.758974358974356,68.76923076923077,34.37692307692308,76.19487179487179,0,0.06338028169014084,0.0,0.19014084507042253,0.0038028169014084506,0.025352112676056335,-0.06,0.19014084507042253,0.029154929577464787,0.19014084507042253
P00343,Piotr Szymanski,Polish,Defender,Poland,20,6807322,Midtjylland,39,1910,1,0,0.21,0.41000000000000003,6,13,71,52,104,0,0.7999999999999999,0,0,4.282051282051282,84.94871794871794,36.9,204.5,33.06410256410256,69.54102564102564,54.05641025641025,63.94358974358975,33.02564102564103,76.22307692307692,1,0.04712041884816754,0.04712041884816754,0.0,0.009895287958115184,0.019319371727748693,0.79,0.04712041884816754,0.029214659685863877,0.04712041884816754
P00344,Jan Bednarek,Polish,Defender,Poland,29,1867106,Benfica,39,1431,1,0,0.07,0.03,7,6,59,43,46,0,0.8171794871794872,0,0,4.105128205128205,79.43333333333334,36.5,151.6,31.90769230769231,42.312820512820515,53.6,38.54871794871795,21.07948717948718,44.59487179487179,0,0.06289308176100629,0.06289308176100629,0.0,0.004402515723270441,0.0018867924528301887,0.9299999999999999,0.06289308176100629,0.006289308176100629,0.06289308176100629
P00345,Arkadiusz Dawidowicz,Polish,Defender,Poland,31,8671826,Porto,39,1201,0,2,0.02,0.27,4,5,48,30,47,0,0.8187179487179487,0,0,3.551282051282051,82.14102564102564,35.4,117.4,32.04615384615384,48.08974358974359,51.36666666666667,48.00512820512821,25.43076923076923,54.282051282051285,0,0.0749375520399667,0.0,0.1498751040799334,0.001498751040799334,0.02023313905079101,-0.02,0.1498751040799334,0.021731890091590343,0.1498751040799334
P00346,Grzegorz Piatek,Polish,Defender,Poland,26,3165157,Young Boys,39,1252,2,1,0.09,0.05,10,4,46,50,56,0,0.815128205128205,0,0,3.420512820512821,79.06923076923077,35.5,131.8,31.853846153846153,50.02307692307693,54.207692307692305,46.292307692307695,24.943589743589744,54.05128205128205,0,0.07188498402555911,0.14376996805111822,0.07188498402555911,0.00646964856230032,0.0035942492012779556,1.91,0.21565495207667734,0.010063897763578276,0.21565495207667734
P00347,Krzysztof Grosicki,Polish,Defender,Poland,27,5761189,Malmo FF,39,1478,2,1,0.03,0.09,7,5,40,45,75,1,0.8164102564102564,0,0,4.205128205128205,83.44358974358975,36.8,163.5,30.625641025641027,70.69487179487179,56.98205128205129,64.04358974358973,33.17692307692308,73.50769230769231,1,0.06089309878213803,0.12178619756427606,0.06089309878213803,0.0018267929634641408,0.005480378890392422,1.97,0.18267929634641408,0.007307171853856563,0.18267929634641408
P00348,Mateusz Frankowski,Polish,Defender,Poland,31,10570804,Feyenoord,39,1156,1,0,0.02,0.38,6,4,35,39,51,1,0.8228205128205129,0,0,2.841025641025641,80.14871794871796,34.4,126.6,28.52051282051282,48.33846153846154,52.658974358974355,47.84615384615385,22.682051282051283,52.47435897435897,0,0.07785467128027682,0.07785467128027682,0.0,0.0015570934256055363,0.02958477508650519,0.98,0.07785467128027682,0.031141868512110725,0.07785467128027682
P00349,Jakub Helik,Polish,Defender,Poland,18,3656412,Copenhagen,39,1733,1,1,0.04,0.14,7,5,65,46,58,2,0.8323076923076923,0,0,3.8358974358974356,83.84358974358975,36.6,172.4,31.692307692307693,48.369230769230775,55.17435897435898,46.16153846153846,23.128205128205128,52.37435897435897,1,0.05193306405077899,0.05193306405077899,0.05193306405077899,0.00207732256203116,0.00727062896710906,0.96,0.10386612810155799,0.00934795152914022,0.10386612810155799
P00350,Kamil Jozwiak,Polish,Defender,Poland,24,9705472,Marseille,39,1500,1,0,0.02,0.03,10,10,65,35,66,2,0.8133333333333334,0,0,3.787179487179487,83.7051282051282,37.0,152.6,29.025641025641026,49.71025641025641,54.68974358974359,46.19230769230769,25.45897435897436,53.07692307692308,0,0.06,0.06,0.0,0.0012,0.0018,0.98,0.06,0.003,0.06
P00351,Robert Swierczok,Polish,Midfielder,Poland,31,17650534,Benfica,39,1869,5,4,0.67,1.93,22,48,50,33,85,13,0.8497435897435898,0,0,4.78974358974359,86.39999999999999,36.6,218.9,65.77692307692308,69.25641025641026,57.758974358974356,67.84871794871795,57.48974358974359,54.95384615384615,1,0.048154093097913325,0.24077046548956663,0.1926163723916533,0.03226324237560193,0.09293739967897272,4.33,0.4333868378812199,0.12520064205457465,0.4333868378812199
P00352,Piotr Cash,Polish,Midfielder,Poland,27,81075176,RB Leipzig,39,1242,1,6,0.46,1.68,28,42,33,17,72,11,0.8507692307692307,0,0,3.323076923076923,80.73333333333333,36.8,141.7,84.4948717948718,88.61538461538461,57.5974358974359,88.56153846153846,76.83589743589744,68.28717948717949,1,0.07246376811594203,0.07246376811594203,0.4347826086956522,0.03333333333333333,0.12173913043478261,0.54,0.5072463768115942,0.15507246376811595,0.5072463768115942
P00353,Jan Rybus,Polish,Midfielder,Poland,32,2666185,Club Brugge,39,1590,1,1,0.51,1.29,18,24,40,29,48,6,0.8417948717948718,0,0,3.8076923076923075,80.03076923076922,35.4,192.2,44.85641025641026,49.738461538461536,50.882051282051286,46.54615384615384,42.05384615384615,38.812820512820515,0,0.05660377358490566,0.05660377358490566,0.05660377358490566,0.028867924528301888,0.0730188679245283,0.49,0.11320754716981132,0.1018867924528302,0.11320754716981132
P00354,Arkadiusz Puchacz,Polish,Midfielder,Poland,23,8726917,Roma,39,1300,1,0,0.19999999999999998,0.11,8,18,30,20,34,3,0.8648717948717948,0,0,3.430769230769231,80.81538461538462,37.0,162.1,45.699999999999996,48.92564102564102,53.22307692307692,45.91538461538462,41.96410256410256,38.11025641025641,1,0.06923076923076923,0.06923076923076923,0.0,0.013846153846153847,0.007615384615384616,0.8,0.06923076923076923,0.021461538461538462,0.06923076923076923
P00355,Grzegorz Skoras,Polish,Midfielder,Poland,21,6697432,Ajax,39,1743,0,2,0.36,1.1600000000000001,17,22,44,33,43,10,0.8584615384615384,0,0,4.305128205128205,83.0025641025641,36.8,195.6,42.16410256410256,47.4974358974359,55.01025641025641,46.8025641025641,44.97948717948718,37.17948717948718,2,0.05163511187607573,0.0,0.10327022375215146,0.01858864027538726,0.05989672977624785,-0.36,0.10327022375215146,0.07848537005163511,0.10327022375215146
P00356,Krzysztof Urbański,Polish,Midfielder,Poland,28,10952936,FC Basel,39,1859,2,0,0.67,1.11,18,14,55,31,36,5,0.8535897435897436,0,0,4.294871794871795,82.61794871794872,35.5,223.8,36.864102564102566,43.08461538461538,51.91025641025641,39.666666666666664,36.45128205128205,32.47435897435897,0,0.04841312533620226,0.09682625067240452,0.0,0.03243679397525552,0.05373856912318452,1.33,0.09682625067240452,0.08617536309844004,0.09682625067240452
P00357,Mateusz Kozlowski,Polish,Midfielder,Poland,25,96310144,Bayern Munich,39,1258,5,5,0.38,1.0,25,43,26,21,85,19,0.8533333333333334,0,0,3.6743589743589737,86.05897435897437,34.3,156.1,91.93589743589743,96.17692307692307,58.55897435897436,92.72820512820513,86.65897435897435,80.43589743589743,2,0.07154213036565978,0.35771065182829886,0.35771065182829886,0.027186009538950714,0.07154213036565978,4.62,0.7154213036565977,0.09872813990461049,0.7154213036565977
P00358,Jakub Zielinski,Polish,Midfielder,Poland,25,37809770,Arsenal,39,1191,4,4,0.8,0.89,31,26,31,18,77,14,0.867948717948718,0,0,3.830769230769231,84.03076923076922,36.0,146.0,84.66410256410256,90.98205128205129,58.802564102564105,83.12051282051281,80.33076923076923,65.93589743589743,2,0.07556675062972293,0.3022670025188917,0.3022670025188917,0.06045340050377834,0.06725440806045341,3.2,0.6045340050377834,0.12770780856423175,0.6045340050377834
P00359,Robert Skoras,Polish,Forward,Poland,34,12927808,Paris Saint-Germain,39,1631,3,1,1.9000000000000001,1.03,54,29,17,7,31,19,0.7828205128205129,0,0,3.8923076923076927,81.72051282051282,35.3,176.8,66.82051282051282,69.79743589743589,54.4,64.73589743589743,71.71282051282051,24.41794871794872,1,0.05518087063151441,0.16554261189454322,0.05518087063151441,0.10484365419987739,0.05683629675045984,1.0999999999999999,0.22072348252605764,0.16167995095033721,0.22072348252605764
P00360,Piotr Urbański,Polish,Forward,Poland,22,15448669,Copenhagen,39,1204,5,2,0.66,0.79,20,13,12,2,16,4,0.7784615384615384,0,0,2.7923076923076926,80.72564102564102,35.3,132.5,41.00769230769231,42.94102564102564,51.305128205128206,40.27179487179487,43.36153846153846,24.751282051282054,0,0.07475083056478406,0.37375415282392027,0.14950166112956811,0.04933554817275748,0.059053156146179404,4.34,0.5232558139534884,0.10838870431893688,0.5232558139534884
P00361,Jan Kozlowski,Polish,Forward,Poland,25,9090097,RB Salzburg,39,1083,3,3,1.01,0.15,12,11,10,10,27,8,0.7833333333333333,0,0,2.9769230769230766,81.6025641025641,35.6,114.8,45.55641025641026,49.38717948717949,55.671794871794866,46.83846153846154,52.57179487179488,25.905128205128207,1,0.08310249307479224,0.24930747922437674,0.24930747922437674,0.08393351800554016,0.012465373961218836,1.99,0.4986149584487535,0.09639889196675899,0.4986149584487535
P00362,Arkadiusz Zielinski,Polish,Forward,Poland,27,7885461,Sporting CP,39,1653,5,3,1.87,0.64,29,27,14,4,25,12,0.7792307692307693,0,0,4.023076923076923,82.96666666666667,36.8,188.6,46.51025641025641,48.83589743589744,54.305128205128206,48.16410256410256,47.9974358974359,23.784615384615385,1,0.0544464609800363,0.27223230490018147,0.16333938294010888,0.10181488203266788,0.03484573502722323,3.13,0.4355716878402903,0.1366606170598911,0.4355716878402903
P00363,Grzegorz Glik,Polish,Forward,Poland,20,14358277,Porto,39,1370,4,3,2.62,0.32,43,16,13,11,25,14,0.7784615384615384,0,0,4.071794871794872,81.3025641025641,36.7,152.8,61.83846153846154,70.22820512820513,56.47179487179488,65.67435897435898,70.86410256410257,22.900000000000002,2,0.06569343065693431,0.26277372262773724,0.19708029197080293,0.1721167883211679,0.02102189781021898,1.38,0.45985401459854014,0.19313868613138688,0.45985401459854014
P00364,Krzysztof Milik,Polish,Forward,Poland,23,8659602,Atletico Madrid,39,1493,3,6,2.46,0.6799999999999999,41,30,9,10,25,16,0.7728205128205128,0,0,3.676923076923077,85.42820512820512,36.3,163.4,62.758974358974356,69.97948717948718,54.81025641025641,64.72820512820513,70.17692307692307,26.24102564102564,1,0.06028131279303416,0.18084393837910248,0.36168787675820496,0.14829202947086403,0.04099129269926323,0.54,0.5425318151373074,0.18928332217012728,0.5425318151373074
P00365,Dejan Isak,Swedish,Goalkeeper,Sweden,29,13416038,AC Milan,36,880,0,1,0.0,0.0,0,4,0,9,17,1,0.7119444444444444,36,2,1.9055555555555554,77.39444444444445,32.5,81.7,31.375,69.89722222222223,57.486111111111114,69.54722222222222,9.36111111111111,78.86666666666666,2,0.10227272727272728,0.0,0.10227272727272728,0.0,0.0,0.0,0.10227272727272728,0.0,0.10227272727272728
P00366,Alexander Lindelof,Swedish,Goalkeeper,Sweden,33,1744205,Benfica,36,1157,0,0,0.0,0.0,0,3,0,8,29,0,0.7383333333333333,52,4,2.5,78.44722222222222,29.9,103.0,32.230555555555554,42.61944444444444,52.30833333333333,39.650000000000006,8.466666666666667,47.81944444444444,0,0.07778738115816768,0.0,0.0,0.0,0.0,0.0,0.0,0.0,0.0
P00367,Emil Olsson,Swedish,Goalkeeper,Sweden,29,2818786,Marseille,36,784,0,0,0.0,0.0,0,1,0,3,19,0,0.7275,41,0,1.5611111111111111,77.94999999999999,31.2,76.0,29.841666666666665,42.38055555555556,51.63055555555556,41.044444444444444,10.322222222222223,48.55,0,0.11479591836734694,0.0,0.0,0.0,0.0,0.0,0.0,0.0,0.0
P00368,Dejan Augustinsson,Swedish,Defender,Sweden,19,3156641,Borussia Dortmund,36,1638,0,1,0.01,0.030000000000000002,13,12,74,43,75,1,0.8172222222222222,0,0,3.9749999999999996,82.92777777777778,35.7,173.9,27.294444444444444,48.861111111111114,54.580555555555556,45.98888888888889,23.447222222222223,52.84444444444445,0,0.054945054945054944,0.0,0.054945054945054944,0.0005494505494505495,0.0016483516483516484,-0.01,0.054945054945054944,0.002197802197802198,0.054945054945054944
P00369,Alexander Ekdal,Swedish,Defender,Sweden,32,528822,Dinamo Zagreb,36,1411,0,0,0.04,0.02,4,6,39,31,52,0,0.8125,0,0,3.5027777777777778,79.76944444444445,35.9,155.2,28.577777777777776,41.297222222222224,51.355555555555554,39.30555555555556,22.375,45.62222222222223,0,0.06378454996456413,0.0,0.0,0.0025513819985825653,0.0012756909992912826,-0.04,0.0,0.0038270729978738477,0.0
P00370,Emil Berg,Swedish,Defender,Sweden,29,10243337,Tottenham,36,1491,0,0,0.0,0.09,4,2,57,38,78,0,0.8247222222222222,0,0,4.183333333333334,85.94999999999999,36.3,160.6,31.21111111111111,66.78611111111111,56.486111111111114,66.71666666666667,34.075,74.28888888888889,0,0.060362173038229376,0.0,0.0,0.0,0.005432595573440644,0.0,0.0,0.005432595573440644,0.0
P00371,Viktor Krafth,Swedish,Defender,Sweden,23,4353169,Paris Saint-Germain,36,1335,2,1,0.030000000000000002,0.05,6,6,54,45,43,0,0.8322222222222222,0,0,4.397222222222222,82.13611111111112,36.7,148.0,29.255555555555556,42.97222222222222,51.66111111111111,39.141666666666666,19.580555555555556,44.394444444444446,0,0.06741573033707865,0.1348314606741573,0.06741573033707865,0.0020224719101123597,0.0033707865168539327,1.97,0.20224719101123595,0.005393258426966292,0.20224719101123595
P00372,Robin Björkman,Swedish,Defender,Sweden,27,13038313,Legia Warsaw,36,1517,0,2,0.09,0.11,13,17,52,37,107,0,0.8208333333333333,0,0,4.577777777777778,82.61111111111111,35.9,165.0,31.541666666666668,86.70555555555556,57.95277777777778,84.05277777777778,46.775000000000006,92.83055555555556,1,0.05932762030323006,0.0,0.11865524060646011,0.005339485827290705,0.006526038233355306,-0.09,0.11865524060646011,0.011865524060646011,0.11865524060646011
P00373,Ludwig Elanga,Swedish,Defender,Sweden,29,35972213,Atletico Madrid,36,1281,1,2,0.05,0.13,7,16,44,34,111,1,0.821388888888889,0,0,3.7527777777777778,81.90555555555555,35.5,135.0,28.333333333333332,97.03055555555555,63.23055555555556,95.66944444444444,59.425000000000004,97.04444444444444,2,0.0702576112412178,0.0702576112412178,0.1405152224824356,0.00351288056206089,0.009133489461358314,0.95,0.21077283372365338,0.012646370023419205,0.21077283372365338
P00374,Mattias Karlsson,Swedish,Defender,Sweden,31,7428194,Osijek,36,1321,5,0,0.03,0.05,5,6,35,36,48,0,0.8208333333333333,0,0,3.952777777777778,82.27222222222223,35.9,146.9,24.544444444444444,41.61666666666667,50.111111111111114,39.55833333333333,20.008333333333333,46.202777777777776,1,0.06813020439061317,0.34065102195306585,0.0,0.0020439061317183947,0.0034065102195306586,4.97,0.34065102195306585,0.005450416351249054,0.34065102195306585
P00375,Karl Kristoffersen,Swedish,Defender,Sweden,30,6801724,Midtjylland,36,1688,0,0,0.02,0.37,8,5,40,50,92,1,0.8144444444444444,0,0,4.511111111111111,85.51666666666667,37.0,180.2,29.21388888888889,69.59722222222223,56.83888888888889,68.975,32.94166666666667,70.31666666666666,0,0.0533175355450237,0.0,0.0,0.001066350710900474,0.019727488151658767,-0.02,0.0,0.02079383886255924,0.0
P00376,Filip Daka,Swedish,Defender,Sweden,24,4894153,FC Basel,36,952,0,0,0.07,0.03,7,0,32,30,29,0,0.8161111111111111,0,0,2.7472222222222222,80.01666666666667,37.0,100.2,30.380555555555556,42.38055555555556,54.172222222222224,39.03055555555555,19.586111111111112,43.41388888888889,0,0.09453781512605042,0.0,0.0,0.00661764705882353,0.0028361344537815125,-0.07,0.0,0.009453781512605043,0.0
P00377,Dejan Gustafson,Swedish,Midfielder,Sweden,19,15794088,Besiktas,36,1332,2,1,0.25,0.51,16,15,28,22,41,5,0.8413888888888889,0,0,3.0277777777777777,80.30555555555556,35.7,159.1,43.769444444444446,48.863888888888894,53.46944444444445,47.18055555555556,41.52222222222222,38.68888888888889,0,0.06756756756756757,0.13513513513513514,0.06756756756756757,0.016891891891891893,0.03445945945945946,1.75,0.20270270270270271,0.051351351351351354,0.20270270270270271
P00378,Alexander Ndicka,Swedish,Midfielder,Sweden,24,23674468,Legia Warsaw,36,1291,1,3,0.43,1.23,13,16,41,23,47,5,0.8494444444444444,0,0,3.4805555555555556,82.36388888888888,36.7,153.5,45.358333333333334,48.577777777777776,50.861111111111114,46.81388888888889,41.68611111111111,39.59722222222222,1,0.069713400464756,0.069713400464756,0.20914020139426803,0.029976762199845082,0.08574748257164988,0.5700000000000001,0.278853601859024,0.11572424477149496,0.278853601859024
P00379,Emil Garcia,Swedish,Midfielder,Sweden,24,24026785,Legia Warsaw,36,1246,5,3,0.06,1.9,17,20,30,13,57,8,0.8408333333333333,0,0,3.797222222222222,81.96111111111111,35.6,143.1,65.97222222222223,69.75,56.775000000000006,65.80277777777778,59.91388888888889,57.42222222222222,3,0.07223113964686999,0.36115569823434995,0.21669341894060995,0.004333868378812199,0.13723916532905298,4.94,0.5778491171749599,0.14157303370786517,0.5778491171749599
P00380,Viktor Holm,Swedish,Midfielder,Sweden,20,63921739,Real Madrid,36,1553,5,2,0.23,3.19,29,40,43,21,73,9,0.8363888888888888,0,0,4.286111111111111,85.1861111111111,35.1,182.8,77.31944444444444,89.19444444444444,59.86666666666666,83.05000000000001,80.25,69.58333333333333,1,0.05795235028976175,0.2897617514488087,0.1159047005795235,0.013329040566645203,0.18486799742433999,4.77,0.40566645202833224,0.1981970379909852,0.40566645202833224
P00381,Robin Wahlqvist,Swedish,Midfielder,Sweden,31,13435801,Malmo FF,36,1293,3,4,0.42,1.2000000000000002,16,23,33,22,63,7,0.8583333333333333,0,0,3.25,80.25277777777778,34.5,158.2,62.76944444444444,73.45833333333333,58.81944444444444,63.824999999999996,60.291666666666664,57.477777777777774,1,0.06960556844547564,0.2088167053364269,0.27842227378190254,0.029234338747099766,0.08352668213457078,2.58,0.4872389791183295,0.11276102088167055,0.4872389791183295
P00382,Ludwig Hiljemark,Swedish,Midfielder,Sweden,25,3030475,Grasshoppers,36,1090,1,3,0.11000000000000001,1.26,10,23,20,15,22,5,0.8413888888888889,0,0,2.9361111111111113,79.13611111111112,35.1,130.6,37.202777777777776,41.57222222222222,48.794444444444444,39.22777777777778,36.56111111111111,32.91388888888889,0,0.08256880733944955,0.08256880733944955,0.24770642201834864,0.009082568807339451,0.10403669724770642,0.89,0.3302752293577982,0.11311926605504588,0.3302752293577982
P00383,Mattias Ljungberg,Swedish,Midfielder,Sweden,26,6171391,Brondby,36,1697,3,0,0.39,0.97,8,19,50,32,50,3,0.8461111111111111,0,0,4.116666666666666,80.51388888888889,36.7,191.6,41.68611111111111,41.28055555555555,52.141666666666666,41.96666666666667,36.61666666666667,33.22777777777778,2,0.05303476723629935,0.15910430170889805,0.0,0.02068355922215675,0.05144372421921037,2.61,0.15910430170889805,0.07212728344136712,0.15910430170889805
P00384,Karl Isak,Swedish,Midfielder,Sweden,27,8289387,Barcelona,36,1538,2,2,0.43,1.11,12,20,42,16,26,3,0.8644444444444445,0,0,3.952777777777778,80.89444444444445,36.3,178.5,38.125,42.19444444444444,49.55555555555556,41.05555555555556,35.016666666666666,32.291666666666664,0,0.05851755526657997,0.11703511053315994,0.11703511053315994,0.025162548764629387,0.06495448634590377,1.57,0.2340702210663199,0.09011703511053315,0.2340702210663199
P00385,Dejan Wahlqvist,Swedish,Forward,Sweden,30,3535774,Juventus,36,1152,6,0,1.21,0.27,20,11,8,7,21,8,0.8016666666666666,0,0,2.9055555555555554,81.30833333333334,37.0,123.4,38.62222222222223,40.849999999999994,52.17777777777778,41.05,44.42777777777778,27.22222222222222,0,0.078125,0.46875,0.0,0.09453125,0.02109375,4.79,0.46875,0.115625,0.46875
P00386,Alexander Hiljemark,Swedish,Forward,Sweden,20,5666965,Liverpool,36,1458,1,1,1.39,0.5700000000000001,26,11,16,8,26,6,0.7986111111111112,0,0,4.0055555555555555,81.975,37.0,161.8,39.11944444444444,41.958333333333336,52.92777777777778,41.33611111111111,43.30833333333333,23.905555555555555,0,0.06172839506172839,0.06172839506172839,0.06172839506172839,0.08580246913580246,0.03518518518518519,-0.3899999999999999,0.12345679012345678,0.12098765432098765,0.12345679012345678
P00387,Emil Ljungberg,Swedish,Forward,Sweden,28,45572673,Grasshoppers,36,1523,6,9,2.2,2.06,63,21,6,5,48,19,0.7544444444444445,0,0,5.072222222222222,86.64444444444445,36.7,168.7,84.89166666666667,89.3138888888889,62.983333333333334,81.75833333333333,92.18055555555556,23.397222222222222,2,0.05909389363099146,0.35456336178594877,0.5318450426789232,0.13000656598818122,0.12173342087984242,3.8,0.8864084044648719,0.2517399868680236,0.8864084044648719
P00388,Viktor Isak,Swedish,Forward,Sweden,33,16588527,Paris Saint-Germain,36,1221,7,1,1.82,0.82,24,27,14,4,30,13,0.7683333333333333,0,0,3.197222222222222,81.5,37.0,128.1,65.33888888888889,67.88333333333334,59.375,64.6888888888889,73.36666666666666,26.53611111111111,1,0.07371007371007371,0.5159705159705159,0.07371007371007371,0.13415233415233416,0.06044226044226044,5.18,0.5896805896805897,0.1945945945945946,0.5896805896805897
P00389,Robin Lindelof,Swedish,Forward,Sweden,28,5845796,Dinamo Zagreb,36,1006,1,0,1.07,0.34,20,13,9,4,15,5,0.8080555555555555,0,0,3.8583333333333334,79.74444444444445,35.2,111.9,35.28333333333333,42.355555555555554,51.78611111111111,39.64722222222222,41.833333333333336,26.436111111111114,0,0.08946322067594434,0.08946322067594434,0.0,0.09572564612326044,0.03041749502982108,-0.07000000000000006,0.08946322067594434,0.1261431411530815,0.08946322067594434
P00390,Ludwig Olsson,Swedish,Forward,Sweden,22,48798366,Dinamo Zagreb,36,1189,8,0,2.41,0.77,44,28,11,11,26,26,0.7797222222222222,0,0,3.638888888888889,81.94722222222222,35.1,130.7,83.88055555555555,88.19722222222222,62.22222222222222,85.67777777777778,89.16111111111111,23.97222222222222,1,0.07569386038687972,0.6055508830950378,0.0,0.18242220353238014,0.05828427249789739,5.59,0.6055508830950378,0.24070647603027753,0.6055508830950378
P00391,Hakan Under,Turkish,Goalkeeper,Turkey,29,2416886,Roma,50,641,0,0,0.0,0.0,0,3,0,6,9,0,0.7173999999999999,23,2,0.9620000000000001,75.57600000000001,30.8,60.6,30.732,42.592,51.861999999999995,38.63,9.984,46.878,0,0.14040561622464898,0.0,0.0,0.0,0.0,0.0,0.0,0.0,0.0
P00392,Cengiz Soyuncu,Turkish,Goalkeeper,Turkey,24,7179235,Juventus,50,1567,0,0,0.0,0.0,0,5,0,8,37,2,0.7104,72,6,2.648,77.778,31.7,145.5,28.944000000000003,69.2,55.364,68.08800000000001,11.187999999999999,78.594,0,0.0574345883854499,0.0,0.0,0.0,0.0,0.0,0.0,0.0,0.0
P00393,Merih Turan,Turkish,Goalkeeper,Turkey,36,1759890,Besiktas,50,1646,0,0,0.0,0.0,0,7,0,11,37,0,0.7390000000000001,53,7,2.346,82.82600000000001,32.9,153.3,30.131999999999998,50.68,56.106,46.553999999999995,9.454,55.913999999999994,0,0.054678007290400975,0.0,0.0,0.0,0.0,0.0,0.0,0.0,0.0
P00394,Hakan Yilmaz,Turkish,Defender,Turkey,24,5864063,Osijek,50,1280,0,1,0.01,0.14,9,4,51,41,46,0,0.8244,0,0,2.748,78.37,36.5,138.4,27.441999999999997,42.122,53.852,39.99,21.476,45.756,1,0.0703125,0.0,0.0703125,0.000703125,0.009843750000000002,-0.01,0.0703125,0.010546875000000002,0.0703125
P00395,Cengiz Kahveci,Turkish,Defender,Turkey,23,11641472,Bayern Munich,50,2114,1,0,0.04,0.2,14,7,64,64,66,0,0.8144,0,0,3.412,79.82,35.5,217.3,28.686,47.48,52.21,46.01,25.628,53.36600000000001,0,0.04257332071901608,0.04257332071901608,0.0,0.0017029328287606433,0.008514664143803216,0.96,0.04257332071901608,0.010217596972563858,0.04257332071901608
P00396,Merih Kokcu,Turkish,Defender,Turkey,29,13781172,Copenhagen,50,1519,0,1,0.18,0.26,10,7,50,39,95,0,0.8164,0,0,3.408,80.91199999999999,36.4,160.0,31.577999999999996,69.80199999999999,56.272,69.628,34.984,72.902,0,0.05924950625411455,0.0,0.05924950625411455,0.010664911125740618,0.015404871626069783,-0.18,0.05924950625411455,0.026069782751810402,0.05924950625411455
P00397,Caglar Guler,Turkish,Defender,Turkey,27,11061458,Napoli,50,1875,1,4,0.08,0.14,16,8,65,52,96,0,0.8264,0,0,4.002,80.71600000000001,37.0,208.2,31.568,70.44800000000001,54.602,65.438,34.861999999999995,73.73,1,0.048,0.048,0.192,0.00384,0.006720000000000001,0.92,0.24,0.010560000000000002,0.24
P00398,Burak Tufan,Turkish,Defender,Turkey,31,1801789,Inter Milan,50,1799,1,0,0.03,0.06,10,8,75,58,51,0,0.8190000000000001,0,0,3.438,80.274,36.8,185.3,28.168000000000003,40.154,53.406000000000006,40.0,21.128,44.512,0,0.0500277932184547,0.0500277932184547,0.0,0.001500833796553641,0.003001667593107282,0.97,0.0500277932184547,0.004502501389660923,0.0500277932184547
P00399,Enes Celik,Turkish,Defender,Turkey,23,13927073,Bayer Leverkusen,50,1613,1,1,0.06,0.12,9,14,63,49,86,0,0.8254,0,0,3.6260000000000003,84.12,37.0,170.7,30.855999999999998,70.61,57.788000000000004,65.77,35.69,73.47,0,0.05579665220086795,0.05579665220086795,0.05579665220086795,0.003347799132052077,0.006695598264104154,0.94,0.1115933044017359,0.010043397396156232,0.1115933044017359
P00400,Yusuf Kilicsoy,Turkish,Defender,Turkey,34,16608048,Feyenoord,50,1901,1,3,0.02,0.49,15,13,69,52,101,0,0.8294,0,0,3.4960000000000004,82.35600000000001,36.6,194.1,28.384,67.476,58.288000000000004,62.532,33.775999999999996,75.872,1,0.04734350341925302,0.04734350341925302,0.14203051025775906,0.0009468700683850605,0.02319831667543398,0.98,0.1893740136770121,0.02414518674381904,0.1893740136770121
P00401,Irfan Enes,Turkish,Defender,Turkey,23,15278138,Osijek,50,1769,1,1,0.08,0.19,16,14,55,46,148,1,0.8144,0,0,3.9,82.05799999999999,36.2,187.1,31.134,90.126,59.228,84.866,47.232,91.348,0,0.05087620124364047,0.05087620124364047,0.05087620124364047,0.004070096099491238,0.00966647823629169,0.92,0.10175240248728094,0.013736574335782927,0.10175240248728094
P00402,Orkun Bayindir,Turkish,Defender,Turkey,28,3326762,Real Madrid,50,2069,3,0,0.13,0.05,13,6,64,62,62,0,0.8262,0,0,3.8480000000000003,82.456,34.8,215.7,31.518,41.534,53.79,40.211999999999996,21.134,44.628,0,0.04349927501208313,0.1304978250362494,0.0,0.005654905751570807,0.0021749637506041568,2.87,0.1304978250362494,0.007829869502174965,0.1304978250362494
P00403,Hakan Ucar,Turkish,Midfielder,Turkey,24,11191363,Sporting CP,50,1759,2,2,1.06,3.63,29,44,47,32,82,9,0.8466,0,0,3.5639999999999996,82.34200000000001,37.0,201.9,67.632,68.74600000000001,57.652,69.3,58.662,53.903999999999996,0,0.051165434906196704,0.10233086981239341,0.10233086981239341,0.054235361000568506,0.18573052870949402,0.94,0.20466173962478681,0.23996588971006252,0.20466173962478681
P00404,Cengiz Muldur,Turkish,Midfielder,Turkey,24,7819509,Rapid Vienna,50,1598,2,1,0.5,0.74,13,21,36,33,41,8,0.8565999999999999,0,0,2.742,79.986,36.6,188.4,38.548,41.238,52.251999999999995,39.111999999999995,35.635999999999996,32.158,1,0.056320400500625784,0.11264080100125157,0.056320400500625784,0.028160200250312892,0.04167709637046308,1.5,0.16896120150187735,0.06983729662077598,0.16896120150187735
P00405,Merih Yildiz,Turkish,Midfielder,Turkey,28,6179874,Paris Saint-Germain,50,1908,3,3,0.44,1.11,25,43,52,34,86,8,0.85,0,0,3.9619999999999997,81.294,37.0,232.79999999999998,62.88,69.798,54.3,64.47,61.338,56.354,1,0.04716981132075472,0.14150943396226418,0.14150943396226418,0.020754716981132078,0.052358490566037745,2.56,0.28301886792452835,0.07311320754716982,0.28301886792452835
P00406,Caglar Abdul,Turkish,Midfielder,Turkey,22,3022793,Real Madrid,50,1903,0,6,0.98,1.4000000000000001,16,25,42,27,62,7,0.8484,0,0,3.988,81.61,37.0,224.9,44.95399999999999,48.9,53.361999999999995,46.526,43.412,39.16,1,0.047293746715712036,0.0,0.2837624802942722,0.04634787178139779,0.06621124540199685,-0.98,0.2837624802942722,0.11255911718339465,0.2837624802942722
P00407,Burak Cengiz,Turkish,Midfielder,Turkey,26,8071447,Napoli,50,2254,2,5,0.73,1.22,15,22,58,40,71,3,0.8540000000000001,0,0,4.09,82.59,35.1,273.4,41.782,42.88,51.828,37.948,36.568000000000005,34.204,2,0.03992901508429459,0.07985803016858918,0.19964507542147295,0.02914818101153505,0.0487133984028394,1.27,0.27950310559006214,0.07786157941437445,0.27950310559006214
P00408,Enes Gonul,Turkish,Midfielder,Turkey,21,17444103,Ajax,50,1590,3,4,1.24,1.73,33,51,36,27,97,8,0.8368000000000001,0,0,3.7239999999999998,85.134,36.1,189.8,80.896,89.336,58.641999999999996,85.4,77.72,68.748,1,0.05660377358490566,0.169811320754717,0.22641509433962265,0.07018867924528302,0.09792452830188679,1.76,0.39622641509433965,0.1681132075471698,0.39622641509433965
P00409,Yusuf Unal,Turkish,Midfielder,Turkey,24,6771021,Lech Poznan,50,2126,3,3,0.57,1.8900000000000001,24,28,62,24,71,6,0.8532,0,0,3.8280000000000003,82.00200000000001,37.0,257.7,45.856,48.864,54.174,46.474,41.343999999999994,37.378,0,0.04233301975540922,0.12699905926622768,0.12699905926622768,0.024129821260583252,0.08000940733772344,2.43,0.25399811853245535,0.10413922859830668,0.25399811853245535
P00410,Irfan Under,Turkish,Midfielder,Turkey,23,25143752,Marseille,50,1908,5,4,0.6699999999999999,2.45,32,43,34,29,80,19,0.8412000000000001,0,0,4.14,83.796,37.0,223.9,62.048,70.376,56.42,65.15,60.356,53.526,2,0.04716981132075472,0.2358490566037736,0.18867924528301888,0.03160377358490566,0.11556603773584907,4.33,0.42452830188679247,0.14716981132075474,0.42452830188679247
P00411,Hakan Cengiz,Turkish,Forward,Turkey,26,13292658,Dinamo Zagreb,50,2111,5,3,2.4899999999999998,0.9,37,30,21,6,27,19,0.7582,0,0,4.2,81.834,37.0,222.29999999999998,47.153999999999996,50.602,55.931999999999995,45.854,50.114,24.855999999999998,1,0.04263382283278067,0.21316911416390336,0.12790146849834202,0.10615821885362386,0.03837044054950261,2.5100000000000002,0.3410705826622454,0.14452865940312648,0.3410705826622454
P00412,Cengiz Gonul,Turkish,Forward,Turkey,32,5395874,Rapid Vienna,50,1757,9,2,2.64,1.45,40,24,14,11,39,31,0.769,0,0,3.418,82.13600000000001,37.0,186.8,62.588,69.91199999999999,54.843999999999994,65.538,71.87400000000001,25.246,0,0.05122367672168469,0.4610130904951622,0.10244735344336937,0.13523050654524757,0.0742743312464428,6.359999999999999,0.5634604439385316,0.20950483779169038,0.5634604439385316
P00413,Merih Unal,Turkish,Forward,Turkey,31,2791716,Malmo FF,50,1982,2,1,0.88,0.8500000000000001,40,20,15,9,31,9,0.802,0,0,3.9019999999999997,80.518,35.7,219.3,38.65,41.732,51.856,39.506,42.974,24.741999999999997,0,0.045408678102926335,0.09081735620585267,0.045408678102926335,0.039959636730575177,0.03859737638748739,1.12,0.136226034308779,0.07855701311806257,0.136226034308779
P00414,Caglar Under,Turkish,Forward,Turkey,30,5068248,RB Salzburg,50,2317,10,7,2.35,0.47000000000000003,43,23,24,15,41,17,0.7722,0,0,4.1080000000000005,81.222,36.6,255.4,43.122,49.108000000000004,53.74,47.3,49.894,25.494,1,0.03884333189469141,0.38843331894691413,0.2719033232628399,0.09128182995252482,0.018256365990504966,7.65,0.6603366422097541,0.10953819594302978,0.6603366422097541
P00415,Burak Soyuncu,Turkish,Forward,Turkey,20,142059273,Grasshoppers,50,2244,5,4,3.47,0.88,78,46,19,15,67,26,0.7737999999999999,0,0,4.224,84.068,35.6,241.0,79.07600000000001,91.068,57.24,84.478,87.402,23.875999999999998,1,0.040106951871657755,0.20053475935828877,0.16042780748663102,0.13917112299465242,0.03529411764705882,1.5299999999999998,0.3609625668449198,0.17446524064171126,0.3609625668449198
P00416,Enes Turan,Turkish,Forward,Turkey,30,9410136,Real Madrid,50,1937,5,3,2.61,2.37,50,32,12,6,52,20,0.77,0,0,4.5280000000000005,82.038,37.0,210.6,64.53,69.944,55.64,65.484,70.572,26.66,1,0.04646360351058337,0.23231801755291687,0.13939081053175012,0.1212700051626226,0.1101187403200826,2.39,0.371708828084667,0.23138874548270522,0.371708828084667
P00417,Andriy Zinchenko,Ukrainian,Goalkeeper,Ukraine,24,3408608,Club Brugge,38,1319,0,0,0.0,0.0,0,5,0,8,24,0,0.7218421052631578,60,1,2.6868421052631577,80.15263157894738,33.8,124.6,29.402631578947368,48.72631578947368,53.75526315789474,48.23157894736842,9.85,54.48684210526316,0,0.06823351023502654,0.0,0.0,0.0,0.0,0.0,0.0,0.0,0.0
P00418,Oleksandr Tsygankov,Ukrainian,Goalkeeper,Ukraine,27,3277200,Real Madrid,38,564,0,0,0.0,0.0,0,1,0,3,16,0,0.7139473684210526,27,1,1.0973684210526315,81.17368421052632,31.2,51.6,30.3,50.886842105263156,50.16052631578947,46.13421052631579,10.263157894736842,57.51315789473684,0,0.1595744680851064,0.0,0.0,0.0,0.0,0.0,0.0,0.0,0.0
P00419,Mykhailo Sudakov,Ukrainian,Goalkeeper,Ukraine,39,82306689,Anderlecht,38,1053,0,0,0.0,0.0,0,4,0,3,42,0,0.7326315789473684,36,1,2.555263157894737,79.6078947368421,32.7,98.89999999999999,32.689473684210526,97.91842105263159,65.44473684210527,90.17105263157895,9.76842105263158,99.0,0,0.08547008547008547,0.0,0.0,0.0,0.0,0.0,0.0,0.0,0.0
P00420,Andriy Dovbyk,Ukrainian,Defender,Ukraine,31,3806096,AIK,38,1313,0,0,0.16,0.05,7,11,48,37,44,0,0.8223684210526315,0,0,3.681578947368421,78.53684210526316,35.5,137.5,29.431578947368422,47.300000000000004,53.602631578947374,45.87105263157895,25.318421052631578,53.689473684210526,0,0.06854531607006854,0.0,0.0,0.010967250571210967,0.0034272658035034275,-0.16,0.0,0.014394516374714394,0.0
P00421,Oleksandr Shaparenko,Ukrainian,Defender,Ukraine,26,10340840,Atletico Madrid,38,1972,0,1,0.13,0.17,19,14,61,59,104,1,0.8152631578947368,0,0,5.3315789473684205,85.2578947368421,35.4,209.4,29.810526315789474,71.36315789473684,54.47105263157895,66.35526315789474,35.36578947368421,76.9421052631579,0,0.04563894523326572,0.0,0.04563894523326572,0.0059330628803245435,0.007758620689655173,-0.13,0.04563894523326572,0.013691683569979716,0.04563894523326572
P00422,Mykhailo Zabarnyi,Ukrainian,Defender,Ukraine,34,57440247,Tottenham,38,1175,0,1,0.06,0.16999999999999998,8,15,51,39,110,1,0.8213157894736842,0,0,3.7315789473684213,81.90263157894738,36.8,124.9,30.163157894736845,97.60000000000001,64.50526315789473,93.51578947368421,53.794736842105266,98.2921052631579,0,0.07659574468085106,0.0,0.07659574468085106,0.004595744680851064,0.01302127659574468,-0.06,0.07659574468085106,0.017617021276595743,0.07659574468085106
P00423,Viktor Karavaev,Ukrainian,Defender,Ukraine,24,23458810,Dinamo Zagreb,38,1327,3,0,0.08,0.09,10,11,49,29,86,0,0.8360526315789474,0,0,3.9421052631578952,83.6921052631579,37.0,142.9,29.186842105263157,86.40263157894738,61.54210526315789,81.97368421052632,45.42631578947368,93.33157894736841,1,0.06782215523737754,0.20346646571213262,0.0,0.005425772418990203,0.006103993971363978,2.92,0.20346646571213262,0.011529766390354182,0.20346646571213262
P00424,Artem Lunin,Ukrainian,Defender,Ukraine,22,1917150,Paris Saint-Germain,38,1407,0,0,0.23,0.07,6,5,53,47,54,0,0.8297368421052632,0,0,3.4473684210526314,80.96315789473684,35.7,147.0,31.521052631578947,48.69736842105263,50.86842105263158,44.01052631578948,23.88421052631579,53.892105263157895,0,0.06396588486140725,0.0,0.0,0.01471215351812367,0.004477611940298508,-0.23,0.0,0.019189765458422176,0.0
P00425,Ruslan Makarenko,Ukrainian,Defender,Ukraine,30,6794162,Sporting CP,38,1617,1,0,0.04,0.44000000000000006,7,7,53,38,98,0,0.8263157894736842,0,0,4.61578947368421,82.57105263157894,37.0,177.0,30.060526315789474,69.92894736842106,57.39473684210526,68.10526315789474,33.78421052631579,76.14999999999999,1,0.055658627087198514,0.055658627087198514,0.0,0.0022263450834879408,0.02448979591836735,0.96,0.055658627087198514,0.02671614100185529,0.055658627087198514
P00426,Yevhen Yaremchuk,Ukrainian,Defender,Ukraine,27,1325273,RB Salzburg,38,1481,2,0,0.060000000000000005,0.13,9,8,45,45,46,0,0.7876315789473685,0,0,3.3815789473684212,80.89999999999999,34.2,162.6,28.771052631578947,47.810526315789474,52.373684210526314,46.9,25.13157894736842,54.08947368421053,0,0.06076975016880486,0.12153950033760973,0.0,0.003646185010128292,0.007900067521944632,1.94,0.12153950033760973,0.011546252532072924,0.12153950033760973
P00427,Dmytro Kovalenko,Ukrainian,Defender,Ukraine,29,2306483,Bayern Munich,38,1003,1,2,0.0,0.08,7,6,24,27,32,0,0.8294736842105263,0,0,2.736842105263158,78.78421052631579,35.9,100.9,28.384210526315787,50.48947368421052,52.473684210526315,46.613157894736844,24.492105263157896,52.857894736842105,0,0.0897308075772682,0.0897308075772682,0.1794616151545364,0.0,0.0071784646061814564,1.0,0.2691924227318046,0.0071784646061814564,0.2691924227318046
P00428,Oleksiy Sobol,Ukrainian,Defender,Ukraine,27,6835064,Red Star Belgrade,38,1558,0,1,0.01,0.2,11,10,50,47,71,0,0.8178947368421052,0,0,3.5368421052631582,80.8921052631579,37.0,169.9,27.19736842105263,50.76578947368421,50.328947368421055,48.86842105263158,25.142105263157895,51.32105263157895,1,0.057766367137355584,0.0,0.057766367137355584,0.0005776636713735559,0.011553273427471117,-0.01,0.057766367137355584,0.012130937098844673,0.057766367137355584
P00429,Andriy Bushchan,Ukrainian,Midfielder,Ukraine,22,10807720,Rapid Vienna,38,1727,4,5,0.8500000000000001,3.87,16,32,45,35,81,13,0.8615789473684211,0,0,4.673684210526315,83.0,36.0,207.6,66.47105263157896,69.3,58.95263157894736,65.34210526315789,58.88947368421053,54.23684210526316,1,0.05211349160393746,0.20845396641574984,0.2605674580196873,0.044296467863346844,0.20167921250723797,3.15,0.46902142443543715,0.24597568037058481,0.46902142443543715
P00430,Oleksandr Sydorchuk,Ukrainian,Midfielder,Ukraine,22,13869319,Tottenham,38,1305,4,3,0.24000000000000002,2.79,17,27,38,23,54,9,0.8439473684210527,0,0,3.7684210526315787,82.38947368421053,35.4,152.0,65.27368421052631,71.24473684210527,54.413157894736834,68.58684210526316,59.20263157894736,51.45263157894737,1,0.06896551724137931,0.27586206896551724,0.20689655172413793,0.016551724137931035,0.19241379310344828,3.76,0.48275862068965514,0.20896551724137932,0.48275862068965514
P00431,Mykhailo Besedin,Ukrainian,Midfielder,Ukraine,21,1772808,Partizan,38,1429,0,1,0.28,1.24,11,23,32,23,51,5,0.8410526315789474,0,0,3.5157894736842104,81.36052631578947,37.0,171.6,47.96315789473684,49.68684210526315,54.873684210526314,47.21052631578947,40.93421052631579,37.439473684210526,1,0.06298110566829951,0.0,0.06298110566829951,0.017634709587123865,0.07809657102869139,-0.28,0.06298110566829951,0.09573128061581525,0.06298110566829951
P00432,Viktor Stepanenko,Ukrainian,Midfielder,Ukraine,31,6975724,Ajax,38,1424,2,1,0.8300000000000001,2.38,22,25,20,21,64,7,0.8431578947368421,0,0,3.5842105263157893,83.41052631578947,36.2,172.5,66.15263157894738,67.23421052631579,55.636842105263156,66.78947368421052,58.5921052631579,57.715789473684204,0,0.06320224719101124,0.12640449438202248,0.06320224719101124,0.052457865168539335,0.15042134831460674,1.17,0.1896067415730337,0.20287921348314608,0.1896067415730337
P00433,Artem Bolbat,Ukrainian,Midfielder,Ukraine,27,2699796,Paris Saint-Germain,38,1362,2,7,0.52,0.81,12,19,29,21,37,4,0.8597368421052632,0,0,3.6263157894736846,82.0,35.7,167.4,43.652631578947364,47.57631578947369,50.38947368421052,45.560526315789474,44.41578947368421,38.04210526315789,3,0.06607929515418502,0.13215859030837004,0.46255506607929514,0.03436123348017621,0.05352422907488987,1.48,0.5947136563876652,0.08788546255506607,0.5947136563876652
P00434,Ruslan Bondarenko,Ukrainian,Midfielder,Ukraine,28,11638963,PSV Eindhoven,38,1478,0,3,1.39,2.1,23,33,37,33,64,8,0.8560526315789474,0,0,4.3315789473684205,82.0,34.8,188.9,70.78157894736842,69.11315789473684,63.63157894736842,69.85526315789474,58.944736842105264,55.06052631578948,0,0.06089309878213803,0.0,0.18267929634641408,0.08464140730717186,0.12787550744248985,-1.39,0.18267929634641408,0.21251691474966172,0.18267929634641408
P00435,Yevhen Kryvtsov,Ukrainian,Midfielder,Ukraine,24,82721909,Bayern Munich,38,1375,3,3,0.66,2.58,28,43,41,22,113,15,0.8557894736842107,0,0,3.892105263157895,85.6263157894737,37.0,163.3,93.3921052631579,96.37105263157895,59.41842105263158,92.03421052631579,90.82105263157894,79.25263157894737,1,0.06545454545454546,0.19636363636363638,0.19636363636363638,0.0432,0.16887272727272729,2.34,0.39272727272727276,0.2120727272727273,0.39272727272727276
P00436,Dmytro Zinchenko,Ukrainian,Midfielder,Ukraine,26,33936030,AC Milan,38,1357,1,2,0.67,0.54,19,38,30,21,67,5,0.8373684210526315,0,0,3.460526315789474,82.09210526315789,36.7,160.4,66.84736842105262,70.35526315789474,56.126315789473686,63.61052631578947,61.747368421052634,54.16052631578947,1,0.06632277081798084,0.06632277081798084,0.13264554163596168,0.04443625644804716,0.035814296241709655,0.32999999999999996,0.19896831245394253,0.08025055268975681,0.19896831245394253
P00437,Andriy Bolbat,Ukrainian,Forward,Ukraine,27,9508104,Galatasaray,38,1458,2,1,1.65,0.6,26,11,11,10,16,6,0.78,0,0,4.128947368421053,82.0578947368421,37.0,160.9,38.48947368421052,41.76052631578947,48.102631578947374,42.992105263157896,42.699999999999996,27.771052631578947,0,0.06172839506172839,0.12345679012345678,0.06172839506172839,0.10185185185185185,0.037037037037037035,0.3500000000000001,0.18518518518518517,0.1388888888888889,0.18518518518518517
P00438,Oleksandr Bondarenko,Ukrainian,Forward,Ukraine,18,17399028,Ajax,38,1607,11,4,1.32,1.27,54,27,11,11,37,17,0.7847368421052632,0,0,4.481578947368422,82.35263157894737,36.2,160.1,67.43947368421054,70.63421052631578,55.20526315789474,69.27894736842104,74.13947368421053,23.844736842105263,1,0.056004978220286245,0.6160547604231487,0.22401991288114498,0.07392657125077784,0.07112632233976353,9.68,0.8400746733042936,0.14505289359054135,0.8400746733042936
P00439,Mykhailo Kryvtsov,Ukrainian,Forward,Ukraine,18,8479911,Manchester United,38,1247,3,2,1.25,1.1500000000000001,22,12,7,2,23,7,0.7857894736842105,0,0,3.3894736842105266,83.28684210526316,35.5,133.8,45.56315789473685,48.699999999999996,52.01578947368421,47.32105263157895,50.48947368421052,27.765789473684208,0,0.07217321571772253,0.2165196471531676,0.14434643143544507,0.09021651964715316,0.08299919807538092,1.75,0.36086607858861264,0.17321571772253408,0.36086607858861264
P00440,Viktor Zinchenko,Ukrainian,Forward,Ukraine,21,4020522,Atletico Madrid,38,1614,2,4,0.62,0.6000000000000001,20,19,15,12,19,8,0.7718421052631579,0,0,4.207894736842105,81.9421052631579,36.3,187.0,36.67894736842105,42.48947368421052,57.91052631578947,41.26052631578948,45.194736842105264,24.49473684210526,0,0.055762081784386616,0.11152416356877323,0.22304832713754646,0.0345724907063197,0.033457249070631974,1.38,0.33457249070631967,0.06802973977695168,0.33457249070631967
P00441,Artem Tsygankov,Ukrainian,Forward,Ukraine,26,6072139,Malmo FF,38,1567,3,2,1.42,0.87,29,22,17,6,26,11,0.771842105263158,0,0,3.6868421052631577,81.33684210526316,37.0,185.6,44.01315789473684,49.31578947368421,56.223684210526315,47.35,50.68157894736842,25.80263157894737,1,0.0574345883854499,0.1723037651563497,0.1148691767708998,0.08155711550733886,0.04996809189534142,1.58,0.2871729419272495,0.13152520740268028,0.2871729419272495
P00442,Ruslan Sudakov,Ukrainian,Forward,Ukraine,26,6627388,Copenhagen,38,1274,7,3,1.27,0.47,27,22,9,7,28,8,0.7776315789473685,0,0,2.863157894736842,81.21052631578948,35.1,131.6,47.52105263157895,48.58421052631579,49.73947368421052,44.56578947368421,49.29210526315789,25.657894736842106,1,0.0706436420722135,0.4945054945054945,0.2119309262166405,0.08971742543171116,0.033202511773940346,5.73,0.706436420722135,0.1229199372056515,0.706436420722135
P00443,Andrew McTominay,Scottish,Goalkeeper,Scotland,23,13160802,Anderlecht,49,1322,0,1,0.0,0.0,0,3,0,8,25,0,0.7275510204081632,52,3,2.1999999999999997,79.93265306122449,34.6,123.2,29.90408163265306,70.21428571428571,58.55918367346939,66.06530612244897,10.789795918367348,81.16530612244898,0,0.0680786686838124,0.0,0.0680786686838124,0.0,0.0,0.0,0.0680786686838124,0.0,0.0680786686838124
P00444,Scott McGregor,Scottish,Goalkeeper,Scotland,32,10797402,Anderlecht,49,1217,0,1,0.0,0.0,0,3,0,5,26,0,0.7455102040816327,45,7,2.110204081632653,79.05918367346939,32.9,110.2,30.414285714285715,71.8204081632653,56.285714285714285,66.23469387755102,9.681632653061223,81.52244897959183,1,0.07395234182415776,0.0,0.07395234182415776,0.0,0.0,0.0,0.07395234182415776,0.0,0.07395234182415776
P00445,John Gilmour,Scottish,Goalkeeper,Scotland,26,6966545,Arsenal,49,1086,0,1,0.0,0.0,0,4,0,6,25,0,0.7242857142857143,36,4,1.769387755102041,81.68367346938776,32.9,100.5,30.420408163265304,50.62857142857143,50.638775510204084,47.33061224489796,11.010204081632653,54.75714285714285,0,0.08287292817679558,0.0,0.08287292817679558,0.0,0.0,0.0,0.08287292817679558,0.0,0.08287292817679558
P00446,Andrew Adams,Scottish,Defender,Scotland,21,31827715,Roma,49,1994,1,1,0.09,0.2,10,10,74,76,195,1,0.8204081632653062,0,0,4.9163265306122454,84.8530612244898,36.4,211.9,29.251020408163264,96.78571428571429,60.49183673469388,90.04897959183673,56.38979591836735,98.33673469387755,2,0.04513540621865597,0.04513540621865597,0.04513540621865597,0.004062186559679037,0.009027081243731194,0.91,0.09027081243731194,0.013089267803410232,0.09027081243731194
P00447,Scott Patterson,Scottish,Defender,Scotland,23,2565981,Partizan,49,1842,1,2,0.09,0.23,12,4,71,55,71,0,0.8338775510204082,0,0,3.604081632653061,79.44489795918368,37.0,202.5,31.997959183673473,43.00204081632653,50.124489795918365,39.17551020408163,21.055102040816326,44.6,2,0.048859934853420196,0.048859934853420196,0.09771986970684039,0.0043973941368078175,0.011237785016286646,0.91,0.1465798045602606,0.015635179153094463,0.1465798045602606
P00448,John Hanley,Scottish,Defender,Scotland,27,2633214,Dinamo Zagreb,49,2100,0,0,0.15,0.35,16,11,73,58,92,1,0.8238775510204082,0,0,3.559183673469388,83.50816326530612,37.0,228.7,30.728571428571428,50.55102040816327,50.36938775510204,47.518367346938774,23.03673469387755,52.557142857142864,0,0.04285714285714286,0.0,0.0,0.0064285714285714285,0.015,-0.15,0.0,0.02142857142857143,0.0
P00449,Stuart Hendry,Scottish,Defender,Scotland,27,16383295,Besiktas,49,1947,0,0,0.1,0.34,10,7,75,59,111,1,0.8287755102040816,0,0,4.251020408163265,84.14489795918368,35.2,208.5,30.675510204081636,68.93265306122449,56.295918367346935,66.53469387755102,32.851020408163265,73.92448979591838,0,0.046224961479198766,0.0,0.0,0.004622496147919877,0.01571648690292758,-0.1,0.0,0.02033898305084746,0.0
P00450,Graeme Doak,Scottish,Defender,Scotland,31,2909646,FC Basel,49,1785,0,1,0.060000000000000005,0.08,8,8,55,53,77,2,0.8312244897959183,0,0,3.6918367346938776,80.08571428571429,35.1,190.8,30.348979591836734,49.39795918367347,55.0734693877551,47.406122448979595,26.410204081632653,52.97142857142857,0,0.05042016806722689,0.0,0.05042016806722689,0.003025210084033614,0.004033613445378151,-0.060000000000000005,0.05042016806722689,0.007058823529411765,0.05042016806722689
P00451,Liam Turnbull,Scottish,Defender,Scotland,31,2354428,Arsenal,49,1906,0,0,0.18000000000000002,0.26,8,9,66,53,78,1,0.8253061224489795,0,0,3.693877551020408,82.52857142857142,35.6,209.0,31.56530612244898,40.689795918367345,52.187755102040825,40.042857142857144,22.918367346938776,46.463265306122445,0,0.0472193074501574,0.0,0.0,0.008499475341028333,0.012277019937040924,-0.18000000000000002,0.0,0.020776495278069258,0.0
P00452,Ryan Forrest,Scottish,Defender,Scotland,26,1383066,Manchester City,49,1727,1,0,0.05,0.05,14,10,74,57,52,1,0.8297959183673469,0,0,3.6510204081632653,79.26122448979592,37.0,195.1,29.659183673469386,43.432653061224485,52.94081632653061,40.66122448979592,21.224489795918366,45.785714285714285,0,0.05211349160393746,0.05211349160393746,0.0,0.0026056745801968733,0.0026056745801968733,0.95,0.05211349160393746,0.0052113491603937466,0.05211349160393746
P00453,Callum Christie,Scottish,Defender,Scotland,31,23551100,Dinamo Zagreb,49,1456,1,1,0.04,0.2,9,11,53,35,104,1,0.8195918367346938,0,0,3.579591836734694,82.22448979591837,35.8,154.3,30.43469387755102,87.64897959183673,56.68775510204081,84.86734693877551,46.26938775510204,93.72448979591837,2,0.061813186813186816,0.061813186813186816,0.061813186813186816,0.002472527472527473,0.012362637362637364,0.96,0.12362637362637363,0.014835164835164836,0.12362637362637363
P00454,Kieran Dykes,Scottish,Defender,Scotland,25,6791168,Red Star Belgrade,49,1478,2,1,0.0,0.08,13,9,49,39,67,0,0.8142857142857143,0,0,2.8632653061224493,80.83469387755102,35.1,160.3,31.973469387755102,68.04489795918367,54.49795918367347,64.96122448979591,34.077551020408166,73.64489795918367,0,0.06089309878213803,0.12178619756427606,0.06089309878213803,0.0,0.004871447902571042,2.0,0.18267929634641408,0.004871447902571042,0.18267929634641408
P00455,Andrew Ferguson,Scottish,Midfielder,Scotland,26,34801587,Liverpool,49,1936,5,6,0.55,2.86,43,50,55,26,111,14,0.8612244897959185,0,0,4.716326530612244,84.51836734693877,34.5,224.9,82.22857142857143,87.16938775510205,57.82244897959184,80.08775510204082,77.45102040816326,68.48979591836735,1,0.04648760330578512,0.2324380165289256,0.27892561983471076,0.02556818181818182,0.13295454545454544,4.45,0.5113636363636364,0.15852272727272726,0.5113636363636364
P00456,Scott Lewis,Scottish,Midfielder,Scotland,24,19220064,Brondby,49,2140,1,8,0.6,1.65,20,34,47,47,66,7,0.8493877551020408,0,0,3.722448979591837,82.47755102040817,35.9,250.0,46.17755102040816,48.906122448979595,53.683673469387756,46.546938775510206,40.912244897959184,39.155102040816324,1,0.04205607476635514,0.04205607476635514,0.3364485981308411,0.02523364485981308,0.06939252336448598,0.4,0.37850467289719625,0.09462616822429906,0.37850467289719625
P00457,John Armstrong,Scottish,Midfielder,Scotland,26,78507696,Lech Poznan,49,1915,4,10,0.6,4.97,36,76,42,32,148,21,0.8595918367346939,0,0,4.489795918367347,86.66530612244898,37.0,222.0,93.33265306122449,97.51224489795919,59.47959183673469,96.08571428571429,90.01836734693877,77.36530612244898,2,0.04699738903394256,0.18798955613577023,0.4699738903394256,0.028198433420365532,0.2335770234986945,3.4,0.6579634464751958,0.26177545691906,0.6579634464751958
P00458,Stuart Shankland,Scottish,Midfielder,Scotland,21,5410461,Inter Milan,49,1859,0,3,1.24,0.9600000000000001,22,42,48,34,95,7,0.8479591836734693,0,0,3.455102040816327,82.89999999999999,36.7,215.1,65.53673469387755,69.85510204081633,55.71632653061224,64.07959183673469,56.963265306122445,55.446938775510205,1,0.04841312533620226,0.0,0.14523937600860679,0.0600322754168908,0.04647660032275418,-1.24,0.14523937600860679,0.10650887573964499,0.14523937600860679
P00459,Graeme Jack,Scottish,Midfielder,Scotland,27,7629458,AC Milan,49,1340,0,2,0.21000000000000002,1.1400000000000001,14,28,32,24,28,0,0.8455102040816327,0,0,2.877551020408163,80.18979591836735,35.4,167.8,37.255102040816325,41.340816326530614,49.88775510204081,38.5734693877551,36.32448979591837,32.41836734693877,2,0.06716417910447761,0.0,0.13432835820895522,0.0141044776119403,0.07656716417910449,-0.21000000000000002,0.13432835820895522,0.09067164179104478,0.13432835820895522
P00460,Liam Gallagher,Scottish,Midfielder,Scotland,28,28597174,AC Milan,49,1568,3,5,0.78,1.1400000000000001,20,34,41,25,66,8,0.8465306122448979,0,0,3.3938775510204082,80.73673469387755,37.0,184.1,63.89387755102041,68.79795918367347,56.93877551020408,66.12040816326531,61.5,55.95510204081633,1,0.05739795918367347,0.17219387755102042,0.2869897959183674,0.04477040816326531,0.06543367346938776,2.2199999999999998,0.4591836734693878,0.11020408163265308,0.4591836734693878
P00461,Ryan Clark,Scottish,Midfielder,Scotland,23,40640708,Red Star Belgrade,49,1825,5,4,0.9199999999999999,1.92,21,50,42,27,112,20,0.8553061224489795,0,0,3.938775510204082,83.59591836734694,37.0,217.6,83.67755102040816,89.36122448979592,60.3469387755102,81.71224489795918,74.78979591836735,69.2734693877551,1,0.049315068493150684,0.2465753424657534,0.19726027397260273,0.04536986301369862,0.09468493150684931,4.08,0.4438356164383561,0.14005479452054792,0.4438356164383561
P00462,Callum McTominay,Scottish,Midfielder,Scotland,26,24763620,RB Leipzig,49,1827,7,4,0.54,1.37,25,48,42,19,78,15,0.856734693877551,0,0,4.169387755102041,82.98367346938775,36.6,226.3,66.76938775510203,70.60408163265306,58.512244897959185,68.25102040816327,60.895918367346944,51.48979591836735,1,0.04926108374384237,0.3448275862068966,0.19704433497536947,0.02660098522167488,0.06748768472906405,6.46,0.541871921182266,0.09408866995073893,0.541871921182266
P00463,Andrew Jack,Scottish,Forward,Scotland,22,20817586,Sporting CP,49,1973,12,7,2.81,2.08,52,39,13,7,55,31,0.7765306122448979,0,0,3.989795918367347,85.42857142857143,36.3,218.2,68.18571428571428,69.85714285714286,59.49795918367347,67.57142857142857,69.29183673469389,27.687755102040818,3,0.0456158134820071,0.5473897617840852,0.3193106943740497,0.12818043588443995,0.09488089204257477,9.19,0.8667004561581348,0.22306132792701472,0.8667004561581348
P00464,Scott Gallagher,Scottish,Forward,Scotland,29,45919142,Bayern Munich,49,1725,8,2,2.99,1.6700000000000002,38,29,13,8,30,20,0.7789795918367347,0,0,3.940816326530612,85.1204081632653,36.6,187.8,67.07959183673469,69.46938775510205,54.75918367346939,64.37346938775511,73.05714285714286,27.34285714285714,1,0.05217391304347826,0.41739130434782606,0.10434782608695652,0.156,0.08713043478260869,5.01,0.5217391304347826,0.2431304347826087,0.5217391304347826
P00465,John Clark,Scottish,Forward,Scotland,23,11797911,Marseille,49,1705,4,2,2.14,0.93,55,20,20,8,41,17,0.7838775510204081,0,0,3.961224489795918,82.91224489795918,37.0,191.1,63.72244897959184,69.97551020408163,56.34897959183673,67.02244897959183,70.7469387755102,25.902040816326533,1,0.05278592375366569,0.21114369501466276,0.10557184750733138,0.11296187683284459,0.049090909090909095,1.8599999999999999,0.31671554252199413,0.1620527859237537,0.31671554252199413
P00466,Stuart McTominay,Scottish,Forward,Scotland,21,42867706,PSV Eindhoven,49,1961,12,1,5.279999999999999,1.72,67,46,18,10,52,29,0.7648979591836734,0,0,4.312244897959184,82.34897959183674,35.6,208.5,84.4795918367347,90.56122448979592,60.173469387755105,85.57755102040817,88.83265306122449,24.589795918367347,1,0.04589495155532891,0.5507394186639469,0.04589495155532891,0.2423253442121366,0.07893931667516572,6.720000000000001,0.5966343702192758,0.3212646608873023,0.5966343702192758
P00467,Graeme McGregor,Scottish,Forward,Scotland,31,4597115,Midtjylland,49,1619,2,3,1.8900000000000001,1.02,26,16,9,7,26,9,0.7885714285714286,0,0,3.1918367346938776,79.3530612244898,36.6,168.8,46.36938775510204,48.357142857142854,54.036734693877555,46.104081632653056,49.4265306122449,25.083673469387755,1,0.055589870290302656,0.11117974058060531,0.16676961087090797,0.10506485484867202,0.05670166769610871,0.10999999999999988,0.2779493514515133,0.16176652254478074,0.2779493514515133
P00468,Liam Gilmour,Scottish,Forward,Scotland,23,17755685,Fenerbahce,49,2244,3,7,2.62,3.28,67,44,20,14,60,19,0.7816326530612244,0,0,4.591836734693878,83.3204081632653,35.9,251.7,64.60204081632654,68.19183673469388,60.11224489795919,65.04489795918369,70.14897959183673,25.20408163265306,1,0.040106951871657755,0.12032085561497327,0.2807486631016043,0.10508021390374332,0.13155080213903741,0.3799999999999999,0.4010695187165776,0.23663101604278075,0.4010695187165776
P00469,Neymar Junior,Brazilian,Goalkeeper,Brazil,31,4064273,Boca Juniors,45,849,0,1,0.0,0.0,0,3,0,5,17,0,0.7244444444444444,49,2,1.4311111111111112,75.37333333333333,31.4,74.4,32.69111111111111,50.29777777777778,55.80888888888889,46.26888888888889,9.644444444444444,57.30888888888889,0,0.10600706713780919,0.0,0.10600706713780919,0.0,0.0,0.0,0.10600706713780919,0.0,0.10600706713780919
P00470,Vinicius Martins,Brazilian,Goalkeeper,Brazil,34,1736891,Nacional,45,1403,0,0,0.0,0.0,0,2,0,6,32,1,0.7491111111111112,45,2,2.3200000000000003,78.22222222222223,33.0,134.6,28.8,41.66222222222222,52.04888888888888,41.15555555555556,11.088888888888889,48.404444444444444,0,0.06414825374198146,0.0,0.0,0.0,0.0,0.0,0.0,0.0,0.0
P00471,Rodrygo Paqueta,Brazilian,Goalkeeper,Brazil,38,15579427,Flamengo,45,1184,0,2,0.0,0.0,0,5,0,4,30,0,0.7273333333333333,54,7,2.2333333333333334,80.84,33.1,114.3,32.10444444444445,69.37777777777778,57.45333333333333,62.78,10.826666666666666,77.9088888888889,1,0.07601351351351351,0.0,0.15202702702702703,0.0,0.0,0.0,0.15202702702702703,0.0,0.15202702702702703
P00472,Neymar Mendes,Brazilian,Defender,Brazil,29,1710606,Colo-Colo,45,1716,1,1,0.01,0.09,9,8,57,54,61,0,0.8286666666666667,0,0,3.8733333333333335,80.74444444444444,36.6,184.6,28.26888888888889,41.37555555555556,53.215555555555554,38.553333333333335,23.07333333333333,45.60888888888889,0,0.05244755244755245,0.05244755244755245,0.05244755244755245,0.0005244755244755245,0.00472027972027972,0.99,0.1048951048951049,0.005244755244755245,0.1048951048951049
P00473,Vinicius Guimaraes,Brazilian,Defender,Brazil,20,17050213,Barcelona SC,45,1496,0,1,0.04,0.1,13,14,60,37,128,0,0.8362222222222223,0,0,3.5244444444444443,82.75777777777778,37.0,163.0,30.346666666666664,91.00666666666667,59.2,83.75333333333333,47.24444444444445,92.11333333333334,0,0.06016042780748663,0.0,0.06016042780748663,0.0024064171122994654,0.006016042780748663,-0.04,0.06016042780748663,0.008422459893048129,0.06016042780748663
P00474,Rodrygo Fabinho,Brazilian,Defender,Brazil,28,2286808,River Plate,45,1690,0,0,0.12,0.38,9,5,63,41,61,1,0.8146666666666665,0,0,3.6155555555555554,82.53555555555555,35.9,176.4,27.75111111111111,50.38666666666667,52.92,45.6,24.42888888888889,51.89111111111111,0,0.05325443786982249,0.0,0.0,0.006390532544378698,0.020236686390532544,-0.12,0.0,0.026627218934911243,0.0
P00475,Gabriel Alisson,Brazilian,Defender,Brazil,31,11192687,Barcelona SC,45,1476,0,0,0.09,0.1,10,7,52,41,99,0,0.8255555555555555,0,0,3.5622222222222226,79.89777777777778,36.0,165.5,30.517777777777777,68.85777777777777,57.42666666666666,66.94666666666666,33.63333333333333,72.97777777777777,0,0.06097560975609756,0.0,0.0,0.00548780487804878,0.006097560975609756,-0.09,0.0,0.011585365853658536,0.0
P00476,Casemiro Alexandre,Brazilian,Defender,Brazil,29,5776478,River Plate,45,1766,1,1,0.27,0.2,8,13,64,63,112,0,0.8213333333333334,0,0,4.486666666666666,84.49777777777778,37.0,182.9,27.846666666666664,68.93555555555555,56.99777777777778,65.29777777777778,34.93555555555555,75.42444444444445,0,0.05096262740656852,0.05096262740656852,0.05096262740656852,0.013759909399773501,0.010192525481313705,0.73,0.10192525481313704,0.023952434881087205,0.10192525481313704
P00477,Marquinhos Santos,Brazilian,Defender,Brazil,32,12570282,Santos,45,1800,0,4,0.09,0.28,15,12,51,54,94,0,0.8271111111111111,0,0,4.22,83.30666666666667,35.4,175.9,29.104444444444447,68.75777777777778,54.61777777777778,68.8288888888889,34.32222222222222,73.98444444444445,1,0.05,0.0,0.2,0.0045,0.014000000000000002,-0.09,0.2,0.018500000000000003,0.2
P00478,Alisson Oliveira,Brazilian,Defender,Brazil,30,2674701,Flamengo,45,1882,1,1,0.03,0.05,7,11,90,54,57,2,0.8055555555555556,0,0,3.5599999999999996,80.1,37.0,194.6,31.575555555555557,41.339999999999996,54.42444444444444,39.157777777777774,20.308888888888887,46.29777777777778,0,0.04782146652497343,0.04782146652497343,0.04782146652497343,0.001434643995749203,0.002391073326248672,0.97,0.09564293304994687,0.0038257173219978747,0.09564293304994687
P00479,Richarlison Ferreira,Brazilian,Defender,Brazil,27,26911549,Penarol,45,1472,1,1,0.060000000000000005,1.12,12,14,46,56,107,1,0.8197777777777778,0,0,4.262222222222222,85.61555555555555,34.8,160.0,30.622222222222224,88.6,61.46222222222222,82.85777777777777,44.54666666666667,90.43555555555555,1,0.06114130434782609,0.06114130434782609,0.06114130434782609,0.0036684782608695657,0.06847826086956522,0.94,0.12228260869565218,0.07214673913043479,0.12228260869565218
P00480,Bruno Lima,Brazilian,Defender,Brazil,22,38230618,Atletico Nacional,45,1473,0,0,0.04,0.49,6,19,60,42,109,0,0.8251111111111111,0,0,4.311111111111111,85.71777777777778,35.4,161.8,26.591111111111108,87.44444444444444,59.86888888888889,82.68444444444445,48.40888888888889,94.39777777777778,0,0.06109979633401222,0.0,0.0,0.002443991853360489,0.029938900203665988,-0.04,0.0,0.03238289205702648,0.0
P00481,Neymar Pereira,Brazilian,Midfielder,Brazil,20,3233609,Nacional,45,1569,1,3,0.16,0.65,10,23,44,29,38,7,0.8504444444444446,0,0,3.422222222222222,80.50444444444445,37.0,178.9,38.64666666666666,39.20444444444445,53.317777777777785,37.83111111111111,36.25333333333334,34.111111111111114,0,0.05736137667304015,0.05736137667304015,0.17208413001912046,0.009177820267686425,0.0372848948374761,0.84,0.2294455066921606,0.046462715105162526,0.2294455066921606
P00482,Vinicius Moreira,Brazilian,Midfielder,Brazil,30,3080284,Emelec,45,2019,2,3,0.33999999999999997,1.64,15,29,36,38,65,8,0.854,0,0,3.9066666666666667,82.74888888888889,36.7,233.0,46.76444444444444,48.60888888888889,52.82666666666666,45.568888888888885,41.91111111111111,40.11555555555556,0,0.04457652303120357,0.08915304606240713,0.1337295690936107,0.01515601783060921,0.07310549777117385,1.6600000000000001,0.22288261515601782,0.08826151560178307,0.22288261515601782
P00483,Rodrygo Costa,Brazilian,Midfielder,Brazil,24,7936109,Sao Paulo,45,1718,0,2,1.03,0.73,19,19,37,30,51,5,0.8664444444444445,0,0,3.6577777777777776,82.61111111111111,37.0,207.4,40.54888888888889,41.971111111111114,53.251111111111115,38.9,37.62222222222222,32.644444444444446,0,0.05238649592549476,0.0,0.10477299185098952,0.053958090803259605,0.03824214202561117,-1.03,0.10477299185098952,0.09220023282887077,0.10477299185098952
P00484,Gabriel Souza,Brazilian,Midfielder,Brazil,30,11278232,River Plate,45,1715,1,2,0.98,1.07,22,25,35,34,78,10,0.8433333333333334,0,0,3.7844444444444445,83.17777777777778,35.6,198.3,64.47111111111111,70.56,58.742222222222225,68.15555555555555,59.40666666666667,54.94222222222223,0,0.052478134110787174,0.052478134110787174,0.10495626822157435,0.05142857142857143,0.05615160349854228,0.020000000000000018,0.15743440233236153,0.1075801749271137,0.15743440233236153
P00485,Casemiro Carvalho,Brazilian,Midfielder,Brazil,29,9937761,Millonarios,45,1461,0,1,0.7200000000000001,0.68,14,24,28,18,53,7,0.854,0,0,2.868888888888889,81.41333333333333,34.7,171.7,45.871111111111105,51.36222222222223,53.59111111111111,46.72666666666666,40.846666666666664,37.68666666666667,0,0.061601642710472276,0.0,0.061601642710472276,0.04435318275154004,0.04188911704312115,-0.7200000000000001,0.061601642710472276,0.08624229979466119,0.061601642710472276
P00486,Marquinhos Nunes,Brazilian,Midfielder,Brazil,29,22488292,Emelec,45,1743,3,3,0.63,1.18,20,41,43,39,88,9,0.842,0,0,4.035555555555556,83.58888888888889,35.5,212.1,64.91777777777779,70.98444444444445,57.08444444444445,64.75999999999999,58.32666666666666,53.73111111111111,0,0.05163511187607573,0.1549053356282272,0.1549053356282272,0.03253012048192771,0.06092943201376936,2.37,0.3098106712564544,0.09345955249569707,0.3098106712564544
P00487,Alisson Reis,Brazilian,Midfielder,Brazil,29,4416108,Gremio,45,1910,3,2,0.38,1.08,15,32,46,48,49,3,0.8537777777777779,0,0,3.8244444444444445,82.10666666666667,36.6,216.9,46.66,46.88222222222222,50.635555555555555,46.80888888888889,41.94,38.724444444444444,0,0.04712041884816754,0.14136125654450263,0.09424083769633508,0.017905759162303667,0.05089005235602095,2.62,0.23560209424083772,0.06879581151832462,0.23560209424083772
P00488,Richarlison Junior,Brazilian,Midfielder,Brazil,32,35973227,Deportivo Cali,45,1603,1,5,1.6700000000000002,1.6400000000000001,20,64,39,28,87,10,0.8573333333333333,0,0,3.7422222222222223,84.06888888888889,37.0,181.4,79.07111111111111,89.33777777777777,59.04888888888888,80.66444444444444,79.20444444444443,71.97777777777777,2,0.056144728633811605,0.056144728633811605,0.280723643169058,0.09376169681846538,0.09207735495945105,-0.6700000000000002,0.3368683718028696,0.18583905177791643,0.3368683718028696
P00489,Neymar Carvalho,Brazilian,Forward,Brazil,28,8457754,Independiente,45,1762,6,1,1.24,1.56,36,14,26,10,25,9,0.7715555555555556,0,0,3.913333333333333,81.66888888888889,35.2,190.5,38.931111111111115,41.595555555555556,52.77333333333334,40.66222222222222,42.91111111111111,25.42666666666667,1,0.0510783200908059,0.3064699205448354,0.0510783200908059,0.06333711691259931,0.07968217934165721,4.76,0.3575482406356413,0.14301929625425652,0.3575482406356413
P00490,Vinicius Nunes,Brazilian,Forward,Brazil,23,71236832,Gremio,45,1767,15,6,4.99,0.66,88,59,14,4,61,23,0.7697777777777778,0,0,4.3,82.43111111111111,36.7,187.0,92.54888888888888,96.06444444444443,57.41555555555555,94.75555555555556,95.98222222222222,23.466666666666665,2,0.050933786078098474,0.7640067911714771,0.30560271646859083,0.2541595925297114,0.033616298811544994,10.01,1.069609507640068,0.28777589134125636,1.069609507640068
P00491,Rodrygo Reis,Brazilian,Forward,Brazil,27,4740758,River Plate,45,1831,6,5,1.24,0.27,32,19,17,6,29,12,0.786888888888889,0,0,3.6333333333333333,82.64,35.8,194.4,45.96222222222222,50.29777777777778,54.93333333333333,45.66,52.83555555555555,25.615555555555556,1,0.049153468050245765,0.2949208083014746,0.24576734025122882,0.06095030038230475,0.013271436373566358,4.76,0.5406881485527034,0.07422173675587111,0.5406881485527034
P00492,Gabriel Junior,Brazilian,Forward,Brazil,24,5105484,River Plate,45,1556,8,2,0.92,0.9700000000000001,26,11,9,4,20,9,0.784,0,0,3.6355555555555554,83.15555555555555,36.5,165.9,38.20222222222222,41.81333333333333,49.715555555555554,40.00222222222222,41.87777777777778,23.72888888888889,1,0.05784061696658098,0.46272493573264784,0.11568123393316196,0.053213367609254505,0.056105398457583555,7.08,0.5784061696658098,0.10931876606683806,0.5784061696658098
P00493,Casemiro Martins,Brazilian,Forward,Brazil,30,9390513,Colo-Colo,45,1482,8,3,1.41,0.49,48,20,15,8,33,15,0.776888888888889,0,0,3.46,80.65333333333334,35.2,164.9,67.52666666666666,72.49333333333333,55.568888888888885,65.68444444444445,73.31333333333333,23.933333333333334,1,0.06072874493927125,0.48582995951417,0.18218623481781376,0.08562753036437246,0.029757085020242914,6.59,0.6680161943319838,0.11538461538461536,0.6680161943319838
P00494,Marquinhos Paqueta,Brazilian,Forward,Brazil,27,47892505,Gremio,45,1450,5,2,2.88,0.55,36,18,15,8,44,13,0.7682222222222223,0,0,3.042222222222222,80.03333333333333,37.0,147.6,64.48222222222222,68.50222222222222,54.40222222222222,68.85111111111111,72.85777777777777,26.224444444444444,1,0.06206896551724138,0.3103448275862069,0.12413793103448276,0.17875862068965517,0.03413793103448276,2.12,0.43448275862068964,0.21289655172413793,0.43448275862068964
P00495,Lionel Alvarez,Argentine,Goalkeeper,Argentina,32,17252546,Universidad de Chile,34,966,0,1,0.0,0.0,0,1,0,4,26,1,0.708235294117647,34,3,2.373529411764706,79.30588235294118,32.2,95.7,31.629411764705885,69.14411764705882,56.682352941176475,65.29705882352941,10.25,80.72647058823529,0,0.09316770186335403,0.0,0.09316770186335403,0.0,0.0,0.0,0.09316770186335403,0.0,0.09316770186335403
P00496,Julian De Paul,Argentine,Goalkeeper,Argentina,25,27041218,LDU Quito,34,669,0,0,0.0,0.0,0,0,0,5,15,0,0.7052941176470588,30,3,1.7911764705882351,80.0529411764706,32.3,61.0,28.88529411764706,89.44411764705882,57.98529411764706,83.60588235294118,9.573529411764707,97.41176470588235,0,0.13452914798206278,0.0,0.0,0.0,0.0,0.0,0.0,0.0,0.0
P00497,Emiliano Di Maria,Argentine,Goalkeeper,Argentina,31,1185011,Emelec,34,900,0,1,0.0,0.0,0,4,0,4,13,0,0.6885294117647058,50,2,2.1294117647058823,78.30882352941177,31.8,91.2,27.2,47.991176470588236,55.55882352941177,44.41470588235294,9.479411764705883,54.61470588235294,0,0.1,0.0,0.1,0.0,0.0,0.0,0.1,0.0,0.1
P00498,Lionel Martinez,Argentine,Defender,Argentina,22,57082413,Penarol,34,1546,0,1,0.26,0.12,4,12,53,41,98,0,0.8282352941176471,0,0,5.002941176470588,85.8529411764706,36.5,173.7,30.023529411764706,86.40882352941176,64.41470588235293,81.58823529411765,46.98235294117647,93.10588235294118,0,0.05821474773609314,0.0,0.05821474773609314,0.015135834411384217,0.006985769728331177,-0.26,0.05821474773609314,0.022121604139715395,0.05821474773609314
P00499,Julian Paredes,Argentine,Defender,Argentina,25,5619560,Sao Paulo,34,1106,0,1,0.01,0.01,5,5,41,36,63,1,0.82,0,0,3.2794117647058822,83.97058823529412,36.9,121.5,32.561764705882354,71.90294117647058,56.86176470588235,65.18235294117646,32.76470588235294,77.19411764705882,0,0.081374321880651,0.0,0.081374321880651,0.0008137432188065099,0.0008137432188065099,-0.01,0.081374321880651,0.0016274864376130199,0.081374321880651
P00500,Emiliano Mac Allister,Argentine,Defender,Argentina,34,16966961,Sao Paulo,34,1719,3,1,0.07,0.05,16,6,81,49,106,0,0.8573529411764705,0,0,4.673529411764706,80.70882352941176,35.7,181.0,29.841176470588238,68.75882352941177,54.21176470588235,64.41470588235293,36.182352941176475,74.78235294117647,1,0.05235602094240838,0.15706806282722513,0.05235602094240838,0.003664921465968587,0.002617801047120419,2.93,0.2094240837696335,0.006282722513089006,0.2094240837696335
P00501,Rodrigo Lo Celso,Argentine,Defender,Argentina,26,58895256,Colo-Colo,34,1212,0,1,0.31,0.27,7,7,49,38,96,0,0.8197058823529412,0,0,3.8588235294117643,82.14999999999999,36.2,127.0,26.8,89.46176470588235,57.97941176470588,86.39117647058823,48.23529411764706,91.83235294117648,0,0.07425742574257425,0.0,0.07425742574257425,0.02301980198019802,0.02004950495049505,-0.31,0.07425742574257425,0.043069306930693066,0.07425742574257425
P00502,Lautaro Tagliafico,Argentine,Defender,Argentina,25,8808226,Penarol,34,1001,0,1,0.060000000000000005,0.28,9,4,26,20,39,0,0.8141176470588235,0,0,3.7058823529411766,82.13823529411764,35.7,109.8,26.544117647058822,52.13529411764706,52.36764705882353,47.044117647058826,24.008823529411764,56.15882352941177,0,0.0899100899100899,0.0,0.0899100899100899,0.005394605394605395,0.025174825174825177,-0.060000000000000005,0.0899100899100899,0.03056943056943057,0.0899100899100899
P00503,Angel Gonzalez,Argentine,Defender,Argentina,19,17544891,Sao Paulo,34,1076,0,3,0.030000000000000002,0.12000000000000001,4,8,43,35,70,1,0.8258823529411764,0,0,3.282352941176471,81.39999999999999,37.0,110.3,31.014705882352942,69.34411764705882,58.502941176470586,68.28823529411765,33.10294117647059,74.9470588235294,1,0.08364312267657993,0.0,0.2509293680297398,0.002509293680297398,0.010037174721189592,-0.030000000000000002,0.2509293680297398,0.01254646840148699,0.2509293680297398
P00504,Leandro Pezzella,Argentine,Defender,Argentina,31,2073221,River Plate,34,942,1,1,0.01,0.07,4,4,37,19,30,0,0.8020588235294117,0,0,3.1029411764705883,81.0529411764706,35.2,101.7,28.908823529411762,41.48529411764706,51.88823529411765,38.9264705882353,20.71470588235294,44.34117647058823,0,0.09554140127388536,0.09554140127388536,0.09554140127388536,0.0009554140127388536,0.006687898089171976,0.99,0.1910828025477707,0.007643312101910829,0.1910828025477707
P00505,Nahuel Correa,Argentine,Defender,Argentina,25,35733366,Independiente,34,1551,0,1,0.03,0.11,16,9,55,32,86,1,0.82,0,0,4.161764705882353,84.47647058823529,35.1,168.2,30.900000000000006,69.00882352941177,56.41764705882353,69.38529411764705,35.35588235294117,74.88823529411764,0,0.058027079303675046,0.0,0.058027079303675046,0.0017408123791102512,0.006382978723404255,-0.03,0.058027079303675046,0.008123791102514506,0.058027079303675046
P00506,Alexis Almada,Argentine,Defender,Argentina,32,2248717,Penarol,34,1376,1,0,0.04,0.1,9,9,54,48,51,1,0.8158823529411765,0,0,3.8117647058823527,82.49411764705883,35.3,141.2,31.585294117647063,48.92058823529412,52.98529411764706,47.0735294117647,23.555882352941175,51.6,0,0.06540697674418605,0.06540697674418605,0.0,0.0026162790697674423,0.006540697674418606,0.96,0.06540697674418605,0.009156976744186049,0.06540697674418605
P00507,Lionel Montiel,Argentine,Midfielder,Argentina,26,13104580,Universidad de Chile,34,1297,2,1,0.33,1.06,18,26,37,20,69,3,0.8561764705882353,0,0,3.979411764705883,83.14117647058823,35.4,151.5,65.53529411764706,67.73235294117647,57.84117647058823,64.97058823529412,59.93529411764706,57.45294117647059,0,0.06939090208172706,0.13878180416345412,0.06939090208172706,0.02289899768696993,0.07355435620663069,1.67,0.2081727062451812,0.09645335389360062,0.2081727062451812
P00508,Julian Dybala,Argentine,Midfielder,Argentina,30,11044877,Colo-Colo,34,988,0,6,0.1,0.24,14,23,29,22,52,6,0.8405882352941176,0,0,2.364705882352941,76.80588235294118,34.5,119.2,68.07352941176471,71.87647058823529,56.449999999999996,64.20882352941176,63.64411764705883,56.04705882352942,1,0.09109311740890688,0.0,0.5465587044534412,0.00910931174089069,0.02186234817813765,-0.1,0.5465587044534412,0.030971659919028338,0.5465587044534412
P00509,Emiliano Acuna,Argentine,Midfielder,Argentina,22,14807585,Nacional,34,1482,1,7,0.5,0.63,12,24,33,31,55,10,0.8611764705882353,0,0,4.25,85.18235294117646,36.5,181.5,63.720588235294116,69.79117647058824,54.55882352941177,69.21764705882353,60.3764705882353,53.87647058823529,1,0.06072874493927125,0.06072874493927125,0.42510121457489874,0.030364372469635626,0.03825910931174089,0.5,0.48582995951417,0.06862348178137652,0.48582995951417
P00510,Rodrigo Fernandez,Argentine,Midfielder,Argentina,23,62184343,Boca Juniors,34,1254,2,2,1.78,1.7,30,43,28,23,84,15,0.8464705882352942,0,0,4.688235294117647,84.60882352941177,37.0,156.9,96.43529411764706,98.30588235294118,67.00294117647059,94.38823529411764,88.37352941176471,77.70882352941176,1,0.07177033492822966,0.14354066985645933,0.14354066985645933,0.1277511961722488,0.12200956937799043,0.21999999999999997,0.28708133971291866,0.24976076555023924,0.28708133971291866
P00511,Lautaro Sosa,Argentine,Midfielder,Argentina,26,98252427,Universidad de Chile,34,1362,2,3,1.7100000000000002,1.7000000000000002,33,45,42,29,100,19,0.8597058823529412,0,0,4.314705882352941,83.75588235294117,36.0,163.3,90.87058823529412,97.33235294117648,61.6764705882353,95.07058823529412,90.48529411764706,78.95294117647059,1,0.06607929515418502,0.13215859030837004,0.19823788546255505,0.1129955947136564,0.11233480176211455,0.2899999999999998,0.3303964757709251,0.22533039647577097,0.3303964757709251
P00512,Angel Garay,Argentine,Midfielder,Argentina,25,30125913,Santos,34,1215,1,4,0.55,2.45,21,25,22,15,73,15,0.8547058823529411,0,0,4.035294117647059,82.76764705882353,36.1,144.7,81.95294117647059,87.43823529411765,58.73823529411764,83.44117647058823,73.9470588235294,71.33823529411765,1,0.07407407407407407,0.07407407407407407,0.2962962962962963,0.040740740740740744,0.1814814814814815,0.44999999999999996,0.37037037037037035,0.22222222222222224,0.37037037037037035
P00513,Leandro Balerdi,Argentine,Midfielder,Argentina,18,3393700,Gremio,34,1504,2,2,0.3,0.93,12,30,31,20,41,3,0.8376470588235294,0,0,4.302941176470589,81.81764705882354,37.0,176.3,38.3235294117647,42.949999999999996,54.11470588235294,40.97941176470588,37.002941176470586,31.955882352941178,0,0.0598404255319149,0.1196808510638298,0.1196808510638298,0.01795212765957447,0.05565159574468086,1.7,0.2393617021276596,0.07360372340425533,0.2393617021276596
P00514,Nahuel Alvarez,Argentine,Midfielder,Argentina,33,5725654,Gremio,34,1498,0,3,0.36000000000000004,0.93,12,34,25,23,47,7,0.8608823529411764,0,0,4.297058823529412,82.3029411764706,35.4,183.5,47.15882352941177,48.970588235294116,50.66470588235294,43.87647058823529,43.317647058823525,37.47941176470588,1,0.06008010680907877,0.0,0.1802403204272363,0.02162883845126836,0.05587449933244326,-0.36000000000000004,0.1802403204272363,0.07750333778371163,0.1802403204272363
P00515,Lionel Sosa,Argentine,Forward,Argentina,25,3061692,Nacional,34,1064,2,2,0.39,0.17,19,9,8,4,14,5,0.7661764705882353,0,0,2.8323529411764703,81.10588235294118,35.6,121.4,46.58235294117647,48.338235294117645,48.57058823529412,44.18529411764706,50.188235294117646,24.647058823529413,0,0.08458646616541353,0.16917293233082706,0.16917293233082706,0.032988721804511276,0.014379699248120301,1.6099999999999999,0.3383458646616541,0.047368421052631574,0.3383458646616541
P00516,Julian Garay,Argentine,Forward,Argentina,27,37433741,Santos,34,1382,8,6,2.93,0.87,53,24,18,5,40,20,0.7814705882352941,0,0,4.3,82.80588235294118,36.0,146.4,85.75294117647059,88.66470588235293,57.48823529411764,82.41764705882352,90.51470588235294,24.941176470588236,1,0.06512301013024602,0.5209840810419681,0.3907380607814761,0.19081041968162085,0.05665701881331404,5.07,0.9117221418234442,0.24746743849493488,0.9117221418234442
P00517,Emiliano Balerdi,Argentine,Forward,Argentina,24,3427516,Penarol,34,1065,6,0,0.67,0.19999999999999998,22,9,10,4,18,2,0.8055882352941177,0,0,3.6941176470588233,81.37352941176471,36.5,116.1,39.93529411764706,42.9735294117647,51.19411764705882,40.04117647058824,40.34705882352941,22.26764705882353,0,0.08450704225352113,0.5070422535211268,0.0,0.05661971830985916,0.016901408450704224,5.33,0.5070422535211268,0.07352112676056338,0.5070422535211268
P00518,Rodrigo Alvarez,Argentine,Forward,Argentina,26,16986081,Santos,34,1385,4,3,1.35,0.54,35,13,21,7,21,9,0.7802941176470588,0,0,3.614705882352941,80.65294117647058,35.3,148.6,42.9264705882353,47.65294117647059,53.752941176470586,45.4,48.59411764705882,26.147058823529413,1,0.06498194945848375,0.259927797833935,0.19494584837545126,0.08772563176895307,0.035090252707581225,2.65,0.45487364620938625,0.1228158844765343,0.45487364620938625
P00519,Lautaro De Paul,Argentine,Forward,Argentina,29,25701075,Palmeiras,34,1191,7,3,1.85,0.6699999999999999,41,17,9,6,30,20,0.7738235294117647,0,0,3.5823529411764703,81.22941176470589,36.0,129.8,68.56470588235294,72.30588235294118,55.71470588235294,66.99117647058823,73.37941176470588,27.84705882352941,1,0.07556675062972293,0.5289672544080605,0.22670025188916879,0.13979848866498742,0.05062972292191436,5.15,0.7556675062972292,0.1904282115869018,0.7556675062972292
P00520,Angel Di Maria,Argentine,Forward,Argentina,34,51533790,Boca Juniors,34,1420,4,3,2.4,2.13,32,30,13,9,24,14,0.7861764705882353,0,0,3.911764705882353,82.39411764705882,37.0,155.2,67.75882352941177,70.45588235294117,58.023529411764706,66.2764705882353,70.88823529411764,23.076470588235296,1,0.06338028169014084,0.2535211267605634,0.19014084507042253,0.15211267605633802,0.13499999999999998,1.6,0.4436619718309859,0.287112676056338,0.4436619718309859
P00521,Luis Rodriguez,Colombian,Goalkeeper,Colombia,32,2318361,Emelec,46,1328,0,0,0.0,0.0,0,2,0,11,29,2,0.7234782608695652,56,5,2.2695652173913046,77.67826086956521,34.1,127.4,29.680434782608696,41.75217391304348,53.04782608695652,39.797826086956526,10.23913043478261,47.7695652173913,0,0.0677710843373494,0.0,0.0,0.0,0.0,0.0,0.0,0.0,0.0
P00522,James Mina,Colombian,Goalkeeper,Colombia,25,5746296,Boca Juniors,46,1127,0,0,0.0,0.0,0,2,0,5,24,0,0.7280434782608696,54,5,2.15,80.54782608695652,32.5,108.7,29.70434782608696,69.08043478260869,54.71739130434783,65.0891304347826,9.56304347826087,78.13478260869564,0,0.07985803016858918,0.0,0.0,0.0,0.0,0.0,0.0,0.0,0.0
P00523,Duvan Cuadrado,Colombian,Goalkeeper,Colombia,32,5548705,Palmeiras,46,987,0,0,0.0,0.0,0,4,0,6,23,2,0.7028260869565217,47,5,1.815217391304348,76.4108695652174,33.6,91.2,30.452173913043477,68.78260869565217,60.79782608695652,66.55652173913043,10.541304347826086,81.70434782608696,0,0.0911854103343465,0.0,0.0,0.0,0.0,0.0,0.0,0.0,0.0
P00524,Luis Sanchez,Colombian,Defender,Colombia,22,3321972,Flamengo,46,1955,1,0,0.12,0.15000000000000002,9,10,51,51,61,0,0.84,0,0,3.7304347826086954,83.8108695652174,37.0,209.9,31.573913043478264,46.94565217391305,50.74565217391305,47.39782608695653,26.14782608695652,52.75,0,0.04603580562659847,0.04603580562659847,0.0,0.005524296675191815,0.006905370843989771,0.88,0.04603580562659847,0.012429667519181587,0.04603580562659847
P00525,James Ospina,Colombian,Defender,Colombia,23,4706821,Independiente,46,1652,1,0,0.04,0.01,6,2,62,46,81,0,0.8143478260869565,0,0,3.630434782608696,80.32391304347826,37.0,177.4,30.569565217391304,47.439130434782605,52.58043478260869,46.46521739130435,27.27173913043478,51.63913043478261,0,0.05447941888619855,0.05447941888619855,0.0,0.0021791767554479417,0.0005447941888619854,0.96,0.05447941888619855,0.002723970944309927,0.05447941888619855
P00526,Duvan Lerma,Colombian,Defender,Colombia,28,2664505,Atletico Nacional,46,1604,0,1,0.01,0.07,11,3,69,45,53,0,0.8243478260869566,0,0,3.6717391304347826,78.1891304347826,36.5,175.8,31.354347826086954,41.754347826086956,52.47608695652174,38.13913043478261,20.441304347826087,45.4804347826087,0,0.05610972568578554,0.0,0.05610972568578554,0.0005610972568578554,0.003927680798004988,-0.01,0.05610972568578554,0.004488778054862843,0.05610972568578554
P00527,Yerry Barrios,Colombian,Defender,Colombia,22,32981186,Universidad de Chile,46,1547,2,2,0.07,0.64,10,9,57,47,108,1,0.8210869565217392,0,0,3.491304347826087,81.87391304347825,37.0,168.1,29.095652173913045,87.80217391304348,62.19130434782609,80.2195652173913,50.27173913043478,91.7304347826087,1,0.058177117000646414,0.11635423400129283,0.11635423400129283,0.004072398190045249,0.037233354880413704,1.93,0.23270846800258566,0.04130575307045895,0.23270846800258566
P00528,Davinson Borja,Colombian,Defender,Colombia,28,4185079,Universidad de Chile,46,1365,0,0,0.37000000000000005,0.16,4,6,41,32,76,0,0.8271739130434782,0,0,3.2695652173913046,79.82826086956521,35.4,154.2,27.047826086956523,71.60652173913044,56.619565217391305,64.72608695652174,35.23695652173913,73.64347826086956,0,0.06593406593406594,0.0,0.0,0.0243956043956044,0.01054945054945055,-0.37000000000000005,0.0,0.034945054945054954,0.0
P00529,Juan Quintero,Colombian,Defender,Colombia,30,2339600,River Plate,46,1781,0,1,0.16,0.1,5,5,65,53,64,2,0.8054347826086956,0,0,3.739130434782609,79.83043478260869,36.6,189.4,29.339130434782607,43.18695652173913,53.90869565217392,37.31521739130435,21.180434782608696,45.58695652173913,0,0.05053340819764177,0.0,0.05053340819764177,0.008085345311622683,0.0050533408197641775,-0.16,0.05053340819764177,0.01313868613138686,0.05053340819764177
P00530,Radamel Cuesta,Colombian,Defender,Colombia,29,28569010,River Plate,46,1628,0,0,0.07,0.13,9,16,44,52,102,0,0.8189130434782609,0,0,3.3347826086956522,83.0,36.7,182.3,28.036956521739132,68.62608695652175,58.33695652173913,66.15,33.57608695652174,74.24565217391304,0,0.05528255528255528,0.0,0.0,0.00386977886977887,0.0071867321867321865,-0.07,0.0,0.011056511056511056,0.0
P00531,Jefferson Chara,Colombian,Defender,Colombia,26,3417682,Universidad de Chile,46,2044,0,0,0.02,0.21000000000000002,6,12,73,57,89,1,0.8217391304347825,0,0,3.928260869565217,81.4804347826087,37.0,219.8,28.669565217391302,48.97391304347826,53.22391304347826,45.300000000000004,25.823913043478264,51.94565217391305,0,0.04403131115459882,0.0,0.0,0.0008806262230919764,0.009246575342465754,-0.02,0.0,0.01012720156555773,0.0
P00532,David Lucumi,Colombian,Defender,Colombia,21,25815367,Sao Paulo,46,1915,1,3,0.09,0.14,9,15,71,63,134,0,0.8376086956521739,0,0,3.9347826086956523,83.09347826086957,36.3,196.1,28.893478260869564,87.66521739130435,61.199999999999996,84.38260869565217,47.61739130434783,93.67173913043477,1,0.04699738903394256,0.04699738903394256,0.14099216710182766,0.00422976501305483,0.006579634464751958,0.91,0.18798955613577023,0.010809399477806788,0.18798955613577023
P00533,Luis Sinisterra,Colombian,Midfielder,Colombia,31,2903455,Racing Club,46,1394,1,6,0.5599999999999999,0.56,12,25,37,20,32,3,0.855,0,0,3.523913043478261,79.99347826086957,37.0,172.1,38.606521739130436,41.94782608695652,49.29782608695652,39.18478260869565,35.46304347826087,33.93043478260869,0,0.06456241032998565,0.06456241032998565,0.3873744619799139,0.03615494978479196,0.036154949784791966,0.44000000000000006,0.45193687230989954,0.07230989956958392,0.45193687230989954
P00534,James Morelos,Colombian,Midfielder,Colombia,23,11530262,Sao Paulo,46,1664,3,4,1.3,1.17,30,49,43,25,89,17,0.8554347826086957,0,0,4.552173913043478,83.8108695652174,35.5,202.1,80.5,88.41521739130435,57.626086956521746,85.65217391304348,77.15434782608695,68.94130434782609,1,0.054086538461538464,0.1622596153846154,0.21634615384615385,0.0703125,0.06328125,1.7,0.3786057692307693,0.13359375,0.3786057692307693
P00535,Duvan Tesillo,Colombian,Midfielder,Colombia,18,4396056,River Plate,46,1849,2,1,0.7000000000000001,0.6,13,22,39,34,47,6,0.84,0,0,3.5152173913043474,79.9108695652174,35.0,213.7,40.46304347826087,42.23913043478261,55.07608695652174,40.62826086956522,37.68260869565218,32.573913043478264,0,0.048674959437533805,0.09734991887506761,0.048674959437533805,0.03407247160627366,0.029204975662520283,1.2999999999999998,0.1460248783126014,0.06327744726879395,0.1460248783126014
P00536,Yerry Cantillo,Colombian,Midfielder,Colombia,22,9140160,Colo-Colo,46,1820,1,3,0.55,0.71,10,32,49,30,51,6,0.835,0,0,3.9586956521739127,80.44130434782609,36.4,225.1,45.689130434782605,49.71304347826087,54.43478260869565,46.87173913043478,41.51086956521739,39.38260869565217,1,0.04945054945054945,0.04945054945054945,0.14835164835164835,0.0271978021978022,0.03510989010989011,0.44999999999999996,0.1978021978021978,0.06230769230769231,0.1978021978021978
P00537,Davinson Villa,Colombian,Midfielder,Colombia,24,25956016,Penarol,46,2131,5,4,0.61,1.34,25,39,37,37,104,16,0.85,0,0,4.52391304347826,84.99130434782609,37.0,253.3,61.99347826086956,70.04782608695652,57.13260869565217,65.65,60.1,56.45652173913044,1,0.04223369310183012,0.2111684655091506,0.1689347724073205,0.025762552792116374,0.05659314875645237,4.39,0.3801032379164711,0.08235570154856875,0.3801032379164711
P00538,Juan Munoz,Colombian,Midfielder,Colombia,24,3059605,Independiente,46,1936,5,1,0.53,1.1700000000000002,20,30,41,45,74,9,0.8600000000000001,0,0,3.960869565217391,81.30434782608695,36.8,224.6,47.10434782608696,47.93478260869565,52.73260869565217,45.49565217391305,41.63695652173913,39.29347826086956,0,0.04648760330578512,0.2324380165289256,0.04648760330578512,0.024638429752066114,0.0543904958677686,4.47,0.2789256198347107,0.07902892561983471,0.2789256198347107
P00539,Radamel Rios,Colombian,Midfielder,Colombia,30,21193087,River Plate,46,1936,3,6,0.99,2.0,25,63,41,41,109,16,0.8486956521739131,0,0,4.376086956521739,83.09782608695652,37.0,226.3,82.04782608695652,90.70434782608694,57.60217391304347,88.49347826086957,79.57391304347826,70.70217391304348,2,0.04648760330578512,0.13946280991735538,0.27892561983471076,0.04602272727272727,0.09297520661157024,2.01,0.41838842975206614,0.13899793388429751,0.41838842975206614
P00540,Jefferson Rodriguez,Colombian,Midfielder,Colombia,23,25861649,Sao Paulo,46,2085,2,2,1.68,1.45,27,49,45,35,99,19,0.8402173913043478,0,0,4.308695652173912,85.95652173913044,37.0,245.1,67.93695652173913,74.04782608695652,56.43260869565218,65.66304347826087,60.19347826086957,52.35434782608696,1,0.04316546762589928,0.08633093525179857,0.08633093525179857,0.0725179856115108,0.06258992805755396,0.32000000000000006,0.17266187050359713,0.13510791366906477,0.17266187050359713
P00541,Luis Villa,Colombian,Forward,Colombia,32,3578151,Deportivo Cali,46,1590,3,5,1.53,0.8200000000000001,18,17,16,8,19,6,0.786304347826087,0,0,3.7195652173913043,79.8586956521739,37.0,169.8,39.62826086956522,41.17826086956522,53.41956521739131,38.702173913043474,42.154347826086955,23.94347826086957,0,0.05660377358490566,0.169811320754717,0.2830188679245283,0.08660377358490566,0.046415094339622646,1.47,0.4528301886792453,0.1330188679245283,0.4528301886792453
P00542,James Munoz,Colombian,Forward,Colombia,17,5550991,Santos,46,1312,1,3,1.28,0.47000000000000003,20,10,14,4,19,12,0.7645652173913043,0,0,2.708695652173913,81.92608695652174,37.0,146.7,44.960869565217386,47.02173913043478,54.21739130434783,46.54347826086956,50.83695652173913,24.567391304347826,0,0.06859756097560976,0.06859756097560976,0.20579268292682928,0.0878048780487805,0.03224085365853659,-0.28,0.27439024390243905,0.12004573170731708,0.27439024390243905
P00543,Duvan Rios,Colombian,Forward,Colombia,24,16808320,Emelec,46,1746,6,1,1.8800000000000001,0.31,40,32,10,6,42,24,0.7726086956521739,0,0,3.691304347826087,84.13478260869564,34.9,193.0,64.69347826086957,68.96739130434783,52.19130434782609,67.85652173913044,70.85652173913044,26.36521739130435,1,0.05154639175257732,0.30927835051546393,0.05154639175257732,0.09690721649484536,0.015979381443298968,4.12,0.36082474226804123,0.11288659793814433,0.36082474226804123
P00544,Yerry Rodriguez,Colombian,Forward,Colombia,25,4686013,Universidad de Chile,46,1328,9,2,1.28,0.25,23,17,9,8,20,10,0.793695652173913,0,0,3.191304347826087,77.59782608695652,36.4,154.9,45.25652173913044,49.24347826086956,55.05652173913043,47.910869565217396,51.85434782608696,24.76304347826087,1,0.0677710843373494,0.6099397590361445,0.1355421686746988,0.08674698795180723,0.01694277108433735,7.72,0.7454819277108433,0.10368975903614458,0.7454819277108433
P00545,Davinson Mina,Colombian,Forward,Colombia,22,84963432,River Plate,46,1532,7,3,2.62,1.67,57,31,18,3,36,30,0.7656521739130434,0,0,3.845652173913044,84.22826086956522,36.7,171.1,85.40652173913043,89.68260869565216,54.606521739130436,83.93260869565218,93.32173913043479,24.002173913043475,1,0.0587467362924282,0.4112271540469974,0.1762402088772846,0.1539164490861619,0.09810704960835509,4.38,0.5874673629242819,0.252023498694517,0.5874673629242819
P00546,Juan Cuadrado,Colombian,Forward,Colombia,23,19672993,Atletico Nacional,46,1841,8,4,2.2199999999999998,0.93,62,28,22,6,29,20,0.7795652173913044,0,0,4.256521739130435,83.1086956521739,37.0,201.0,66.12173913043478,70.09130434782608,54.03260869565217,68.69130434782609,69.82391304347826,25.082608695652173,1,0.04888647474198805,0.3910917979359044,0.1955458989679522,0.10852797392721344,0.04546442151004888,5.78,0.5866376969038566,0.15399239543726234,0.5866376969038566
P00547,Alexis Vidal,Chilean,Goalkeeper,Chile,27,2045241,Emelec,37,1008,0,0,0.0,0.0,0,3,0,5,26,0,0.7202702702702702,40,4,2.0405405405405403,77.4972972972973,32.5,96.5,31.348648648648652,49.508108108108104,52.013513513513516,45.75405405405406,11.235135135135135,56.148648648648646,0,0.08928571428571429,0.0,0.0,0.0,0.0,0.0,0.0,0.0,0.0
P00548,Arturo Brereton,Chilean,Goalkeeper,Chile,25,8358117,Millonarios,37,1068,0,1,0.0,0.0,0,4,0,7,29,0,0.7305405405405405,40,5,2.418918918918919,77.9945945945946,32.0,103.5,30.802702702702703,67.83513513513513,57.61081081081081,66.34864864864865,8.63783783783784,81.57297297297296,0,0.08426966292134831,0.0,0.08426966292134831,0.0,0.0,0.0,0.08426966292134831,0.0,0.08426966292134831
P00549,Gary Isla,Chilean,Goalkeeper,Chile,25,2319927,Millonarios,37,726,0,0,0.0,0.0,0,3,0,4,19,0,0.7202702702702702,27,3,1.5297297297297299,77.27567567567569,30.5,70.0,28.713513513513515,46.87567567567568,51.26486486486486,45.4081081081081,10.272972972972974,55.53783783783784,0,0.12396694214876033,0.0,0.0,0.0,0.0,0.0,0.0,0.0,0.0
P00550,Alexis Pulgar,Chilean,Defender,Chile,26,3209598,Santos,37,1718,1,0,0.060000000000000005,0.060000000000000005,8,10,42,54,66,1,0.8221621621621622,0,0,4.021621621621622,79.46216216216216,37.0,184.7,28.572972972972973,46.65675675675676,53.548648648648644,46.14054054054054,24.054054054054053,52.21351351351352,1,0.05238649592549476,0.05238649592549476,0.0,0.003143189755529686,0.003143189755529686,0.94,0.05238649592549476,0.006286379511059372,0.05238649592549476
P00551,Arturo Aranguiz,Chilean,Defender,Chile,19,753176,Millonarios,37,1152,0,0,0.15,0.08,6,4,43,37,38,0,0.818918918918919,0,0,3.010810810810811,79.1891891891892,37.0,126.3,26.43243243243243,49.04324324324324,55.9054054054054,47.83513513513514,23.61621621621622,53.548648648648644,0,0.078125,0.0,0.0,0.01171875,0.00625,-0.15,0.0,0.01796875,0.0
P00552,Gary Diaz,Chilean,Defender,Chile,26,2946622,Colo-Colo,37,1363,1,0,0.0,0.14,8,1,47,41,39,1,0.8224324324324325,0,0,3.7,80.7,35.5,138.6,30.164864864864864,48.02162162162162,55.472972972972975,45.42972972972973,24.124324324324323,50.61081081081081,0,0.06603081438004402,0.06603081438004402,0.0,0.0,0.009244314013206164,1.0,0.06603081438004402,0.009244314013206164,0.06603081438004402
P00553,Ben Sierralta,Chilean,Defender,Chile,32,7343287,Atletico Nacional,37,1240,0,3,0.01,0.030000000000000002,8,15,51,35,70,1,0.8400000000000001,0,0,3.4810810810810815,82.06486486486487,35.1,131.4,29.740540540540543,69.97297297297297,56.98918918918919,65.43243243243244,36.38648648648648,76.03513513513512,3,0.07258064516129033,0.0,0.217741935483871,0.0007258064516129033,0.00217741935483871,-0.01,0.217741935483871,0.002903225806451613,0.217741935483871
P00554,Erick Mena,Chilean,Defender,Chile,24,7915920,Emelec,37,1267,0,0,0.07,0.44999999999999996,11,7,39,43,69,0,0.8078378378378378,0,0,3.348648648648649,80.72432432432433,36.8,137.7,29.62972972972973,71.77297297297297,56.84594594594595,66.0054054054054,37.027027027027025,74.35945945945946,0,0.07103393843725335,0.0,0.0,0.004972375690607735,0.031965272296764005,-0.07,0.0,0.036937647987371744,0.0
P00555,Mauricio Montes,Chilean,Defender,Chile,26,1937860,Millonarios,37,1181,0,0,0.02,0.03,7,7,41,35,41,0,0.8062162162162162,0,0,3.118918918918919,78.47297297297297,37.0,126.89999999999999,30.383783783783784,49.9,55.85405405405405,45.46756756756756,24.075675675675676,51.25945945945946,0,0.07620660457239628,0.0,0.0,0.0015241320914479257,0.002286198137171888,-0.02,0.0,0.003810330228619814,0.0
P00556,Jean Zavala,Chilean,Defender,Chile,19,5994715,River Plate,37,1270,2,0,0.03,0.08,7,3,56,37,31,1,0.8191891891891891,0,0,3.289189189189189,78.6054054054054,35.8,137.1,30.81351351351351,42.5945945945946,50.597297297297295,41.11081081081081,20.37297297297297,43.68378378378378,1,0.07086614173228346,0.14173228346456693,0.0,0.002125984251968504,0.005669291338582677,1.97,0.14173228346456693,0.007795275590551182,0.14173228346456693
P00557,Paulo Albornoz,Chilean,Defender,Chile,25,9884882,Barcelona SC,37,1036,0,1,0.0,0.08,10,10,38,19,59,1,0.8275675675675676,0,0,3.2513513513513512,82.37567567567568,35.6,109.7,28.845945945945946,70.29189189189188,55.65405405405405,70.77837837837838,36.24324324324324,73.92432432432432,0,0.08687258687258688,0.0,0.08687258687258688,0.0,0.00694980694980695,0.0,0.08687258687258688,0.00694980694980695,0.08687258687258688
P00558,Claudio Pavez,Chilean,Defender,Chile,21,2942422,Atletico Nacional,37,1249,1,2,0.01,0.0,7,5,46,44,49,0,0.8435135135135136,0,0,3.224324324324324,81.48108108108109,36.4,129.2,30.2972972972973,50.56216216216216,53.65675675675676,46.65135135135135,24.624324324324323,53.013513513513516,0,0.07205764611689351,0.07205764611689351,0.14411529223378702,0.0007205764611689351,0.0,0.99,0.21617293835068052,0.0007205764611689351,0.21617293835068052
P00559,Alexis Lasarte,Chilean,Midfielder,Chile,31,22529469,Deportivo Cali,37,1021,1,2,0.25,0.94,9,18,22,19,33,4,0.8551351351351352,0,0,2.937837837837838,80.18648648648649,35.1,126.0,69.3162162162162,70.00810810810812,59.44864864864864,69.23243243243243,62.75135135135135,53.43783783783784,0,0.0881488736532811,0.0881488736532811,0.1762977473065622,0.022037218413320275,0.08285994123408423,0.75,0.2644466209598433,0.10489715964740451,0.2644466209598433
P00560,Arturo Fuentes,Chilean,Midfielder,Chile,18,12427351,Santos,37,1849,3,7,0.55,0.7599999999999999,25,44,48,33,89,9,0.8535135135135135,0,0,4.302702702702702,85.44864864864864,37.0,216.7,69.42972972972973,70.61621621621622,55.1972972972973,66.47027027027028,57.064864864864866,57.88918918918919,1,0.048674959437533805,0.1460248783126014,0.34072471606273663,0.026771227690643596,0.03699296917252569,2.45,0.48674959437533805,0.06376419686316928,0.48674959437533805
P00561,Gary Villanueva,Chilean,Midfielder,Chile,26,80331857,Universidad de Chile,37,1425,3,9,0.76,3.1900000000000004,27,49,28,29,82,17,0.8532432432432433,0,0,4.832432432432433,85.62972972972973,35.3,168.6,91.7081081081081,96.4972972972973,63.0027027027027,95.46756756756757,90.84054054054054,79.59189189189189,2,0.06315789473684211,0.18947368421052632,0.5684210526315789,0.048,0.20147368421052636,2.24,0.7578947368421053,0.24947368421052635,0.7578947368421053
P00562,Ben Castillo,Chilean,Midfielder,Chile,34,7537732,Deportivo Cali,37,1630,1,0,0.14,0.5,11,13,39,30,44,3,0.8424324324324324,0,0,4.443243243243243,82.4054054054054,36.0,199.6,37.04054054054054,42.9972972972973,53.23243243243243,40.024324324324326,37.23783783783784,32.75135135135135,0,0.05521472392638037,0.05521472392638037,0.0,0.0077300613496932525,0.027607361963190184,0.86,0.05521472392638037,0.035337423312883434,0.05521472392638037
P00563,Erick Valdivia,Chilean,Midfielder,Chile,28,6417752,River Plate,37,1311,1,3,0.33,0.42,17,10,31,28,37,2,0.842972972972973,0,0,3.5783783783783787,80.15945945945946,35.6,154.3,39.53783783783784,43.351351351351354,53.11891891891892,39.64594594594595,32.72702702702703,33.432432432432435,1,0.06864988558352403,0.06864988558352403,0.20594965675057209,0.022654462242562932,0.02883295194508009,0.6699999999999999,0.2745995423340961,0.05148741418764302,0.2745995423340961
P00564,Mauricio Riquelme,Chilean,Midfielder,Chile,29,10000275,Penarol,37,1412,0,4,0.39,0.35,14,19,34,19,48,7,0.8486486486486486,0,0,3.581081081081081,80.8891891891892,36.3,171.3,46.424324324324324,49.483783783783785,53.72432432432432,45.68378378378378,41.229729729729726,38.58108108108108,1,0.06373937677053824,0.0,0.254957507082153,0.024858356940509915,0.022308781869688384,-0.39,0.254957507082153,0.047167138810198295,0.254957507082153
P00565,Jean Delgado,Chilean,Midfielder,Chile,29,15433298,Colo-Colo,37,1475,3,4,1.01,1.19,8,25,20,25,67,6,0.8540540540540541,0,0,4.478378378378378,83.05405405405405,37.0,182.1,63.13243243243244,70.87567567567568,56.4945945945946,67.52162162162162,57.26756756756757,53.22702702702703,2,0.061016949152542375,0.18305084745762712,0.2440677966101695,0.0616271186440678,0.07261016949152542,1.99,0.42711864406779665,0.1342372881355932,0.42711864406779665
P00566,Paulo Vidal,Chilean,Midfielder,Chile,28,56292910,Penarol,37,1326,3,2,0.4,1.9900000000000002,20,22,17,23,69,7,0.8354054054054054,0,0,3.402702702702703,79.3027027027027,37.0,155.7,65.28648648648648,68.35405405405405,57.53243243243243,70.57567567567568,57.2972972972973,57.61891891891892,0,0.06787330316742081,0.20361990950226244,0.13574660633484162,0.027149321266968326,0.1350678733031674,2.6,0.3393665158371041,0.16221719457013573,0.3393665158371041
P00567,Alexis Valdivia,Chilean,Forward,Chile,31,28337354,Universidad de Chile,37,1724,3,1,3.36,0.54,53,31,19,3,37,20,0.7872972972972972,0,0,4.351351351351352,81.73513513513512,36.1,181.0,63.443243243243245,69.57297297297296,58.17027027027027,65.51891891891891,69.55405405405405,26.63243243243243,1,0.052204176334106726,0.15661252900232017,0.052204176334106726,0.1754060324825986,0.028190255220417633,-0.3599999999999999,0.2088167053364269,0.20359628770301622,0.2088167053364269
P00568,Arturo Riquelme,Chilean,Forward,Chile,23,6789709,Barcelona SC,37,1251,1,2,1.03,1.1,23,11,9,6,17,9,0.7883783783783784,0,0,3.324324324324324,81.76486486486488,35.8,138.4,36.872972972972974,41.2027027027027,52.57027027027027,37.464864864864865,40.97027027027027,25.02162162162162,0,0.07194244604316546,0.07194244604316546,0.14388489208633093,0.07410071942446043,0.07913669064748202,-0.030000000000000027,0.2158273381294964,0.15323741007194247,0.2158273381294964
P00569,Gary Delgado,Chilean,Forward,Chile,23,20735451,LDU Quito,37,1109,1,1,2.42,0.38,38,17,10,6,28,10,0.7937837837837838,0,0,3.0216216216216214,80.68108108108108,36.3,120.4,63.85405405405405,68.93783783783783,57.099999999999994,67.67567567567568,72.57027027027027,23.737837837837837,0,0.0811541929666366,0.0811541929666366,0.0811541929666366,0.19639314697926058,0.03083859332732191,-1.42,0.1623083859332732,0.2272317403065825,0.1623083859332732
P00570,Ben Vidal,Chilean,Forward,Chile,27,5584113,Nacional,37,1540,5,4,1.1,0.85,37,13,11,9,21,7,0.7878378378378378,0,0,3.951351351351351,79.8891891891892,36.9,172.3,41.02162162162162,42.048648648648644,54.37027027027027,40.024324324324326,41.3054054054054,24.445945945945947,2,0.05844155844155844,0.2922077922077922,0.23376623376623376,0.0642857142857143,0.04967532467532467,3.9,0.525974025974026,0.11396103896103896,0.525974025974026
P00571,Erick Brereton,Chilean,Forward,Chile,19,3636712,Barcelona SC,37,1845,2,3,0.55,1.73,35,23,14,16,27,12,0.7727027027027027,0,0,5.0729729729729724,85.05405405405405,35.7,198.4,45.85945945945946,48.58108108108108,51.57837837837838,44.575675675675676,47.95675675675676,26.17027027027027,0,0.04878048780487805,0.0975609756097561,0.14634146341463417,0.02682926829268293,0.08439024390243903,1.45,0.24390243902439027,0.11121951219512197,0.24390243902439027
P00572,Mauricio Isla,Chilean,Forward,Chile,17,2523097,Flamengo,37,1581,4,3,0.86,0.94,25,24,11,4,22,9,0.7883783783783784,0,0,3.762162162162162,81.87567567567568,35.9,166.1,47.064864864864866,46.98108108108108,50.729729729729726,49.548648648648644,48.95675675675676,26.027027027027028,2,0.056925996204933584,0.22770398481973433,0.17077798861480076,0.04895635673624288,0.053510436432637566,3.14,0.39848197343453506,0.10246679316888044,0.39848197343453506
P00573,Luis Cavani,Uruguayan,Goalkeeper,Uruguay,26,4291634,Nacional,45,840,0,0,0.0,0.0,0,1,0,2,17,1,0.7435555555555555,28,3,1.491111111111111,76.53555555555555,32.7,74.8,33.09111111111111,49.80222222222222,58.11333333333333,45.968888888888884,9.151111111111112,57.29111111111111,0,0.10714285714285714,0.0,0.0,0.0,0.0,0.0,0.0,0.0,0.0
P00574,Edinson Gimenez,Uruguayan,Goalkeeper,Uruguay,32,3508464,Nacional,45,934,0,0,0.0,0.0,0,4,0,4,25,1,0.7368888888888889,29,5,1.5355555555555553,79.15111111111112,31.4,89.6,28.21333333333333,49.01555555555555,54.44888888888889,45.093333333333334,11.291111111111112,55.02888888888889,0,0.09635974304068523,0.0,0.0,0.0,0.0,0.0,0.0,0.0,0.0
P00575,Federico Bentancur,Uruguayan,Goalkeeper,Uruguay,21,33206789,Independiente,45,1719,0,0,0.0,0.0,0,3,0,12,39,0,0.7126666666666667,76,6,3.2311111111111113,83.0,32.5,165.1,27.69777777777778,91.92666666666666,58.144444444444446,84.50888888888889,10.591111111111111,97.11777777777777,0,0.05235602094240838,0.0,0.0,0.0,0.0,0.0,0.0,0.0,0.0
P00576,Luis Araujo,Uruguayan,Defender,Uruguay,30,10022711,Sao Paulo,45,1724,1,2,0.060000000000000005,0.16,13,14,59,52,97,1,0.8302222222222222,0,0,3.8555555555555556,81.81555555555555,35.6,180.8,31.720000000000002,70.65111111111112,56.81333333333333,65.73333333333333,37.544444444444444,76.06444444444445,1,0.052204176334106726,0.052204176334106726,0.10440835266821345,0.0031322505800464038,0.008352668213457077,0.94,0.15661252900232017,0.011484918793503482,0.15661252900232017
P00577,Edinson Nandez,Uruguayan,Defender,Uruguay,23,15651016,LDU Quito,45,1988,0,1,0.0,0.1,12,18,59,52,152,0,0.8168888888888889,0,0,4.793333333333334,86.69555555555556,36.4,209.1,29.815555555555555,88.62,57.86666666666667,81.69111111111111,48.46222222222222,94.07555555555555,1,0.04527162977867203,0.0,0.04527162977867203,0.0,0.004527162977867203,0.0,0.04527162977867203,0.004527162977867203,0.04527162977867203
P00578,Federico Coates,Uruguayan,Defender,Uruguay,30,3648979,Nacional,45,1707,1,0,0.08,0.02,14,6,71,53,62,0,0.8093333333333333,0,0,3.86,82.67777777777778,35.2,182.6,31.779999999999998,41.93555555555555,52.45333333333333,39.49777777777778,20.328888888888887,44.47333333333333,0,0.05272407732864675,0.05272407732864675,0.0,0.00421792618629174,0.001054481546572935,0.92,0.05272407732864675,0.005272407732864675,0.05272407732864675
P00579,Jose Torreira,Uruguayan,Defender,Uruguay,23,9808239,Emelec,45,1384,1,0,0.01,0.0,6,8,51,36,66,1,0.8102222222222223,0,0,3.6244444444444444,79.3711111111111,35.8,152.6,29.44888888888889,69.10444444444444,49.36,64.64,35.91111111111111,74.80222222222223,0,0.06502890173410404,0.06502890173410404,0.0,0.0006502890173410405,0.0,0.99,0.06502890173410404,0.0006502890173410405,0.06502890173410404
P00580,Ronald De Arrascaeta,Uruguayan,Defender,Uruguay,35,6510779,Boca Juniors,45,1625,1,3,0.04,0.03,12,9,58,33,93,1,0.8168888888888889,0,0,3.9644444444444447,79.72222222222223,36.3,172.1,29.54,70.58222222222221,57.36888888888889,64.67333333333333,35.8,74.82000000000001,1,0.055384615384615386,0.055384615384615386,0.16615384615384615,0.0022153846153846156,0.0016615384615384615,0.96,0.22153846153846155,0.0038769230769230773,0.22153846153846155
P00581,Sebastian Nunez,Uruguayan,Defender,Uruguay,29,4083598,Penarol,45,1675,0,1,0.04,0.30000000000000004,10,5,60,54,76,0,0.824,0,0,3.2755555555555556,78.79777777777778,36.2,177.1,30.479999999999997,47.437777777777775,52.28222222222222,47.51555555555555,24.773333333333333,51.94888888888889,0,0.05373134328358209,0.0,0.05373134328358209,0.0021492537313432835,0.016119402985074627,-0.04,0.05373134328358209,0.018268656716417912,0.05373134328358209
P00582,Rodrigo Olivera,Uruguayan,Defender,Uruguay,25,7619101,Gremio,45,1314,0,0,0.04,0.06999999999999999,3,4,30,38,85,0,0.8146666666666665,0,0,3.0244444444444443,78.94888888888889,36.2,140.7,27.875555555555557,69.08,58.748888888888885,66.94222222222223,35.504444444444445,75.42444444444445,0,0.0684931506849315,0.0,0.0,0.0027397260273972603,0.004794520547945205,-0.04,0.0,0.007534246575342465,0.0
P00583,Diego Vina,Uruguayan,Defender,Uruguay,34,13255088,Atletico Nacional,45,1780,1,1,0.0,0.02,12,11,72,54,79,1,0.8104444444444444,0,0,3.924444444444444,84.15111111111112,37.0,194.5,31.295555555555556,66.88222222222223,58.02,64.93111111111111,34.733333333333334,74.92888888888889,1,0.05056179775280899,0.05056179775280899,0.05056179775280899,0.0,0.0010112359550561798,1.0,0.10112359550561797,0.0010112359550561798,0.10112359550561797
P00584,Nahitan Canobbio,Uruguayan,Defender,Uruguay,28,11081077,Millonarios,45,1773,3,0,0.09,0.16,10,11,60,52,98,0,0.8224444444444444,0,0,4.151111111111112,81.37555555555556,35.4,193.6,31.868888888888886,70.84666666666666,57.26888888888889,68.38222222222223,34.30444444444444,74.41777777777779,1,0.050761421319796954,0.15228426395939088,0.0,0.004568527918781725,0.008121827411167513,2.91,0.15228426395939088,0.012690355329949238,0.15228426395939088
P00585,Luis Pellistri,Uruguayan,Midfielder,Uruguay,34,10100657,Palmeiras,45,1616,4,3,1.4100000000000001,1.39,21,35,47,22,79,10,0.8442222222222223,0,0,3.491111111111111,83.66,35.6,185.1,65.13777777777777,69.03333333333333,60.49111111111111,65.38222222222223,59.78666666666667,54.61777777777778,0,0.055693069306930694,0.22277227722772278,0.1670792079207921,0.07852722772277229,0.07741336633663366,2.59,0.38985148514851486,0.15594059405940597,0.38985148514851486
P00586,Edinson Ugarte,Uruguayan,Midfielder,Uruguay,26,2490643,Emelec,45,1748,2,2,0.46,0.52,16,30,37,22,61,5,0.8326666666666667,0,0,3.697777777777778,84.15777777777778,35.3,206.3,44.620000000000005,48.224444444444444,56.96222222222222,45.67111111111111,41.96222222222222,37.855555555555554,0,0.05148741418764302,0.10297482837528604,0.10297482837528604,0.02368421052631579,0.026773455377574373,1.54,0.20594965675057209,0.05045766590389016,0.20594965675057209
P00587,Federico Caceres,Uruguayan,Midfielder,Uruguay,25,22501778,Sao Paulo,45,1656,4,3,0.79,1.98,24,44,37,32,74,9,0.85,0,0,4.237777777777778,85.68888888888888,36.4,196.3,62.36222222222223,69.60222222222222,52.955555555555556,67.38222222222223,58.422222222222224,56.166666666666664,1,0.05434782608695652,0.21739130434782608,0.16304347826086957,0.042934782608695654,0.1076086956521739,3.21,0.3804347826086957,0.15054347826086956,0.3804347826086957
P00588,Jose Rodriguez,Uruguayan,Midfielder,Uruguay,31,7381820,Penarol,45,1786,3,3,0.95,0.75,26,36,50,27,79,12,0.8497777777777779,0,0,3.5444444444444443,80.88,37.0,211.8,64.94222222222223,67.91555555555556,57.08222222222222,66.99555555555555,60.162222222222226,56.07111111111111,1,0.05039193729003359,0.15117581187010076,0.15117581187010076,0.04787234042553191,0.03779395296752519,2.05,0.3023516237402015,0.08566629339305709,0.3023516237402015
P00589,Ronald Varela,Uruguayan,Midfielder,Uruguay,27,8457298,Universidad de Chile,45,2276,1,2,0.86,1.66,17,32,49,35,69,6,0.8386666666666667,0,0,4.862222222222223,81.38666666666667,36.1,275.0,38.91777777777778,42.32888888888889,55.21777777777778,39.77777777777778,34.815555555555555,32.217777777777776,1,0.03954305799648506,0.03954305799648506,0.07908611599297012,0.03400702987697715,0.0656414762741652,0.14,0.11862917398945519,0.09964850615114235,0.11862917398945519
P00590,Sebastian Torres,Uruguayan,Midfielder,Uruguay,25,36510320,Racing Club,45,1987,4,6,0.86,2.07,33,59,29,36,101,13,0.8531111111111112,0,0,4.8,82.47333333333334,35.8,250.5,81.52,89.15333333333334,58.459999999999994,81.01333333333334,78.60888888888888,67.42222222222222,1,0.04529441368897836,0.18117765475591344,0.27176648213387017,0.03895319577252139,0.09375943633618519,3.14,0.45294413688978363,0.1327126321087066,0.45294413688978363
P00591,Rodrigo Trezeguet,Uruguayan,Midfielder,Uruguay,26,3167699,Boca Juniors,45,1807,1,3,0.62,0.5700000000000001,14,28,38,35,49,1,0.8444444444444444,0,0,3.586666666666667,81.56,36.3,221.4,38.73111111111111,41.43777777777778,55.26,39.26444444444444,35.126666666666665,34.715555555555554,1,0.04980630879911455,0.04980630879911455,0.14941892639734367,0.030879911455451024,0.0283895960154953,0.38,0.1992252351964582,0.05926950747094632,0.1992252351964582
P00592,Diego Cavani,Uruguayan,Midfielder,Uruguay,23,5367277,LDU Quito,45,1486,4,2,0.55,0.42000000000000004,14,22,38,26,52,4,0.8493333333333333,0,0,3.3311111111111114,82.8711111111111,36.1,178.6,40.07333333333333,41.98444444444444,55.93555555555555,39.42444444444444,35.92444444444444,33.6,0,0.06056527590847914,0.24226110363391656,0.12113055181695828,0.03331090174966353,0.025437415881561242,3.45,0.3633916554508748,0.058748317631224775,0.3633916554508748
P00593,Luis Varela,Uruguayan,Forward,Uruguay,22,5498972,Universidad de Chile,45,1591,2,2,0.76,1.46,40,28,20,14,18,15,0.7686666666666667,0,0,3.6266666666666665,80.02,35.7,170.7,44.32222222222222,48.82,54.522222222222226,44.955555555555556,49.077777777777776,26.533333333333335,0,0.056568196103079824,0.11313639220615965,0.11313639220615965,0.042991829038340666,0.08258956631049653,1.24,0.2262727844123193,0.1255813953488372,0.2262727844123193
P00594,Edinson Torres,Uruguayan,Forward,Uruguay,26,25442767,Boca Juniors,45,1636,7,1,4.04,1.94,47,20,13,6,39,13,0.7937777777777778,0,0,3.6044444444444443,81.42666666666666,36.2,179.6,63.69777777777778,70.44666666666666,57.42888888888889,66.74888888888889,69.86444444444444,22.182222222222222,1,0.0550122249388753,0.3850855745721271,0.0550122249388753,0.22224938875305622,0.10672371638141809,2.96,0.4400977995110024,0.3289731051344743,0.4400977995110024
P00595,Federico Trezeguet,Uruguayan,Forward,Uruguay,30,75346848,Colo-Colo,45,1554,10,3,1.57,0.71,58,41,17,5,36,24,0.7844444444444444,0,0,3.9533333333333336,82.33777777777777,36.7,171.5,85.62,91.01333333333334,59.148888888888884,82.94888888888889,91.54666666666668,23.953333333333337,1,0.05791505791505792,0.5791505791505792,0.17374517374517376,0.09092664092664093,0.04111969111969112,8.43,0.752895752895753,0.13204633204633204,0.752895752895753
P00596,Jose Cavani,Uruguayan,Forward,Uruguay,25,84522695,Millonarios,45,1841,10,9,2.52,1.97,55,39,13,11,52,26,0.7782222222222223,0,0,4.76,85.33777777777777,35.4,199.5,80.58444444444444,88.77333333333334,58.13333333333333,80.70666666666668,88.84444444444445,26.633333333333333,1,0.04888647474198805,0.48886474741988045,0.4399782726778924,0.12319391634980988,0.09630635524171645,7.48,0.9288430200977729,0.21950027159152632,0.9288430200977729
P00597,Ronald Gimenez,Uruguayan,Forward,Uruguay,21,8534035,Nacional,45,1474,3,0,0.68,0.36,22,16,8,6,31,11,0.8022222222222223,0,0,3.1644444444444444,82.00666666666667,37.0,161.4,42.98888888888889,48.89555555555556,54.215555555555554,46.26,52.8,25.095555555555556,1,0.06105834464043419,0.18317503392130258,0.0,0.04151967435549525,0.02198100407055631,2.32,0.18317503392130258,0.06350067842605156,0.18317503392130258
P00598,Sebastian Bentancur,Uruguayan,Forward,Uruguay,28,11876887,LDU Quito,45,1993,6,1,0.97,2.13,32,15,15,7,31,5,0.762,0,0,3.9955555555555557,78.41111111111111,35.1,206.5,37.266666666666666,39.86888888888889,54.83111111111111,39.06666666666667,42.76222222222222,25.466666666666665,1,0.04515805318615153,0.2709483191169092,0.04515805318615153,0.04380331159056698,0.09618665328650275,5.03,0.3161063723030607,0.13998996487706972,0.3161063723030607
P00599,Enner Caicedo,Ecuadorian,Goalkeeper,Ecuador,30,5481490,Penarol,47,1220,0,1,0.0,0.0,0,2,0,1,25,0,0.7217021276595745,43,5,2.121276595744681,77.99361702127659,32.1,114.8,31.544680851063827,70.6191489361702,57.340425531914896,65.34042553191489,10.331914893617022,78.31489361702128,0,0.07377049180327869,0.0,0.07377049180327869,0.0,0.0,0.0,0.07377049180327869,0.0,0.07377049180327869
P00600,Moises Mena,Ecuadorian,Goalkeeper,Ecuador,32,2372868,Racing Club,47,935,0,1,0.0,0.0,0,7,0,5,26,0,0.7106382978723403,43,4,1.4787234042553192,76.16595744680852,31.5,90.0,32.191489361702125,42.5,48.748936170212765,40.48510638297872,9.770212765957446,48.68936170212766,1,0.0962566844919786,0.0,0.0962566844919786,0.0,0.0,0.0,0.0962566844919786,0.0,0.0962566844919786
P00601,Pervis Preciado,Ecuadorian,Goalkeeper,Ecuador,30,5179337,Palmeiras,47,1532,0,2,0.0,0.0,0,8,0,11,28,1,0.7065957446808511,65,4,2.4085106382978725,81.49148936170212,34.1,145.6,31.23404255319149,71.1063829787234,57.180851063829785,67.0936170212766,10.791489361702128,79.90212765957448,0,0.0587467362924282,0.0,0.1174934725848564,0.0,0.0,0.0,0.1174934725848564,0.0,0.1174934725848564
P00602,Enner Hincapie,Ecuadorian,Defender,Ecuador,24,18320744,Palmeiras,47,2038,2,1,0.07,0.28,15,18,80,40,133,1,0.8336170212765958,0,0,4.4,84.30851063829788,35.6,213.29999999999998,32.92978723404256,87.23829787234042,58.738297872340425,84.94468085106384,46.48297872340425,91.89148936170211,2,0.04416094210009813,0.08832188420019627,0.04416094210009813,0.0030912659470068698,0.012365063788027479,1.93,0.1324828263002944,0.015456329735034349,0.1324828263002944
P00603,Moises Torres,Ecuadorian,Defender,Ecuador,30,12280463,Sao Paulo,47,1973,0,2,0.13,0.47000000000000003,14,10,68,57,150,0,0.8268085106382979,0,0,4.491489361702127,84.48510638297873,37.0,208.0,29.074468085106382,89.71063829787234,58.69787234042553,85.11489361702128,43.57234042553192,94.3468085106383,0,0.0456158134820071,0.0,0.0912316269640142,0.005930055752660923,0.021439432336543336,-0.13,0.0912316269640142,0.02736948808920426,0.0912316269640142
P00604,Pervis Gruezo,Ecuadorian,Defender,Ecuador,28,2132342,Santos,47,1503,0,1,0.16,0.09999999999999999,9,8,47,52,51,1,0.8140425531914893,0,0,2.9468085106382977,81.17872340425532,35.1,163.7,30.725531914893615,41.12765957446808,51.86595744680851,38.84468085106383,20.47872340425532,45.16595744680851,0,0.059880239520958084,0.0,0.059880239520958084,0.009580838323353293,0.005988023952095808,-0.16,0.059880239520958084,0.0155688622754491,0.059880239520958084
P00605,Angel Plata,Ecuadorian,Defender,Ecuador,30,12127028,Nacional,47,1820,0,3,0.09,0.15,7,8,52,42,93,0,0.8082978723404256,0,0,3.6617021276595745,84.01063829787235,36.2,200.1,30.02127659574468,69.57659574468084,54.52765957446809,65.88723404255319,34.327659574468086,76.0127659574468,1,0.04945054945054945,0.0,0.14835164835164835,0.00445054945054945,0.007417582417582417,-0.09,0.14835164835164835,0.011868131868131867,0.14835164835164835
P00606,Gonzalo Ramirez,Ecuadorian,Defender,Ecuador,23,50755642,Palmeiras,47,1682,1,0,0.07,0.04,10,9,62,47,102,1,0.8157446808510639,0,0,3.8808510638297875,80.6659574468085,36.8,176.2,28.512765957446806,68.22765957446808,56.91489361702128,65.88936170212766,34.81063829787234,75.1936170212766,0,0.0535077288941736,0.0535077288941736,0.0,0.0037455410225921523,0.002140309155766944,0.9299999999999999,0.0535077288941736,0.005885850178359096,0.0535077288941736
P00607,Sebastian Angulo,Ecuadorian,Defender,Ecuador,28,27397336,Emelec,47,2424,0,1,0.04,0.37000000000000005,12,17,76,77,175,0,0.8104255319148936,0,0,4.9,85.56170212765957,36.2,268.1,28.612765957446808,87.46808510638297,61.663829787234036,83.64468085106384,43.37446808510638,94.69574468085106,0,0.03712871287128713,0.0,0.03712871287128713,0.0014851485148514852,0.01373762376237624,-0.04,0.03712871287128713,0.015222772277227724,0.03712871287128713
P00608,Diego Pacho,Ecuadorian,Defender,Ecuador,30,19904950,Nacional,47,1540,0,2,0.01,0.08,8,12,54,52,99,0,0.8225531914893617,0,0,3.8085106382978724,83.09148936170213,37.0,169.1,31.651063829787237,90.14893617021276,61.889361702127665,84.26808510638298,46.98936170212766,95.42340425531914,1,0.05844155844155844,0.0,0.11688311688311688,0.0005844155844155844,0.004675324675324675,-0.01,0.11688311688311688,0.005259740259740259,0.11688311688311688
P00609,Felix Rodriguez,Ecuadorian,Defender,Ecuador,23,13324465,LDU Quito,47,1979,0,0,0.14,0.09,12,18,60,53,112,0,0.8157446808510639,0,0,4.108510638297872,81.87659574468084,36.7,207.7,29.757446808510636,71.43617021276596,56.740425531914894,64.6531914893617,37.09574468085106,77.02127659574468,0,0.045477513895907026,0.0,0.0,0.006366851945426984,0.0040929762506316325,-0.14,0.0,0.010459828196058616,0.0
P00610,Jackson Canga,Ecuadorian,Defender,Ecuador,27,11867067,Atletico Nacional,47,2146,2,0,0.0,0.13,10,17,76,61,119,1,0.8242553191489362,0,0,4.327659574468085,85.15531914893617,37.0,225.8,29.678723404255322,71.25744680851064,53.07659574468085,67.53191489361703,34.285106382978725,73.18297872340425,1,0.04193849021435228,0.08387698042870456,0.0,0.0,0.005452003727865797,2.0,0.08387698042870456,0.005452003727865797,0.08387698042870456
P00611,Enner Ibarra,Ecuadorian,Midfielder,Ecuador,29,7904747,Universidad de Chile,47,1356,0,2,0.43,0.7,10,27,40,25,39,3,0.8595744680851064,0,0,3.040425531914894,80.88723404255319,37.0,171.2,44.0404255319149,49.704255319148935,53.780851063829786,47.69574468085106,42.231914893617024,37.97021276595744,0,0.06637168141592921,0.0,0.13274336283185842,0.02853982300884956,0.046460176991150445,-0.43,0.13274336283185842,0.07500000000000001,0.13274336283185842
P00612,Moises Minda,Ecuadorian,Midfielder,Ecuador,27,2861183,Sao Paulo,47,1651,0,1,0.5,0.79,10,16,36,23,37,4,0.851063829787234,0,0,3.5851063829787235,80.98510638297873,36.0,201.7,38.32340425531915,41.18936170212766,51.19787234042553,39.248936170212765,35.791489361702126,32.638297872340424,0,0.054512416717141125,0.0,0.054512416717141125,0.027256208358570563,0.04306480920654149,-0.5,0.054512416717141125,0.07032101756511205,0.054512416717141125
P00613,Pervis Palacios,Ecuadorian,Midfielder,Ecuador,27,22315224,Flamengo,47,2055,0,2,0.65,1.1099999999999999,28,41,45,31,99,17,0.8542553191489362,0,0,4.1191489361702125,81.64893617021276,37.0,245.7,62.82127659574468,69.15744680851064,60.56170212765958,65.68936170212766,59.15106382978723,53.8936170212766,1,0.043795620437956206,0.0,0.08759124087591241,0.028467153284671535,0.04861313868613138,-0.65,0.08759124087591241,0.07708029197080292,0.08759124087591241
P00614,Angel Intriago,Ecuadorian,Midfielder,Ecuador,25,2782419,Universidad de Chile,47,1737,2,0,0.38,0.5599999999999999,11,18,48,37,47,8,0.8463829787234043,0,0,3.8574468085106384,80.28085106382979,36.8,205.1,37.6468085106383,42.03617021276596,50.94468085106383,39.58510638297872,37.265957446808514,35.112765957446804,0,0.05181347150259067,0.10362694300518134,0.0,0.019689119170984454,0.02901554404145077,1.62,0.10362694300518134,0.048704663212435224,0.10362694300518134
P00615,Gonzalo Zapata,Ecuadorian,Midfielder,Ecuador,22,2622278,Nacional,47,1383,0,2,0.22,1.12,8,21,34,34,33,5,0.8587234042553191,0,0,3.1765957446808515,80.74893617021276,36.7,170.6,41.38510638297872,41.291489361702126,53.13404255319149,39.55744680851064,37.148936170212764,31.534042553191487,0,0.0650759219088937,0.0,0.1301518438177874,0.014316702819956615,0.07288503253796096,-0.22,0.1301518438177874,0.08720173535791757,0.1301518438177874
P00616,Sebastian Pellerano,Ecuadorian,Midfielder,Ecuador,32,25621571,Universidad de Chile,47,1424,2,5,0.42000000000000004,1.43,32,42,38,23,91,7,0.8395744680851064,0,0,4.1553191489361705,84.04893617021277,36.6,172.6,79.94893617021276,90.98085106382979,60.14042553191489,85.42340425531916,75.08297872340425,70.22127659574468,1,0.06320224719101124,0.12640449438202248,0.3160112359550562,0.026544943820224723,0.09037921348314606,1.58,0.4424157303370787,0.11692415730337079,0.4424157303370787
P00617,Diego Molina,Ecuadorian,Midfielder,Ecuador,24,7288152,LDU Quito,47,1661,0,1,0.5800000000000001,1.8,14,18,37,26,42,9,0.855531914893617,0,0,3.4468085106382977,78.98936170212765,35.2,202.4,37.98936170212766,41.52127659574468,49.12340425531915,39.18936170212766,36.797872340425535,32.717021276595744,0,0.054184226369656835,0.0,0.054184226369656835,0.03142685129440097,0.09753160746538231,-0.5800000000000001,0.054184226369656835,0.1289584587597833,0.054184226369656835
P00618,Felix Caicedo,Ecuadorian,Midfielder,Ecuador,28,18506943,River Plate,47,1778,2,3,1.06,1.55,21,40,51,33,95,7,0.8438297872340424,0,0,3.7829787234042556,82.83829787234043,37.0,204.7,65.52978723404256,69.76595744680851,58.725531914893615,62.50425531914893,63.202127659574465,55.67659574468085,3,0.05061867266591676,0.10123734533183353,0.15185601799775028,0.05365579302587177,0.07845894263217099,0.94,0.2530933633295838,0.13211473565804277,0.2530933633295838
P00619,Enner Zapata,Ecuadorian,Forward,Ecuador,23,10194346,Gremio,47,1675,4,1,1.48,0.81,40,12,19,8,31,8,0.7612765957446809,0,0,3.5319148936170213,82.09148936170213,36.7,183.6,44.846808510638304,49.744680851063826,54.204255319148935,47.42765957446808,49.61489361702128,25.625531914893617,1,0.05373134328358209,0.21492537313432836,0.05373134328358209,0.0795223880597015,0.043522388059701496,2.52,0.26865671641791045,0.12304477611940298,0.26865671641791045
P00620,Moises Pellerano,Ecuadorian,Forward,Ecuador,24,54777171,Sao Paulo,47,1360,11,3,2.81,0.32,50,30,14,3,40,23,0.7748936170212767,0,0,3.393617021276596,84.99361702127659,36.4,150.0,76.88297872340425,90.7404255319149,60.329787234042556,83.72340425531915,90.70851063829788,24.659574468085108,3,0.0661764705882353,0.7279411764705882,0.1985294117647059,0.1859558823529412,0.021176470588235293,8.19,0.9264705882352942,0.2071323529411765,0.9264705882352942
P00621,Pervis Molina,Ecuadorian,Forward,Ecuador,24,9231927,Boca Juniors,47,2276,4,2,1.5,0.63,52,29,15,11,40,14,0.7734042553191489,0,0,4.617021276595745,82.12340425531916,36.6,248.6,42.308510638297875,47.42553191489362,54.59787234042553,48.37446808510638,51.3936170212766,24.065957446808508,0,0.03954305799648506,0.15817223198594024,0.07908611599297012,0.059314586994727594,0.02491212653778559,2.5,0.23725834797891038,0.08422671353251318,0.23725834797891038
P00622,Angel Caicedo,Ecuadorian,Forward,Ecuador,33,9796848,Santos,47,1764,10,7,1.32,0.97,30,15,10,6,20,17,0.7846808510638298,0,0,3.5446808510638297,80.2936170212766,35.4,190.2,37.88510638297872,40.92127659574468,51.56595744680851,40.32553191489362,44.51489361702127,24.119148936170212,1,0.05102040816326531,0.5102040816326531,0.35714285714285715,0.0673469387755102,0.049489795918367344,8.68,0.8673469387755102,0.11683673469387755,0.8673469387755102
P00623,Gonzalo Mena,Ecuadorian,Forward,Ecuador,24,6679419,Deportivo Cali,47,1987,9,5,1.23,0.79,40,20,20,8,26,15,0.7814893617021276,0,0,4.131914893617021,81.27021276595744,37.0,226.7,46.846808510638304,50.861702127659576,52.10425531914894,46.37234042553192,50.81489361702128,23.482978723404255,1,0.04529441368897836,0.4076497232008052,0.2264720684448918,0.05571212883744338,0.0357825868142929,7.77,0.634121791645697,0.09149471565173628,0.634121791645697
P00624,Sebastian Preciado,Ecuadorian,Forward,Ecuador,22,7834863,Emelec,47,1635,5,5,1.2,0.41000000000000003,34,19,20,12,29,9,0.7917021276595745,0,0,3.6872340425531918,84.94893617021276,37.0,183.3,44.85957446808511,47.66808510638298,55.46595744680851,44.772340425531915,49.19574468085106,23.69787234042553,1,0.05504587155963303,0.27522935779816515,0.27522935779816515,0.06605504587155964,0.022568807339449545,3.8,0.5504587155963303,0.08862385321100918,0.5504587155963303
P00625,Paolo Lapadula,Peruvian,Goalkeeper,Peru,30,8269183,Flamengo,48,876,0,0,0.0,0.0,0,3,0,7,20,0,0.7320833333333333,43,4,1.4395833333333332,78.12708333333333,32.0,80.4,28.46875,69.5625,54.51458333333333,65.86874999999999,9.295833333333333,82.45416666666667,0,0.10273972602739725,0.0,0.0,0.0,0.0,0.0,0.0,0.0,0.0
P00626,Gianluca Advincula,Peruvian,Goalkeeper,Peru,25,2234659,Gremio,48,1486,0,1,0.0,0.0,0,10,0,3,29,1,0.7260416666666667,62,8,2.345833333333333,79.1875,31.5,135.1,28.3125,42.81875,51.78333333333333,39.61875,10.141666666666667,47.581250000000004,0,0.06056527590847914,0.0,0.06056527590847914,0.0,0.0,0.0,0.06056527590847914,0.0,0.06056527590847914
P00627,Pedro Cueva,Peruvian,Goalkeeper,Peru,23,3412371,Emelec,48,1388,0,0,0.0,0.0,0,2,0,7,30,0,0.7204166666666666,47,2,2.1354166666666665,79.47916666666667,32.8,131.9,30.71666666666667,40.975,51.59166666666667,41.09791666666667,9.885416666666666,47.854166666666664,0,0.06484149855907781,0.0,0.0,0.0,0.0,0.0,0.0,0.0,0.0
P00628,Paolo Carrillo,Peruvian,Defender,Peru,29,3188401,Colo-Colo,48,1354,0,0,0.07,0.01,6,6,50,33,39,0,0.8185416666666666,0,0,3.497916666666667,81.9375,37.0,150.9,30.68541666666667,42.520833333333336,51.770833333333336,38.5375,20.704166666666666,44.56875,0,0.06646971935007386,0.0,0.0,0.004652880354505171,0.0006646971935007386,-0.07,0.0,0.005317577548005909,0.0
P00629,Gianluca Tapia,Peruvian,Defender,Peru,23,3718377,Santos,48,1686,0,0,0.03,0.07,8,5,66,55,55,0,0.8175,0,0,2.93125,79.90416666666667,34.8,182.6,33.362500000000004,41.735416666666666,48.85,39.24375,21.235416666666666,44.5375,0,0.05338078291814947,0.0,0.0,0.001601423487544484,0.003736654804270463,-0.03,0.0,0.005338078291814947,0.0
P00630,Pedro Callens,Peruvian,Defender,Peru,29,1301709,Barcelona SC,48,1811,0,2,0.0,0.15,7,2,51,58,46,4,0.8091666666666667,0,0,4.054166666666666,81.33125,36.0,195.4,26.81041666666667,42.552083333333336,49.42291666666667,39.19375,21.214583333333334,45.52916666666667,0,0.04969630038652678,0.0,0.09939260077305356,0.0,0.007454445057979017,0.0,0.09939260077305356,0.007454445057979017,0.09939260077305356
P00631,Luis Abram,Peruvian,Defender,Peru,34,14916212,Sao Paulo,48,1695,3,1,0.06,0.5800000000000001,9,12,59,48,115,1,0.8170833333333333,0,0,4.264583333333333,83.49166666666666,37.0,180.0,28.277083333333334,88.43958333333335,61.13125,88.48541666666667,48.27916666666667,92.00625000000001,1,0.05309734513274336,0.1592920353982301,0.05309734513274336,0.0031858407079646016,0.030796460176991152,2.94,0.21238938053097345,0.033982300884955755,0.21238938053097345
P00632,André Yotun,Peruvian,Defender,Peru,27,16057761,Millonarios,48,2289,1,2,0.07,0.31,20,20,94,73,135,0,0.82875,0,0,4.966666666666667,87.92083333333333,35.8,249.2,34.079166666666666,71.47708333333334,55.73541666666667,66.13541666666667,35.24791666666667,74.12291666666667,1,0.039318479685452164,0.039318479685452164,0.07863695937090433,0.0027522935779816515,0.012188728702490171,0.9299999999999999,0.1179554390563565,0.014941022280471823,0.1179554390563565
P00633,Christian Valera,Peruvian,Defender,Peru,28,1457590,Flamengo,48,1492,0,1,0.0,0.01,11,9,56,44,52,0,0.79625,0,0,3.314583333333333,80.66250000000001,36.1,155.4,30.954166666666666,49.34791666666666,51.95416666666667,47.25833333333333,25.40625,52.84583333333333,0,0.06032171581769437,0.0,0.06032171581769437,0.0,0.0006032171581769437,0.0,0.06032171581769437,0.0006032171581769437,0.06032171581769437
P00634,Renato Traverso,Peruvian,Defender,Peru,33,25538402,Nacional,48,1813,2,1,0.05,0.05,7,14,63,59,141,0,0.8247916666666666,0,0,3.7895833333333333,83.99374999999999,35.9,187.9,29.633333333333336,90.28541666666666,59.489583333333336,83.2,42.418749999999996,93.18124999999999,1,0.049641478212906785,0.09928295642581357,0.049641478212906785,0.0024820739106453395,0.0024820739106453395,1.95,0.14892443463872035,0.004964147821290679,0.14892443463872035
P00635,Sergio Lora,Peruvian,Defender,Peru,22,7568023,Colo-Colo,48,2205,4,1,0.08,0.29,16,13,81,67,127,0,0.8179166666666666,0,0,4.104166666666667,85.31458333333333,35.6,233.7,29.460416666666664,69.28958333333334,57.09166666666667,67.52916666666667,32.77708333333333,75.8875,1,0.04081632653061224,0.16326530612244897,0.04081632653061224,0.0032653061224489793,0.011836734693877549,3.92,0.2040816326530612,0.015102040816326528,0.2040816326530612
P00636,Alexander Hohberg,Peruvian,Defender,Peru,27,5750956,LDU Quito,48,1600,0,1,0.07,0.23,8,7,71,51,80,0,0.8083333333333332,0,0,3.3020833333333335,78.70833333333333,36.0,166.4,27.243750000000002,70.6375,54.0,65.84791666666666,35.875,76.42083333333333,0,0.05625,0.0,0.05625,0.003937500000000001,0.012937500000000001,-0.07,0.05625,0.016875,0.05625
P00637,Paolo Flores,Peruvian,Midfielder,Peru,33,2233688,Nacional,48,1852,0,3,0.9500000000000001,0.33,16,27,45,35,59,11,0.8585416666666666,0,0,3.6604166666666664,80.89375,37.0,229.6,38.862500000000004,40.125,53.025,40.42916666666667,35.31041666666667,32.916666666666664,2,0.04859611231101512,0.0,0.14578833693304535,0.04616630669546437,0.01603671706263499,-0.9500000000000001,0.14578833693304535,0.06220302375809936,0.14578833693304535
P00638,Gianluca Peña,Peruvian,Midfielder,Peru,29,146864940,Universidad de Chile,48,1759,4,7,0.67,2.55,42,68,44,27,114,14,0.8485416666666666,0,0,3.966666666666667,85.60625,36.3,209.4,91.55,97.36458333333333,61.34166666666667,94.38541666666667,89.81666666666666,81.42708333333333,4,0.051165434906196704,0.20466173962478681,0.35815804434337695,0.034280841387151796,0.13047185901080158,3.33,0.5628197839681638,0.16475270039795337,0.5628197839681638
P00639,Pedro Garcia,Peruvian,Midfielder,Peru,29,6071428,Universidad de Chile,48,1704,0,4,0.3,1.16,11,29,42,39,53,2,0.8454166666666666,0,0,3.4125,82.66875,37.0,196.4,46.06458333333333,48.637499999999996,52.081250000000004,45.79791666666667,44.40833333333333,38.975,1,0.0528169014084507,0.0,0.2112676056338028,0.01584507042253521,0.06126760563380281,-0.3,0.2112676056338028,0.07711267605633802,0.2112676056338028
P00640,Luis Cartagena,Peruvian,Midfielder,Peru,30,84915109,Nacional,48,1507,3,9,1.02,2.37,29,54,48,20,84,10,0.85,0,0,3.939583333333333,83.02708333333334,37.0,174.1,79.90416666666667,89.3125,60.74791666666667,86.2625,78.39166666666667,67.53541666666666,2,0.059721300597213006,0.17916390179163902,0.5374917053749171,0.06091572660915727,0.14153948241539482,1.98,0.7166556071665561,0.2024552090245521,0.7166556071665561
P00641,André Gonzalez,Peruvian,Midfielder,Peru,27,3565779,Penarol,48,1451,3,0,0.39,1.6,15,27,26,16,49,6,0.8416666666666667,0,0,2.6458333333333335,77.93333333333334,36.9,166.5,43.16458333333333,48.737500000000004,54.00416666666666,47.44583333333333,43.00416666666666,38.264583333333334,0,0.06202618883528601,0.18607856650585802,0.0,0.024190213645761544,0.09924190213645762,2.61,0.18607856650585802,0.12343211578221916,0.18607856650585802
P00642,Christian Urruti,Peruvian,Midfielder,Peru,28,19951489,LDU Quito,48,2370,5,8,1.67,1.67,31,46,53,55,87,12,0.8414583333333333,0,0,4.929166666666666,84.05,36.2,290.1,67.06041666666667,68.73333333333333,56.42916666666667,66.85625,59.24166666666667,56.62916666666666,3,0.0379746835443038,0.189873417721519,0.3037974683544304,0.06341772151898734,0.06341772151898734,3.33,0.4936708860759494,0.12683544303797467,0.4936708860759494
P00643,Renato Lliuya,Peruvian,Midfielder,Peru,28,16541745,Universidad de Chile,48,1861,1,4,0.84,1.9000000000000001,23,54,35,26,77,8,0.8560416666666667,0,0,4.252083333333333,82.55624999999999,37.0,216.0,65.90208333333334,69.79791666666667,59.84166666666667,63.362500000000004,62.87083333333334,53.49166666666667,0,0.04836109618484686,0.04836109618484686,0.19344438473938744,0.04062332079527136,0.09188608275120903,0.16000000000000003,0.2418054809242343,0.1325094035464804,0.2418054809242343
P00644,Sergio Lapadula,Peruvian,Midfielder,Peru,22,9583419,LDU Quito,48,1829,4,3,0.89,1.1300000000000001,24,49,42,34,84,11,0.8562500000000001,0,0,3.9187499999999997,82.72083333333333,36.3,231.1,64.61458333333333,71.01458333333333,56.93333333333334,66.40625,59.88125,57.21041666666667,0,0.049207217058501916,0.19682886823400766,0.14762165117550574,0.04379442318206671,0.055604155276107174,3.11,0.34445051940951343,0.09939857845817388,0.34445051940951343
P00645,Paolo Gonzalez,Peruvian,Forward,Peru,27,95330064,Atletico Nacional,48,2293,13,6,5.38,2.08,66,54,18,15,59,50,0.7720833333333333,0,0,4.2437499999999995,85.35000000000001,36.0,253.5,81.56041666666667,88.50625000000001,62.01458333333333,82.18541666666667,91.95625,24.954166666666666,2,0.03924989097252508,0.510248582642826,0.23549934583515048,0.21116441343218492,0.08163977322285217,7.62,0.7457479284779764,0.2928041866550371,0.7457479284779764
P00646,Gianluca Urruti,Peruvian,Forward,Peru,26,8032380,Millonarios,48,1751,6,5,2.44,0.66,39,17,13,7,41,8,0.7804166666666666,0,0,3.4104166666666664,81.77083333333333,35.7,187.7,45.9375,49.36666666666667,53.90208333333334,45.9,50.69583333333333,25.6125,3,0.05139920045688178,0.3083952027412907,0.2569960022844089,0.12541404911479154,0.033923472301541975,3.56,0.5653912050256995,0.1593375214163335,0.5653912050256995
P00647,Pedro Lliuya,Peruvian,Forward,Peru,25,7169728,Atletico Nacional,48,1916,2,1,2.87,0.48,40,21,10,12,20,9,0.7845833333333334,0,0,4.222916666666666,81.8,37.0,202.1,44.25833333333333,49.572916666666664,51.66458333333333,46.475,50.63333333333333,25.585416666666664,1,0.04697286012526096,0.09394572025052192,0.04697286012526096,0.13481210855949896,0.02254697286012526,-0.8700000000000001,0.14091858037578286,0.15735908141962424,0.14091858037578286
P00648,Luis Lapadula,Peruvian,Forward,Peru,29,2084203,Emelec,48,1664,5,1,1.5899999999999999,0.41000000000000003,19,20,9,7,17,6,0.7895833333333333,0,0,3.8854166666666665,80.77083333333333,36.0,180.4,37.518750000000004,42.69583333333333,50.82083333333333,39.74583333333333,41.69166666666667,24.922916666666666,1,0.054086538461538464,0.2704326923076923,0.054086538461538464,0.08599759615384615,0.02217548076923077,3.41,0.3245192307692307,0.10817307692307693,0.3245192307692307
P00649,André Advincula,Peruvian,Forward,Peru,18,18257949,Deportivo Cali,48,1945,7,2,1.96,2.09,53,44,28,10,43,26,0.7952083333333334,0,0,4.002083333333333,81.19791666666667,36.0,213.7,66.4875,70.37291666666667,57.135416666666664,67.45416666666667,73.39375,26.15416666666667,2,0.04627249357326478,0.32390745501285345,0.09254498714652956,0.09069408740359897,0.09670951156812338,5.04,0.41645244215938304,0.18740359897172235,0.41645244215938304
P00650,Christian Cueva,Peruvian,Forward,Peru,26,14334409,River Plate,48,1772,4,6,1.48,1.69,52,32,17,9,38,16,0.7970833333333333,0,0,4.077083333333333,83.32708333333333,37.0,191.6,66.32291666666667,66.05624999999999,54.4375,67.675,73.58749999999999,24.479166666666668,2,0.050790067720090294,0.20316027088036118,0.3047404063205418,0.07516930022573363,0.08583521444695259,2.52,0.5079006772009029,0.16100451467268623,0.5079006772009029
P00651,Christian McKennie,American,Goalkeeper,United States,28,2815793,CF Montreal,38,919,0,0,0.0,0.0,0,4,0,4,29,0,0.7055263157894737,38,5,1.8052631578947367,78.54473684210525,31.1,89.8,30.73157894736842,49.48947368421052,54.228947368421046,46.60526315789474,10.563157894736841,57.12105263157895,0,0.09793253536452666,0.0,0.0,0.0,0.0,0.0,0.0,0.0,0.0
P00652,Weston Adams,American,Goalkeeper,United States,29,11044417,Tigres UANL,38,1090,0,0,0.0,0.0,0,5,0,7,24,1,0.726578947368421,45,3,2.3947368421052633,80.68684210526315,33.0,105.10000000000001,30.639473684210525,68.68157894736842,58.61842105263158,61.97631578947368,9.85,80.82368421052632,0,0.08256880733944955,0.0,0.0,0.0,0.0,0.0,0.0,0.0,0.0
P00653,Giovanni Weah,American,Goalkeeper,United States,33,907348,LAFC,38,951,0,0,0.0,0.0,0,3,0,3,16,2,0.7113157894736842,36,3,1.9236842105263157,78.91578947368421,33.4,95.3,29.32894736842105,40.73684210526316,53.352631578947374,40.92894736842105,10.802631578947368,48.35526315789474,0,0.0946372239747634,0.0,0.0,0.0,0.0,0.0,0.0,0.0,0.0
P00654,Christian Robinson,American,Defender,United States,32,1383177,Cruz Azul,38,1634,1,0,0.0,0.05,9,7,63,52,71,0,0.8165789473684211,0,0,4.042105263157895,81.22894736842105,34.9,171.5,29.97105263157895,42.71315789473684,55.771052631578954,38.67631578947368,22.163157894736845,44.95263157894737,1,0.05507955936352509,0.05507955936352509,0.0,0.0,0.0027539779681762548,1.0,0.05507955936352509,0.0027539779681762548,0.05507955936352509
P00655,Weston Dest,American,Defender,United States,29,4815712,Tauro FC,38,1611,1,0,0.07,0.08,9,11,61,40,105,1,0.8250000000000001,0,0,3.513157894736842,82.05263157894737,36.0,172.4,27.394736842105264,71.92894736842106,57.921052631578945,67.09736842105262,36.136842105263156,72.22368421052632,0,0.055865921787709494,0.055865921787709494,0.0,0.003910614525139665,0.004469273743016759,0.9299999999999999,0.055865921787709494,0.008379888268156424,0.055865921787709494
P00656,Giovanni Musah,American,Defender,United States,33,6736049,Tigres UANL,38,1526,0,1,0.02,0.21000000000000002,6,12,57,54,73,0,0.8171052631578948,0,0,4.078947368421052,84.46315789473684,35.9,158.8,32.81842105263158,69.38684210526316,56.852631578947374,68.16578947368421,34.892105263157895,77.53421052631579,2,0.05897771952817824,0.0,0.05897771952817824,0.001179554390563565,0.012385321100917432,-0.02,0.05897771952817824,0.013564875491480997,0.05897771952817824
P00657,Tyler Balogan,American,Defender,United States,22,24120847,Tigres UANL,38,1202,0,2,0.05,0.32,9,9,46,35,87,0,0.8160526315789474,0,0,3.823684210526316,81.72105263157896,36.3,133.4,30.20263157894737,90.58421052631579,61.300000000000004,85.98421052631579,46.1,92.82105263157894,0,0.07487520798668885,0.0,0.1497504159733777,0.0037437603993344427,0.023960066555740435,-0.05,0.1497504159733777,0.027703826955074878,0.1497504159733777
P00658,Antonee Carter-Vickers,American,Defender,United States,23,1768011,New York Red Bulls,38,1359,1,0,0.03,0.01,7,8,35,37,49,0,0.8194736842105264,0,0,3.2605263157894737,81.59473684210526,35.1,140.6,31.586842105263155,47.08157894736842,54.876315789473686,47.13947368421052,23.88684210526316,54.176315789473676,0,0.06622516556291391,0.06622516556291391,0.0,0.001986754966887417,0.0006622516556291392,0.97,0.06622516556291391,0.0026490066225165563,0.06622516556291391
P00659,Timothy Zimmerman,American,Defender,United States,25,14740971,Toronto FC,38,1272,0,1,0.01,0.13,4,9,40,28,73,0,0.8213157894736842,0,0,4.239473684210526,83.08157894736841,37.0,139.6,34.0921052631579,69.09473684210526,56.06578947368421,69.91315789473684,35.20789473684211,76.32368421052632,0,0.07075471698113207,0.0,0.07075471698113207,0.0007075471698113207,0.00919811320754717,-0.01,0.07075471698113207,0.00990566037735849,0.07075471698113207
P00660,Sergino Busio,American,Defender,United States,23,2186215,Tigres UANL,38,1327,1,0,0.030000000000000002,0.0,9,6,56,35,50,0,0.8407894736842105,0,0,3.5789473684210527,78.99473684210527,36.1,142.2,26.71578947368421,40.397368421052626,53.90263157894737,40.28684210526316,20.376315789473683,45.41315789473684,2,0.06782215523737754,0.06782215523737754,0.0,0.0020346646571213264,0.0,0.97,0.06782215523737754,0.0020346646571213264,0.06782215523737754
P00661,Brenden Pepi,American,Defender,United States,30,7133353,CF Montreal,38,1369,0,0,0.17,0.1,7,11,46,42,74,1,0.8234210526315789,0,0,3.6131578947368426,81.02105263157895,35.8,148.9,29.010526315789477,69.36842105263158,55.28947368421053,67.83421052631579,35.6,72.81315789473685,0,0.06574141709276844,0.0,0.0,0.011176040905770636,0.006574141709276844,-0.17,0.0,0.01775018261504748,0.0
P00662,Yunus Robinson,American,Defender,United States,26,3795812,Tigres UANL,38,1441,2,1,0.01,0.11,3,5,54,37,61,0,0.8355263157894737,0,0,3.486842105263158,81.71578947368421,36.8,156.1,30.400000000000002,49.78947368421053,51.46315789473684,46.96315789473684,24.313157894736843,52.21578947368421,0,0.062456627342123525,0.12491325468424705,0.062456627342123525,0.0006245662734212352,0.006870229007633588,1.99,0.18736988202637056,0.007494795281054823,0.18736988202637056
P00663,Christian Sargent,American,Midfielder,United States,25,24660881,New York Red Bulls,38,1525,1,2,0.46,1.58,19,36,43,25,63,13,0.8465789473684211,0,0,4.45,84.44736842105263,35.4,184.6,62.13421052631579,65.6921052631579,61.18947368421052,67.88421052631578,59.699999999999996,56.63421052631579,1,0.05901639344262295,0.05901639344262295,0.1180327868852459,0.02714754098360656,0.09324590163934426,0.54,0.17704918032786887,0.12039344262295082,0.17704918032786887
P00664,Weston Acosta,American,Midfielder,United States,26,8116418,LAFC,38,1344,2,1,0.73,1.08,21,34,23,24,58,6,0.8426315789473685,0,0,4.0736842105263165,83.46315789473684,35.2,158.0,64.00263157894737,69.37105263157895,57.43421052631579,64.66315789473684,59.526315789473685,57.20263157894736,0,0.06696428571428571,0.13392857142857142,0.06696428571428571,0.04888392857142857,0.07232142857142858,1.27,0.20089285714285715,0.12120535714285716,0.20089285714285715
P00665,Giovanni Tillman,American,Midfielder,United States,26,36664322,LA Galaxy,38,2097,2,10,1.79,2.89,36,57,49,45,126,18,0.8502631578947369,0,0,5.5394736842105265,88.76052631578948,36.3,231.6,79.52105263157895,88.56842105263158,61.555263157894736,79.94473684210527,76.97631578947369,72.61052631578947,3,0.04291845493562232,0.08583690987124463,0.4291845493562232,0.07682403433476395,0.1240343347639485,0.20999999999999996,0.5150214592274678,0.20085836909871246,0.5150214592274678
P00666,Tyler Morris,American,Midfielder,United States,28,8807034,Plaza Amador,38,1197,2,5,0.4,1.64,17,27,29,18,54,9,0.8513157894736842,0,0,3.7947368421052627,83.75526315789473,34.8,145.0,63.01052631578948,72.45263157894736,55.98684210526316,65.11842105263158,60.481578947368426,55.376315789473686,1,0.07518796992481203,0.15037593984962405,0.37593984962406013,0.03007518796992481,0.12330827067669171,1.6,0.5263157894736842,0.1533834586466165,0.5263157894736842
P00667,Antonee Horvath,American,Midfielder,United States,25,11543243,Monterrey,38,1252,2,2,0.48,0.43000000000000005,18,21,21,18,51,8,0.8460526315789473,0,0,4.1684210526315795,82.27368421052631,36.4,152.8,60.57631578947369,71.04736842105264,61.623684210526314,66.69473684210527,58.54473684210526,53.705263157894734,2,0.07188498402555911,0.14376996805111822,0.14376996805111822,0.03450479233226837,0.030910543130990422,1.52,0.28753993610223644,0.0654153354632588,0.28753993610223644
P00668,Timothy Yedlin,American,Midfielder,United States,23,10161004,Vancouver Whitecaps,38,1229,1,1,0.28,0.52,8,20,38,26,29,8,0.8539473684210527,0,0,3.2710526315789474,79.53157894736842,36.4,146.1,37.93684210526315,41.82105263157895,49.392105263157895,39.863157894736844,37.34473684210526,33.21052631578947,1,0.07323026851098453,0.07323026851098453,0.07323026851098453,0.02050447518307567,0.038079739625711956,0.72,0.14646053702196907,0.05858421480878763,0.14646053702196907
P00669,Sergino Hoppe,American,Midfielder,United States,27,9234179,Forge FC,38,1643,2,5,1.06,1.46,24,33,29,29,69,11,0.8602631578947367,0,0,4.468421052631579,82.72368421052632,37.0,196.3,67.67631578947368,70.55526315789473,52.99473684210526,65.98157894736842,59.87105263157895,56.3421052631579,1,0.054777845404747415,0.10955569080949483,0.2738892270237371,0.05806451612903226,0.07997565429093122,0.94,0.3834449178332319,0.13804017041996347,0.3834449178332319
P00670,Brenden McKennie,American,Midfielder,United States,26,24731087,Forge FC,38,1375,1,10,0.22,1.71,12,30,26,13,59,13,0.8502631578947369,0,0,3.3000000000000003,81.52631578947368,37.0,157.7,65.14999999999999,70.30263157894737,58.63947368421053,68.8078947368421,60.09736842105263,54.93684210526315,1,0.06545454545454546,0.06545454545454546,0.6545454545454545,0.014400000000000001,0.11192727272727274,0.78,0.72,0.12632727272727273,0.72
P00671,Christian Horvath,American,Forward,United States,19,36990617,Cavalry FC,38,1226,4,2,1.33,1.07,26,19,6,3,23,12,0.7578947368421053,0,0,3.2157894736842105,81.07631578947368,37.0,132.9,63.694736842105264,70.91052631578947,58.75526315789473,65.35000000000001,69.14736842105263,26.849999999999998,2,0.0734094616639478,0.2936378466557912,0.1468189233278956,0.09763458401305057,0.07854812398042414,2.67,0.44045676998368677,0.1761827079934747,0.44045676998368677
P00672,Weston Yedlin,American,Forward,United States,29,40835492,Alajuelense,38,1139,4,6,1.44,0.54,31,15,6,4,26,17,0.7768421052631579,0,0,3.360526315789474,80.09210526315789,37.0,125.3,66.57368421052632,70.23157894736842,56.357894736842105,66.88157894736842,69.32894736842105,23.663157894736845,0,0.07901668129938542,0.3160667251975417,0.4741000877963125,0.113784021071115,0.04266900790166813,2.56,0.7901668129938542,0.15645302897278313,0.7901668129938542
P00673,Giovanni Hoppe,American,Forward,United States,25,16660900,Tauro FC,38,1944,9,4,2.19,1.03,46,30,15,13,38,30,0.7589473684210526,0,0,4.760526315789474,88.11052631578947,35.2,201.9,65.86578947368422,70.2578947368421,54.24473684210527,67.35000000000001,72.43947368421053,25.486842105263158,1,0.046296296296296294,0.41666666666666663,0.18518518518518517,0.10138888888888888,0.047685185185185185,6.8100000000000005,0.6018518518518519,0.14907407407407405,0.6018518518518519
P00674,Tyler McKennie,American,Forward,United States,22,13541079,Alajuelense,38,1293,2,1,0.73,0.26,21,12,14,7,16,5,0.7589473684210526,0,0,3.3868421052631574,82.25263157894737,36.0,146.4,37.613157894736844,41.89473684210526,53.04210526315789,38.36842105263158,41.147368421052626,23.847368421052632,0,0.06960556844547564,0.13921113689095127,0.06960556844547564,0.05081206496519721,0.018097447795823667,1.27,0.2088167053364269,0.06890951276102088,0.2088167053364269
P00675,Antonee Adams,American,Forward,United States,22,7035379,Vancouver Whitecaps,38,1444,3,3,1.32,0.48,23,9,15,8,19,15,0.7536842105263158,0,0,3.6789473684210527,82.05,36.1,152.9,37.83947368421053,41.0,56.165789473684214,39.90526315789474,44.47631578947368,27.757894736842104,0,0.062326869806094184,0.18698060941828254,0.18698060941828254,0.08227146814404433,0.029916897506925208,1.68,0.3739612188365651,0.11218836565096954,0.3739612188365651
P00676,Timothy Weah,American,Forward,United States,24,106287395,CF Montreal,38,1214,12,4,1.27,0.16,46,21,7,8,42,14,0.788421052631579,0,0,4.286842105263158,81.77894736842104,35.5,136.4,83.1421052631579,87.1263157894737,58.96315789473684,85.9421052631579,92.63684210526316,22.847368421052632,1,0.07413509060955518,0.8896210873146622,0.29654036243822074,0.09415156507413508,0.01186161449752883,10.73,1.186161449752883,0.10601317957166391,1.186161449752883
P00677,Santiago Lozano,Mexican,Goalkeeper,Mexico,33,22568726,Guadalajara,40,1130,0,0,0.0,0.0,0,4,0,7,28,1,0.71925,45,2,2.245,79.70750000000001,32.4,106.8,29.427500000000002,88.22999999999999,55.315,85.07000000000001,10.865,97.255,0,0.07964601769911504,0.0,0.0,0.0,0.0,0.0,0.0,0.0,0.0
P00678,Hirving Alvarez,Mexican,Goalkeeper,Mexico,36,1550442,Forge FC,40,869,0,0,0.0,0.0,0,2,0,3,19,1,0.71875,29,4,1.605,78.52250000000001,31.8,78.60000000000001,31.527499999999996,41.975,54.17,38.1475,9.434999999999999,46.505,0,0.10356731875719218,0.0,0.0,0.0,0.0,0.0,0.0,0.0,0.0
P00679,Raul Lainez,Mexican,Goalkeeper,Mexico,27,34952894,Plaza Amador,40,1263,0,0,0.0,0.0,0,7,0,9,20,0,0.73125,50,4,2.6275,83.58,32.2,120.9,29.252499999999998,96.67,55.3325,96.495,10.0775,99.0,0,0.07125890736342043,0.0,0.0,0.0,0.0,0.0,0.0,0.0,0.0
P00680,Santiago Corona,Mexican,Defender,Mexico,26,14956437,Club America,40,1627,1,2,0.07,0.02,9,9,52,40,69,1,0.81225,0,0,3.9899999999999998,82.24249999999999,35.1,181.5,32.005,48.9875,54.55499999999999,45.739999999999995,26.497500000000002,53.6725,1,0.05531653349723417,0.05531653349723417,0.11063306699446834,0.0038721573448063924,0.0011063306699446835,0.9299999999999999,0.16594960049170251,0.004978488014751076,0.16594960049170251
P00681,Hirving Ochoa,Mexican,Defender,Mexico,26,3182100,Tauro FC,40,1512,4,1,0.07,0.08,10,8,47,39,51,1,0.8317500000000001,0,0,3.4375,79.045,34.2,160.0,29.5125,41.3775,54.2375,39.5225,20.0075,45.8825,0,0.05952380952380952,0.23809523809523808,0.05952380952380952,0.004166666666666667,0.0047619047619047615,3.93,0.2976190476190476,0.008928571428571428,0.2976190476190476
P00682,Raul Herrera,Mexican,Defender,Mexico,29,21706061,Vancouver Whitecaps,40,1528,1,0,0.21000000000000002,0.22,7,12,36,41,81,1,0.8225,0,0,3.7175,81.9125,37.0,155.9,32.6,69.285,55.0375,66.00750000000001,37.097500000000004,72.75750000000001,0,0.058900523560209424,0.058900523560209424,0.0,0.01236910994764398,0.012958115183246074,0.79,0.058900523560209424,0.025327225130890054,0.058900523560209424
P00683,Edson Layun,Mexican,Defender,Mexico,23,9169500,Club America,40,1304,1,0,0.06999999999999999,0.3,5,8,51,36,56,0,0.7995,0,0,3.3924999999999996,77.89,36.8,143.3,29.5425,69.615,57.927499999999995,67.065,35.89,75.435,0,0.06901840490797546,0.06901840490797546,0.0,0.004831288343558282,0.02070552147239264,0.93,0.06901840490797546,0.025536809815950922,0.06901840490797546
P00684,Jesus Gutierrez,Mexican,Defender,Mexico,30,12149504,Atlanta United,40,1303,0,1,0.08,0.09999999999999999,11,8,40,42,64,1,0.8089999999999999,0,0,3.5325,81.785,36.9,137.4,31.0875,72.64750000000001,54.529999999999994,63.3975,34.375,72.405,1,0.06907137375287797,0.0,0.06907137375287797,0.005525709900230238,0.006907137375287797,-0.08,0.06907137375287797,0.012432847275518036,0.06907137375287797
P00685,Diego Vega,Mexican,Defender,Mexico,28,3715579,New York Red Bulls,40,1382,1,1,0.03,0.1,7,9,45,33,57,0,0.8234999999999999,0,0,3.6450000000000005,79.8125,36.2,143.0,30.8125,47.42,54.17,46.385000000000005,24.7775,53.177499999999995,0,0.06512301013024602,0.06512301013024602,0.06512301013024602,0.0019536903039073803,0.006512301013024602,0.97,0.13024602026049203,0.008465991316931983,0.13024602026049203
P00686,Guillermo Almada,Mexican,Defender,Mexico,32,6817252,Monterrey,40,1418,1,0,0.06,0.18000000000000002,7,10,42,38,75,0,0.819,0,0,4.01,85.1075,36.9,147.2,30.419999999999998,69.7975,56.342499999999994,65.575,34.4625,73.205,0,0.06346967559943582,0.06346967559943582,0.0,0.0038081805359661495,0.01142454160789845,0.94,0.06346967559943582,0.0152327221438646,0.06346967559943582
P00687,Jorge Cordova,Mexican,Defender,Mexico,32,6248417,LA Galaxy,40,1721,1,2,0.37000000000000005,0.21000000000000002,11,5,57,41,67,0,0.8242499999999999,0,0,3.88,82.2325,37.0,186.8,29.497500000000002,49.6425,57.33,41.025,24.455000000000002,52.714999999999996,0,0.05229517722254503,0.05229517722254503,0.10459035444509006,0.019349215572341663,0.010981987216734457,0.6299999999999999,0.15688553166763508,0.03033120278907612,0.15688553166763508
P00688,Hector Vasquez,Mexican,Defender,Mexico,23,25352417,Tauro FC,40,1407,0,0,0.07,0.21,5,8,59,45,84,1,0.8195,0,0,3.6475,83.4375,35.9,148.6,26.310000000000002,85.52000000000001,54.955,81.7025,47.739999999999995,91.33500000000001,0,0.06396588486140725,0.0,0.0,0.004477611940298508,0.013432835820895522,-0.07,0.0,0.01791044776119403,0.0
P00689,Santiago Araujo,Mexican,Midfielder,Mexico,26,5971308,Tigres UANL,40,1800,0,2,0.24000000000000002,1.12,10,29,46,22,48,6,0.85025,0,0,4.4925,82.06,37.0,220.9,36.847500000000004,41.2,51.6275,38.17,36.25,34.685,0,0.05,0.0,0.1,0.012000000000000002,0.05600000000000001,-0.24000000000000002,0.1,0.068,0.1
P00690,Hirving Pineda,Mexican,Midfielder,Mexico,22,3207696,Monterrey,40,1346,1,1,0.12000000000000001,0.86,9,22,37,21,28,3,0.8432499999999999,0,0,3.2649999999999997,80.6725,36.4,171.0,45.4675,48.072500000000005,56.915,43.725,45.1575,36.2625,0,0.06686478454680535,0.06686478454680535,0.06686478454680535,0.008023774145616643,0.0575037147102526,0.88,0.1337295690936107,0.06552748885586925,0.1337295690936107
P00691,Raul Antuna,Mexican,Midfielder,Mexico,22,11132195,Cavalry FC,40,1523,1,3,0.58,0.55,28,26,34,31,71,9,0.8515,0,0,4.26,81.86749999999999,34.9,179.2,65.4825,68.36749999999999,53.192499999999995,65.66749999999999,56.2375,55.035000000000004,0,0.05909389363099146,0.05909389363099146,0.17728168089297439,0.034274458305975045,0.032501641497045305,0.42000000000000004,0.23637557452396585,0.06677609980302035,0.23637557452396585
P00692,Edson Martinez,Mexican,Midfielder,Mexico,19,1844804,Tauro FC,40,1466,3,2,0.42000000000000004,2.61,11,21,35,29,41,8,0.85725,0,0,3.025,80.3175,36.0,168.4,46.769999999999996,48.402499999999996,55.192499999999995,44.975,41.010000000000005,37.96,1,0.061391541609822645,0.18417462482946795,0.12278308321964529,0.025784447476125513,0.1602319236016371,2.58,0.30695770804911326,0.18601637107776262,0.30695770804911326
P00693,Jesus Reyes,Mexican,Midfielder,Mexico,26,170783688,Forge FC,40,1794,6,6,0.68,3.18,47,61,40,32,124,18,0.85175,0,0,4.39,85.285,35.8,212.3,94.045,98.06,56.4175,94.025,89.4075,77.6775,1,0.05016722408026756,0.3010033444816054,0.3010033444816054,0.034113712374581946,0.15953177257525084,5.32,0.6020066889632107,0.19364548494983277,0.6020066889632107
P00694,Diego Romo,Mexican,Midfielder,Mexico,30,16604407,Club America,40,1639,3,7,1.15,0.99,27,28,34,32,74,4,0.84975,0,0,3.755,82.465,35.8,180.2,66.4975,68.9425,54.5825,64.8125,59.17,56.23,1,0.05491153142159853,0.1647345942647956,0.3843807199511897,0.0631482611348383,0.05436241610738255,1.85,0.5491153142159853,0.11751067724222086,0.5491153142159853
P00695,Guillermo Torres,Mexican,Midfielder,Mexico,32,28271942,LAFC,40,1388,2,5,0.21000000000000002,1.03,17,34,27,20,70,8,0.8535,0,0,3.2475,83.2675,35.1,159.8,66.7475,71.525,56.052499999999995,65.10249999999999,62.317499999999995,54.3725,1,0.06484149855907781,0.12968299711815562,0.3242074927953891,0.013616714697406341,0.06678674351585015,1.79,0.4538904899135447,0.08040345821325649,0.4538904899135447
P00696,Jorge Lozano,Mexican,Midfielder,Mexico,23,119311209,Guadalajara,40,981,1,7,0.13,1.16,18,30,21,7,60,7,0.84975,0,0,3.255,82.1375,34.9,129.6,81.0525,89.325,54.285000000000004,83.91499999999999,79.4525,70.7175,2,0.09174311926605505,0.09174311926605505,0.6422018348623854,0.011926605504587157,0.10642201834862385,0.87,0.7339449541284404,0.118348623853211,0.7339449541284404
P00697,Santiago Reyes,Mexican,Forward,Mexico,29,6087411,LAFC,40,1554,3,1,1.27,0.88,17,22,8,7,20,9,0.76675,0,0,3.5524999999999998,78.3625,36.7,175.0,46.739999999999995,50.364999999999995,58.92,45.8075,50.3975,23.395000000000003,0,0.05791505791505792,0.17374517374517376,0.05791505791505792,0.07355212355212355,0.050965250965250966,1.73,0.23166023166023167,0.12451737451737452,0.23166023166023167
P00698,Hirving Romo,Mexican,Forward,Mexico,21,7115418,Saprissa,40,1259,5,1,1.04,0.36,20,9,9,6,25,9,0.78825,0,0,3.075,81.2325,36.4,144.8,37.6025,42.917500000000004,55.277499999999996,38.425,44.015,25.38,1,0.07148530579825259,0.3574265289912629,0.07148530579825259,0.0743447180301827,0.02573471008737093,3.96,0.4289118347895155,0.10007942811755363,0.4289118347895155
P00699,Raul Torres,Mexican,Forward,Mexico,21,47575310,Vancouver Whitecaps,40,1848,11,6,2.06,2.89,93,51,18,11,55,44,0.7847500000000001,0,0,5.3625,87.91749999999999,35.8,197.1,93.16,96.44,58.3975,96.115,96.4825,23.725,4,0.048701298701298704,0.5357142857142857,0.29220779220779225,0.10032467532467533,0.14074675324675326,8.94,0.827922077922078,0.2410714285714286,0.827922077922078
P00700,Edson Lozano,Mexican,Forward,Mexico,30,30220581,LAFC,40,1652,9,5,3.19,0.45,54,16,19,5,39,19,0.77975,0,0,4.1725,83.875,36.4,185.2,66.80499999999999,69.465,55.07000000000001,63.842499999999994,72.5725,24.355,3,0.05447941888619855,0.49031476997578693,0.27239709443099275,0.17378934624697337,0.024515738498789345,5.8100000000000005,0.7627118644067796,0.19830508474576272,0.7627118644067796
P00701,Jesus Alvarez,Mexican,Forward,Mexico,26,17213940,Cavalry FC,40,1218,0,4,0.68,0.28,14,11,15,9,25,5,0.7795,0,0,3.7325000000000004,79.7325,35.7,132.7,38.9825,42.2825,51.92999999999999,37.847500000000004,43.2475,26.01,0,0.07389162561576355,0.0,0.2955665024630542,0.05024630541871922,0.020689655172413796,-0.68,0.2955665024630542,0.07093596059113301,0.2955665024630542
P00702,Diego Lainez,Mexican,Forward,Mexico,33,3164074,LAFC,40,1644,6,2,1.17,1.08,45,24,21,8,27,12,0.7769999999999999,0,0,4.2,82.11,37.0,182.3,42.305,48.035000000000004,58.00750000000001,44.745,51.254999999999995,24.9325,0,0.05474452554744526,0.3284671532846716,0.10948905109489052,0.06405109489051095,0.05912408759124088,4.83,0.43795620437956206,0.12317518248175183,0.43795620437956206
P00703,Alphonso David,Canadian,Goalkeeper,Canada,28,18887406,Inter Miami,48,964,0,0,0.0,0.0,0,4,0,3,25,0,0.71875,42,3,1.8916666666666666,78.62708333333333,34.4,92.7,28.577083333333334,90.0125,61.012499999999996,85.95416666666667,8.770833333333334,97.02499999999999,0,0.09336099585062241,0.0,0.0,0.0,0.0,0.0,0.0,0.0,0.0
P00704,Jonathan Eustaquio,Canadian,Goalkeeper,Canada,24,11722842,Inter Miami,48,1079,0,0,0.0,0.0,0,3,0,8,28,0,0.698125,42,4,1.85625,77.93333333333334,32.7,98.4,32.69375,70.96041666666666,57.479166666666664,63.81666666666666,10.304166666666667,78.79375,0,0.08341056533827618,0.0,0.0,0.0,0.0,0.0,0.0,0.0,0.0
P00705,Cyle Buchanan,Canadian,Goalkeeper,Canada,25,1505463,LA Galaxy,48,1554,0,0,0.0,0.0,0,6,0,7,26,2,0.754375,58,8,2.5229166666666667,78.42083333333333,32.1,141.1,29.125,40.637499999999996,54.87083333333334,39.77916666666667,10.129166666666666,48.08958333333334,0,0.05791505791505792,0.0,0.0,0.0,0.0,0.0,0.0,0.0,0.0
P00706,Alphonso Johnston,Canadian,Defender,Canada,24,13417261,Cruz Azul,48,1355,2,0,0.0,0.16999999999999998,9,16,60,28,75,1,0.8110416666666667,0,0,3.3020833333333335,80.40208333333334,35.9,146.9,29.806250000000002,69.13333333333334,55.854166666666664,66.89375,34.22083333333333,71.17083333333333,1,0.06642066420664207,0.13284132841328414,0.0,0.0,0.011291512915129151,2.0,0.13284132841328414,0.011291512915129151,0.13284132841328414
P00707,Jonathan Adekugbe,Canadian,Defender,Canada,25,44729214,Vancouver Whitecaps,48,1918,0,2,0.18,0.05,11,15,54,57,99,1,0.8389583333333334,0,0,4.202083333333333,83.71458333333334,36.8,196.4,27.683333333333334,69.6375,59.775,65.72500000000001,33.9375,75.28333333333333,0,0.04692387904066736,0.0,0.09384775808133472,0.008446298227320124,0.0023461939520333683,-0.18,0.09384775808133472,0.010792492179353493,0.09384775808133472
P00708,Cyle Borjan,Canadian,Defender,Canada,28,13105101,Vancouver Whitecaps,48,1983,0,1,0.13,0.54,17,18,69,57,99,0,0.8129166666666667,0,0,3.9499999999999997,83.1375,37.0,210.2,30.870833333333334,70.21875,54.52291666666667,65.89999999999999,36.047916666666666,76.35833333333333,0,0.0453857791225416,0.0,0.0453857791225416,0.005900151285930409,0.024508320726172466,-0.13,0.0453857791225416,0.030408472012102873,0.0453857791225416
P00709,Stephen Miller,Canadian,Defender,Canada,24,29312349,Inter Miami,48,1725,0,4,0.02,0.19,11,16,66,46,158,0,0.8129166666666667,0,0,4.045833333333333,85.66250000000001,36.8,189.8,28.133333333333336,97.56875000000001,58.572916666666664,94.14999999999999,55.2875,98.08958333333334,1,0.05217391304347826,0.0,0.20869565217391303,0.0010434782608695651,0.00991304347826087,-0.02,0.20869565217391303,0.010956521739130434,0.20869565217391303
P00710,Alistair Fraser,Canadian,Defender,Canada,28,3184675,Plaza Amador,48,1822,0,2,0.03,0.19,12,7,79,53,65,0,0.8158333333333333,0,0,3.497916666666667,81.83541666666666,36.2,192.8,32.5875,41.09583333333334,52.822916666666664,38.739583333333336,20.266666666666666,45.43333333333334,0,0.04939626783754116,0.0,0.09879253567508232,0.0014818880351262348,0.00938529088913282,-0.03,0.09879253567508232,0.010867178924259055,0.09879253567508232
P00711,Tajon Utoikamanu,Canadian,Defender,Canada,32,20857491,Toronto FC,48,1465,1,1,0.17,0.21000000000000002,7,12,69,41,89,0,0.8245833333333333,0,0,3.3020833333333335,80.29375,37.0,160.8,30.989583333333332,69.40833333333333,55.364583333333336,67.15625,34.25833333333333,74.1125,1,0.06143344709897611,0.06143344709897611,0.06143344709897611,0.01044368600682594,0.012901023890784983,0.83,0.12286689419795221,0.02334470989761092,0.12286689419795221
P00712,Sam Hoilett,Canadian,Defender,Canada,28,4761638,Guadalajara,48,1748,0,0,0.07,0.05,11,4,59,45,87,0,0.816875,0,0,3.627083333333333,80.66875,36.3,190.1,31.50208333333333,50.25625,52.237500000000004,47.12291666666667,23.733333333333334,51.666666666666664,0,0.05148741418764302,0.0,0.0,0.0036041189931350116,0.0025743707093821514,-0.07,0.0,0.006178489702517163,0.0
P00713,Liam Cornelius,Canadian,Defender,Canada,29,3772308,Cruz Azul,48,1981,1,1,0.18,0.11,10,13,60,66,75,1,0.8133333333333334,0,0,3.8854166666666665,81.08749999999999,36.3,207.5,29.775000000000002,49.800000000000004,52.81875,44.06875,24.983333333333334,52.36041666666667,1,0.04543160020191822,0.04543160020191822,0.04543160020191822,0.00817768803634528,0.0049974760222110046,0.8200000000000001,0.09086320040383644,0.013175164058556284,0.09086320040383644
P00714,Richie Bomba,Canadian,Defender,Canada,22,40676480,Forge FC,48,1917,0,0,0.09,0.46,16,18,79,53,140,0,0.7972916666666667,0,0,4.4375,84.29375,37.0,199.5,31.754166666666666,87.35833333333333,58.979166666666664,81.36874999999999,45.00833333333333,91.25,0,0.046948356807511735,0.0,0.0,0.004225352112676056,0.0215962441314554,-0.09,0.0,0.025821596244131453,0.0
P00715,Alphonso Wotherspoon,Canadian,Midfielder,Canada,30,25297508,Tigres UANL,48,2040,2,2,1.44,1.08,34,54,45,38,100,18,0.8533333333333334,0,0,4.1625000000000005,83.39583333333333,37.0,233.9,62.45416666666666,67.825,61.043749999999996,65.42916666666666,62.395833333333336,56.16458333333333,0,0.04411764705882353,0.08823529411764706,0.08823529411764706,0.06352941176470589,0.04764705882352942,0.56,0.17647058823529413,0.11117647058823531,0.17647058823529413
P00716,Jonathan Cavallini,Canadian,Midfielder,Canada,23,18055562,Club America,48,1471,2,5,0.52,0.86,24,39,36,31,68,8,0.8447916666666666,0,0,3.8249999999999997,83.07916666666667,36.8,174.9,63.38333333333333,69.34791666666666,55.88958333333333,66.45416666666667,58.793749999999996,57.41041666666666,0,0.061182868796736914,0.12236573759347383,0.30591434398368456,0.031815091774303195,0.05261726716519374,1.48,0.42828008157715836,0.08443235893949694,0.42828008157715836
P00717,Cyle Waterman,Canadian,Midfielder,Canada,21,19575051,Guadalajara,48,1237,1,1,0.51,1.78,16,29,18,22,45,5,0.8450000000000001,0,0,3.0395833333333333,83.57083333333334,36.5,147.9,62.04583333333333,71.41250000000001,58.458333333333336,67.22916666666667,59.42291666666667,54.6875,0,0.07275666936135812,0.07275666936135812,0.07275666936135812,0.03710590137429264,0.12950687146321746,0.49,0.14551333872271624,0.1666127728375101,0.14551333872271624
P00718,Stephen Kennedy,Canadian,Midfielder,Canada,28,27335926,Alajuelense,48,1863,3,9,0.64,2.03,29,60,45,36,106,19,0.8493750000000001,0,0,3.9333333333333336,84.175,35.9,218.8,81.58541666666666,87.28125,58.14791666666667,83.14166666666667,74.74374999999999,73.23958333333333,2,0.04830917874396135,0.14492753623188406,0.43478260869565216,0.030917874396135265,0.09806763285024153,2.36,0.5797101449275363,0.1289855072463768,0.5797101449275363
P00719,Alistair Piette,Canadian,Midfielder,Canada,29,5770936,Guadalajara,48,1722,2,5,0.56,1.94,7,29,33,40,52,5,0.861875,0,0,3.470833333333333,82.18958333333333,37.0,212.7,46.46666666666667,49.05833333333334,55.010416666666664,46.21875,42.76458333333333,38.6,2,0.05226480836236934,0.10452961672473868,0.2613240418118467,0.02926829268292683,0.10139372822299651,1.44,0.36585365853658536,0.13066202090592335,0.36585365853658536
P00720,Tajon Zator,Canadian,Midfielder,Canada,26,8214515,Vancouver Whitecaps,48,2102,2,4,0.4,1.26,14,34,53,28,50,6,0.8537499999999999,0,0,3.779166666666667,80.13958333333333,35.5,255.4,45.75,49.73333333333333,53.00625,44.572916666666664,41.80833333333333,39.31041666666667,1,0.04281636536631779,0.08563273073263558,0.17126546146527116,0.017126546146527116,0.053948620361560416,1.6,0.25689819219790677,0.07107516650808754,0.25689819219790677
P00721,Sam James,Canadian,Midfielder,Canada,28,103774107,Guadalajara,48,1800,4,6,1.34,4.09,37,66,48,31,146,22,0.8385416666666666,0,0,4.133333333333334,85.49166666666667,35.7,204.9,92.10208333333333,97.87083333333334,60.856249999999996,93.65208333333334,89.60833333333333,79.84375,2,0.05,0.2,0.30000000000000004,0.067,0.20450000000000002,2.66,0.5,0.2715,0.5
P00722,Liam David,Canadian,Midfielder,Canada,29,3368297,Cruz Azul,48,2069,4,2,0.32,1.53,10,31,45,26,46,9,0.8447916666666666,0,0,4.5375000000000005,83.05,36.8,247.7,43.731249999999996,50.31875,55.80833333333334,46.18958333333333,41.333333333333336,38.425000000000004,0,0.04349927501208313,0.17399710004833252,0.08699855002416626,0.013919768003866602,0.0665538907684872,3.68,0.2609956500724988,0.0804736587723538,0.2609956500724988
P00723,Alphonso Piette,Canadian,Forward,Canada,20,28828751,Tauro FC,48,1753,7,1,2.0300000000000002,1.01,63,26,19,4,49,25,0.7802083333333334,0,0,3.6833333333333336,83.61874999999999,37.0,191.4,67.16875,73.4375,57.24583333333334,64.03958333333334,72.05833333333334,23.677083333333332,1,0.0513405590416429,0.35938391329150027,0.0513405590416429,0.1042213348545351,0.05185396463205933,4.97,0.4107244723331432,0.15607529948659443,0.4107244723331432
P00724,Jonathan Zator,Canadian,Forward,Canada,24,11856259,Vancouver Whitecaps,48,1973,5,3,1.68,0.92,21,14,13,8,19,9,0.7770833333333332,0,0,3.8249999999999997,82.23958333333333,37.0,231.1,40.84791666666667,42.69375,52.01666666666667,40.108333333333334,43.65625,24.15833333333333,2,0.0456158134820071,0.2280790674100355,0.1368474404460213,0.07663456664977192,0.04196654840344653,3.3200000000000003,0.3649265078560568,0.11860111505321845,0.3649265078560568
P00725,Cyle James,Canadian,Forward,Canada,28,4326762,Vancouver Whitecaps,48,1799,4,1,1.84,1.35,28,35,18,14,30,14,0.785,0,0,3.3562499999999997,81.69375000000001,36.1,205.79999999999998,44.76458333333333,50.61875,55.041666666666664,45.262499999999996,49.53125,25.160416666666666,0,0.0500277932184547,0.2001111728738188,0.0500277932184547,0.09205113952195665,0.06753752084491385,2.16,0.2501389660922735,0.1595886603668705,0.2501389660922735
P00726,Stephen David,Canadian,Forward,Canada,27,18011935,Forge FC,48,2012,9,3,2.29,0.84,49,36,13,8,41,27,0.7891666666666667,0,0,4.354166666666667,84.90625,35.4,217.9,67.5125,70.58541666666666,57.50416666666666,63.72291666666666,72.51875,23.327083333333334,2,0.04473161033797217,0.40258449304174954,0.1341948310139165,0.10243538767395627,0.037574552683896624,6.71,0.536779324055666,0.14000994035785289,0.536779324055666
P00727,Alistair Eustaquio,Canadian,Forward,Canada,26,14302217,Atlanta United,48,2212,5,3,3.24,1.12,61,50,24,8,47,26,0.789375,0,0,4.75,84.11666666666666,37.0,240.7,65.48333333333333,69.71875,54.96458333333334,66.03333333333333,73.22916666666667,24.385416666666668,3,0.0406871609403255,0.20343580470162748,0.1220614828209765,0.1318264014466546,0.045569620253164564,1.7599999999999998,0.325497287522604,0.17739602169981916,0.325497287522604
P00728,Tajon Buchanan,Canadian,Forward,Canada,26,10682047,Guadalajara,48,1559,9,5,2.42,0.88,39,19,9,8,34,27,0.7843749999999999,0,0,3.2270833333333333,79.79166666666667,34.7,168.4,63.60208333333333,69.71041666666666,57.762499999999996,67.33125,71.72708333333334,25.808333333333334,1,0.05772931366260423,0.5195638229634381,0.28864656831302116,0.13970493906350223,0.050801796023091726,6.58,0.8082103912764592,0.19050673508659396,0.8082103912764592
P00729,Keylor Campbell,Costa Rican,Goalkeeper,Costa Rica,28,11420312,Atlanta United,46,1165,0,0,0.0,0.0,0,2,0,10,23,0,0.722608695652174,53,2,2.106521739130435,82.22826086956522,33.0,101.7,30.04565217391304,71.01086956521739,54.415217391304346,61.77391304347826,10.210869565217392,80.89782608695653,0,0.07725321888412018,0.0,0.0,0.0,0.0,0.0,0.0,0.0,0.0
P00730,Joel Borges,Costa Rican,Goalkeeper,Costa Rica,25,24626941,Atlanta United,46,1986,0,2,0.0,0.0,0,10,0,13,41,1,0.7139130434782609,78,4,3.4847826086956526,80.56739130434782,32.5,182.1,29.29565217391304,69.9304347826087,53.821739130434786,69.79782608695652,10.934782608695652,81.45,1,0.045317220543806644,0.0,0.09063444108761329,0.0,0.0,0.0,0.09063444108761329,0.0,0.09063444108761329
P00731,Bryan Duarte,Costa Rican,Goalkeeper,Costa Rica,28,29692746,Toronto FC,46,509,0,1,0.0,0.0,0,0,0,4,10,1,0.705,26,1,0.8826086956521739,76.4391304347826,30.4,45.0,30.382608695652173,87.15652173913043,56.69130434782609,83.73478260869565,10.534782608695652,97.09347826086957,0,0.17681728880157171,0.0,0.17681728880157171,0.0,0.0,0.0,0.17681728880157171,0.0,0.17681728880157171
P00732,Keylor Calvo,Costa Rican,Defender,Costa Rica,27,3545812,Cavalry FC,46,2003,0,0,0.03,0.13,16,5,79,54,79,0,0.8180434782608696,0,0,3.891304347826087,82.46304347826087,36.3,219.7,31.821739130434782,50.04782608695652,55.643478260869564,47.23913043478261,24.217391304347824,52.178260869565214,0,0.044932601098352475,0.0,0.0,0.0013479780329505742,0.005841238142785822,-0.03,0.0,0.007189216175736396,0.0
P00733,Joel Oviedo,Costa Rican,Defender,Costa Rica,34,8329722,Forge FC,46,1525,0,0,0.04,0.09,10,8,56,42,51,0,0.8110869565217392,0,0,3.752173913043478,81.64565217391304,35.5,163.7,30.063043478260873,48.369565217391305,54.61304347826086,43.12173913043478,24.56086956521739,52.81739130434782,0,0.05901639344262295,0.0,0.0,0.002360655737704918,0.005311475409836066,-0.04,0.0,0.007672131147540983,0.0
P00734,Bryan Matarrita,Costa Rican,Defender,Costa Rica,31,5466016,LAFC,46,1522,0,2,0.01,0.13,15,2,44,35,73,0,0.8173913043478261,0,0,3.2913043478260873,80.31304347826087,35.1,163.0,29.721739130434784,41.13913043478261,52.00652173913044,40.39782608695652,19.747826086956522,43.7195652173913,1,0.05913272010512484,0.0,0.11826544021024968,0.0005913272010512485,0.00768725361366623,-0.01,0.11826544021024968,0.008278580814717478,0.11826544021024968
P00735,Celso Tejeda,Costa Rican,Defender,Costa Rica,23,14084725,Guadalajara,46,1661,1,1,0.1,0.26,8,7,50,42,94,1,0.8130434782608695,0,0,3.756521739130435,81.63695652173914,37.0,181.9,27.85217391304348,70.30652173913043,54.81521739130435,65.43478260869566,33.667391304347824,75.30869565217391,0,0.054184226369656835,0.054184226369656835,0.054184226369656835,0.005418422636965684,0.014087898856110777,0.9,0.10836845273931367,0.01950632149307646,0.10836845273931367
P00736,Francisco Wallace,Costa Rican,Defender,Costa Rica,27,7606996,New York Red Bulls,46,1806,0,3,0.09,0.3,8,15,55,56,93,1,0.8228260869565218,0,0,3.8434782608695657,81.61521739130436,35.8,188.8,33.047826086956526,70.72826086956522,57.31521739130435,66.8804347826087,35.7804347826087,73.54347826086956,0,0.04983388704318937,0.0,0.14950166112956811,0.004485049833887043,0.01495016611295681,-0.09,0.14950166112956811,0.019435215946843852,0.14950166112956811
P00737,Randal Brenes,Costa Rican,Defender,Costa Rica,23,2663776,Tauro FC,46,1716,1,1,0.04,0.27999999999999997,10,4,66,35,70,1,0.813695652173913,0,0,3.8978260869565218,80.25217391304348,36.4,183.9,29.417391304347827,41.72608695652174,55.071739130434786,40.047826086956526,20.57608695652174,43.96521739130435,1,0.05244755244755245,0.05244755244755245,0.05244755244755245,0.002097902097902098,0.014685314685314683,0.96,0.1048951048951049,0.01678321678321678,0.1048951048951049
P00738,Patrick Alvarado,Costa Rican,Defender,Costa Rica,30,3442029,Forge FC,46,1760,1,1,0.02,0.29000000000000004,8,10,58,44,63,1,0.8139130434782608,0,0,3.6739130434782608,80.48478260869565,37.0,187.6,30.741304347826084,49.73695652173913,53.11521739130435,44.789130434782614,23.52608695652174,53.126086956521746,0,0.05113636363636364,0.05113636363636364,0.05113636363636364,0.0010227272727272728,0.014829545454545458,0.98,0.10227272727272728,0.015852272727272732,0.10227272727272728
P00739,Oscar Chacon,Costa Rican,Defender,Costa Rica,29,1342676,Vancouver Whitecaps,46,2025,1,0,0.18,0.1,8,8,64,61,80,0,0.8280434782608697,0,0,4.171739130434783,80.49347826086957,37.0,204.0,29.32608695652174,43.8304347826087,54.26521739130435,40.2695652173913,21.456521739130434,46.43478260869565,0,0.044444444444444446,0.044444444444444446,0.0,0.008,0.0044444444444444444,0.8200000000000001,0.044444444444444446,0.012444444444444445,0.044444444444444446
P00740,Ronald Haxiel,Costa Rican,Defender,Costa Rica,26,5836484,Inter Miami,46,1565,0,1,0.07,0.37,12,7,66,47,49,1,0.802391304347826,0,0,3.182608695652174,81.01739130434783,35.1,161.6,27.752173913043475,47.873913043478254,53.73260869565217,45.01521739130435,26.176086956521736,51.7804347826087,0,0.05750798722044728,0.0,0.05750798722044728,0.00402555910543131,0.021277955271565493,-0.07,0.05750798722044728,0.025303514376996804,0.05750798722044728
P00741,Keylor Watson,Costa Rican,Midfielder,Costa Rica,23,3732992,Monterrey,46,1939,5,2,0.55,1.6400000000000001,18,34,42,41,68,11,0.856304347826087,0,0,3.7369565217391307,81.50217391304348,35.8,211.5,44.65652173913043,49.54347826086956,56.43260869565218,48.41956521739131,42.90217391304348,38.904347826086955,2,0.04641567818463126,0.2320783909231563,0.09283135636926251,0.025528623001547193,0.07612171222279526,4.45,0.32490974729241884,0.10165033522434246,0.32490974729241884
P00742,Joel Soto,Costa Rican,Midfielder,Costa Rica,26,12920911,Monterrey,46,1483,3,5,0.46,0.99,17,29,48,31,64,6,0.8445652173913044,0,0,3.6891304347826086,83.11304347826086,35.8,174.2,65.83478260869565,68.42173913043479,53.839130434782604,62.54782608695652,58.18478260869565,55.55869565217391,0,0.060687795010114634,0.18206338503034392,0.30343897505057316,0.027916385704652734,0.060080917060013485,2.54,0.4855023600809171,0.08799730276466622,0.4855023600809171
P00743,Bryan Leiton,Costa Rican,Midfielder,Costa Rica,27,113249866,Vancouver Whitecaps,46,1501,2,4,0.21,2.29,27,66,45,18,99,14,0.8593478260869566,0,0,3.9,82.67608695652174,36.4,176.9,92.14782608695653,97.16521739130435,57.45434782608696,93.93260869565216,89.25434782608696,77.28260869565217,2,0.05996002664890073,0.11992005329780146,0.23984010659560293,0.012591605596269153,0.13730846102598268,1.79,0.3597601598934044,0.14990006662225183,0.3597601598934044
P00744,Celso Zuniga,Costa Rican,Midfielder,Costa Rica,33,6573781,New York Red Bulls,46,1541,0,4,0.41000000000000003,1.38,18,20,30,28,41,4,0.8628260869565217,0,0,3.4347826086956523,80.1608695652174,37.0,184.2,37.92826086956522,41.76304347826087,53.810869565217395,39.79565217391304,35.30434782608695,34.55869565217392,0,0.058403634003893576,0.0,0.2336145360155743,0.023945489941596367,0.08059701492537313,-0.41000000000000003,0.2336145360155743,0.1045425048669695,0.2336145360155743
P00745,Francisco Aguilar,Costa Rican,Midfielder,Costa Rica,26,17981105,Forge FC,46,1527,0,5,1.4,1.11,31,46,35,24,81,9,0.8404347826086955,0,0,3.5521739130434784,81.6891304347826,36.5,186.9,62.44565217391305,68.28260869565217,58.24347826086956,64.6891304347826,60.910869565217396,54.07826086956521,0,0.05893909626719057,0.0,0.29469548133595286,0.08251473477406679,0.06542239685658154,-1.4,0.29469548133595286,0.1479371316306483,0.29469548133595286
P00746,Randal Salas,Costa Rican,Midfielder,Costa Rica,32,12494006,Tigres UANL,46,1898,1,1,0.33,1.18,23,34,44,44,50,3,0.8521739130434783,0,0,4.041304347826087,84.30652173913043,36.4,224.1,38.73478260869565,44.87173913043478,52.710869565217386,40.18260869565218,36.369565217391305,33.345652173913045,1,0.04741833508956796,0.04741833508956796,0.04741833508956796,0.01564805057955743,0.05595363540569019,0.6699999999999999,0.09483667017913593,0.07160168598524762,0.09483667017913593
P00747,Patrick Vargas,Costa Rican,Midfielder,Costa Rica,20,57646980,Tigres UANL,46,2139,9,7,2.91,3.79,45,73,42,39,153,26,0.8454347826086956,0,0,4.539130434782609,87.80869565217391,36.2,261.6,90.38478260869564,97.14565217391304,58.63913043478261,92.66739130434782,89.68695652173913,80.92608695652174,2,0.04207573632538569,0.37868162692847124,0.29453015427769985,0.12244039270687238,0.15946704067321177,6.09,0.6732117812061711,0.28190743338008417,0.6732117812061711
P00748,Oscar Campbell,Costa Rican,Midfielder,Costa Rica,29,5363327,Plaza Amador,46,1781,2,2,0.6100000000000001,0.74,12,34,34,31,54,2,0.8295652173913043,0,0,3.641304347826087,79.1413043478261,36.4,208.6,39.21304347826087,42.79130434782609,53.91304347826087,40.06956521739131,35.471739130434784,31.47608695652174,0,0.05053340819764177,0.10106681639528355,0.10106681639528355,0.030825379000561485,0.03739472206625491,1.39,0.2021336327905671,0.06822010106681639,0.2021336327905671
P00749,Keylor Aguilar,Costa Rican,Forward,Costa Rica,25,42669527,Alajuelense,46,1346,7,1,1.99,0.84,38,19,8,6,28,21,0.7810869565217391,0,0,3.4543478260869565,83.63695652173914,36.8,155.4,62.05652173913043,70.18695652173913,55.40217391304348,66.29565217391304,71.56304347826087,24.104347826086954,1,0.06686478454680535,0.46805349182763745,0.06686478454680535,0.13306092124814264,0.05616641901931649,5.01,0.5349182763744428,0.18922734026745913,0.5349182763744428
P00750,Joel Salas,Costa Rican,Forward,Costa Rica,21,2600472,Forge FC,46,2120,7,1,1.8900000000000001,1.29,42,24,21,10,31,11,0.786304347826087,0,0,4.1695652173913045,80.22391304347826,36.6,233.9,36.88695652173913,41.18695652173913,50.5195652173913,38.84130434782609,43.245652173913044,24.73913043478261,0,0.04245283018867924,0.2971698113207547,0.04245283018867924,0.08023584905660378,0.05476415094339623,5.109999999999999,0.33962264150943394,0.135,0.33962264150943394
P00751,Bryan Vargas,Costa Rican,Forward,Costa Rica,28,47679136,Tauro FC,46,1745,3,4,1.91,2.08,46,31,15,7,42,24,0.7769565217391304,0,0,3.867391304347826,84.2195652173913,35.6,190.1,63.16304347826087,70.95434782608696,57.154347826086955,65.18695652173913,76.85434782608696,25.567391304347826,1,0.05157593123209169,0.15472779369627507,0.20630372492836677,0.09851002865329513,0.10727793696275072,1.09,0.36103151862464183,0.20578796561604584,0.36103151862464183
P00752,Celso Campbell,Costa Rican,Forward,Costa Rica,27,60055692,Inter Miami,46,1570,12,3,3.49,1.6,58,24,12,10,42,26,0.7891304347826086,0,0,3.5630434782608695,82.53478260869565,37.0,170.79999999999998,80.98260869565217,91.59782608695652,55.126086956521746,86.62391304347825,90.0695652173913,23.532608695652176,3,0.05732484076433121,0.6878980891719746,0.17197452229299365,0.20006369426751594,0.09171974522292994,8.51,0.8598726114649682,0.2917834394904459,0.8598726114649682
P00753,Francisco Borges,Costa Rican,Forward,Costa Rica,25,15706272,Cruz Azul,46,1694,7,4,0.79,0.7000000000000001,23,24,16,8,24,9,0.7834782608695652,0,0,3.776086956521739,83.12391304347825,36.2,187.5,38.23478260869565,40.7195652173913,53.050000000000004,40.05217391304348,43.78478260869565,25.98695652173913,1,0.053128689492325853,0.371900826446281,0.21251475796930341,0.04197166469893743,0.0371900826446281,6.21,0.5844155844155844,0.07916174734356553,0.5844155844155844
P00754,Randal Duarte,Costa Rican,Forward,Costa Rica,23,94057245,CF Montreal,46,1477,14,6,2.77,0.91,49,30,13,5,40,20,0.7765217391304348,0,0,4.27391304347826,84.98913043478261,36.7,160.2,78.38913043478261,85.78695652173913,55.23913043478261,83.52608695652174,88.91739130434782,25.15869565217391,2,0.06093432633716994,0.8530805687203792,0.36560595802301965,0.16878808395396075,0.05545023696682465,11.23,1.2186865267433988,0.22423832092078538,1.2186865267433988
P00755,Leon Antonio,Jamaican,Goalkeeper,Jamaica,24,2650518,Monterrey,59,1919,0,0,0.0,0.0,0,12,0,9,37,1,0.715593220338983,69,7,2.5254237288135593,76.93898305084745,34.0,186.3,28.184745762711866,48.26949152542373,53.998305084745766,50.045762711864406,10.44406779661017,55.83728813559322,0,0.04689942678478374,0.0,0.0,0.0,0.0,0.0,0.0,0.0,0.0
P00756,Michail Gray,Jamaican,Goalkeeper,Jamaica,27,23723229,Inter Miami,59,1738,0,1,0.0,0.0,0,5,0,12,41,0,0.7193220338983051,84,3,2.5610169491525423,82.61186440677967,32.1,165.9,30.252542372881358,88.53050847457628,57.74576271186441,82.37966101694914,9.511864406779662,97.7542372881356,0,0.05178365937859609,0.0,0.05178365937859609,0.0,0.0,0.0,0.05178365937859609,0.0,0.05178365937859609
P00757,Bobby Hector,Jamaican,Goalkeeper,Jamaica,27,40466205,Plaza Amador,59,892,0,0,0.0,0.0,0,0,0,0,20,0,0.7142372881355933,37,4,1.4491525423728813,75.78813559322033,31.8,87.7,30.27457627118644,88.0135593220339,56.97966101694916,83.00508474576272,9.927118644067797,96.87457627118644,0,0.10089686098654709,0.0,0.0,0.0,0.0,0.0,0.0,0.0,0.0
P00758,Leon Lowe,Jamaican,Defender,Jamaica,21,43256708,Tauro FC,59,2687,1,3,0.17,1.16,17,15,99,81,178,1,0.8140677966101695,0,0,4.874576271186441,84.60338983050848,36.0,285.6,31.13728813559322,89.64745762711864,56.98813559322034,83.13050847457627,44.44406779661016,91.49491525423728,2,0.033494603647190174,0.033494603647190174,0.10048381094157052,0.00569408262002233,0.0388537402307406,0.83,0.1339784145887607,0.044547822850762926,0.1339784145887607
P00759,Michail Pinnock,Jamaican,Defender,Jamaica,25,23832643,Toronto FC,59,1950,0,3,0.36,0.22999999999999998,15,21,56,60,146,1,0.83,0,0,3.6050847457627118,82.62711864406779,35.8,204.3,29.16949152542373,88.79152542372881,52.96949152542373,85.15762711864407,43.6,94.43559322033899,1,0.046153846153846156,0.0,0.13846153846153847,0.016615384615384615,0.010615384615384615,-0.36,0.13846153846153847,0.027230769230769232,0.13846153846153847
P00760,Bobby Lawrence,Jamaican,Defender,Jamaica,24,1792743,Toronto FC,59,2197,2,0,0.22,0.25,7,7,64,59,82,0,0.8161016949152542,0,0,3.957627118644068,81.1,37.0,233.5,29.037288135593222,48.86440677966102,51.68135593220339,45.92881355932204,25.223728813559323,49.38135593220339,0,0.040964952207555756,0.08192990441511151,0.0,0.009012289485662267,0.010241238051888939,1.78,0.08192990441511151,0.019253527537551204,0.08192990441511151
P00761,Andre Johnson,Jamaican,Defender,Jamaica,28,7581510,Plaza Amador,59,2162,3,0,0.13,0.1,15,5,72,71,123,1,0.8183050847457627,0,0,3.8135593220338984,80.15762711864407,37.0,234.5,30.9864406779661,71.06610169491525,56.74745762711864,63.376271186440675,35.30508474576271,75.93728813559322,2,0.041628122109158186,0.12488436632747456,0.0,0.005411655874190564,0.004162812210915819,2.87,0.12488436632747456,0.009574468085106383,0.12488436632747456
P00762,Damion Marshall,Jamaican,Defender,Jamaica,28,17989095,LA Galaxy,59,2313,2,2,0.03,0.63,18,16,65,53,130,1,0.8227118644067797,0,0,4.027118644067796,82.44745762711864,36.0,247.9,29.728813559322035,69.4135593220339,58.52203389830509,68.3271186440678,33.61186440677966,76.4728813559322,1,0.038910505836575876,0.07782101167315175,0.07782101167315175,0.0011673151750972762,0.0245136186770428,1.97,0.1556420233463035,0.025680933852140077,0.1556420233463035
P00763,Kasey Dickinson,Jamaican,Defender,Jamaica,26,26129379,Tigres UANL,59,2082,3,0,0.03,0.17,10,13,79,59,100,0,0.8340677966101695,0,0,3.8949152542372882,84.2,36.5,225.3,30.74406779661017,72.2186440677966,53.31186440677966,65.10508474576271,35.12542372881356,76.4,0,0.043227665706051875,0.12968299711815562,0.0,0.0012968299711815562,0.007348703170028819,2.97,0.12968299711815562,0.008645533141210375,0.12968299711815562
P00764,Adrian Simpson,Jamaican,Defender,Jamaica,29,5729437,New York Red Bulls,59,2397,1,2,0.09000000000000001,0.27,17,22,79,64,122,1,0.8069491525423729,0,0,4.196610169491525,84.12881355932204,37.0,258.5,28.893220338983053,69.17457627118644,56.60508474576271,65.50508474576272,33.59322033898305,74.70847457627119,1,0.03754693366708386,0.03754693366708386,0.07509386733416772,0.0033792240300375477,0.010137672090112642,0.91,0.11264080100125157,0.013516896120150189,0.11264080100125157
P00765,Shamar Gordon,Jamaican,Defender,Jamaica,27,19568919,Toronto FC,59,2199,2,2,0.03,0.5800000000000001,15,20,71,72,125,0,0.8142372881355932,0,0,3.574576271186441,80.42372881355932,36.3,228.0,29.289830508474576,70.12881355932204,57.44406779661016,65.44237288135594,35.86610169491525,77.33050847457628,0,0.040927694406548434,0.08185538881309687,0.08185538881309687,0.001227830832196453,0.023738062755798095,1.97,0.16371077762619374,0.02496589358799455,0.16371077762619374
P00766,Alvas Holness,Jamaican,Defender,Jamaica,27,38859688,New York Red Bulls,59,1915,0,0,0.030000000000000002,0.34,9,25,77,55,145,0,0.8164406779661018,0,0,3.2711864406779663,82.78983050847458,36.0,200.3,30.70677966101695,90.68813559322035,56.65423728813559,84.6135593220339,45.15762711864407,93.19322033898304,0,0.04699738903394256,0.0,0.0,0.001409921671018277,0.01597911227154047,-0.030000000000000002,0.0,0.017389033942558748,0.0
P00767,Leon Grant,Jamaican,Midfielder,Jamaica,27,8313229,Club America,59,2225,3,5,0.8099999999999999,0.86,16,28,38,48,51,3,0.8516949152542372,0,0,3.715254237288135,79.95254237288135,37.0,266.1,37.93898305084746,41.552542372881355,54.7,40.53220338983051,37.30677966101695,33.905084745762714,2,0.04044943820224719,0.12134831460674156,0.20224719101123595,0.03276404494382022,0.03478651685393258,2.19,0.3235955056179775,0.0675505617977528,0.3235955056179775
P00768,Michail McCarey,Jamaican,Midfielder,Jamaica,26,18781161,Plaza Amador,59,2533,2,5,1.1400000000000001,2.98,26,58,62,43,136,18,0.841864406779661,0,0,4.0288135593220336,84.22711864406779,36.3,286.8,68.10000000000001,70.9322033898305,54.57118644067796,63.896610169491524,59.56271186440678,54.983050847457626,1,0.035530990919857876,0.07106198183971575,0.17765495459928937,0.04050532964863798,0.10588235294117647,0.8599999999999999,0.2487169364390051,0.14638768258981444,0.2487169364390051
P00769,Bobby Lambert,Jamaican,Midfielder,Jamaica,27,3186778,New York Red Bulls,59,2345,2,6,0.74,1.9,20,30,52,38,86,8,0.8540677966101695,0,0,3.7457627118644066,82.56610169491525,36.5,264.0,45.13389830508475,48.51864406779661,55.742372881355934,46.19661016949152,42.594915254237286,37.001694915254234,1,0.03837953091684435,0.0767590618336887,0.23027718550106613,0.02840085287846482,0.07292110874200426,1.26,0.3070362473347548,0.10132196162046908,0.3070362473347548
P00770,Andre Ricketts,Jamaican,Midfielder,Jamaica,23,41343699,CF Montreal,59,2043,4,6,1.13,3.1300000000000003,28,51,54,37,98,14,0.8452542372881355,0,0,3.6338983050847458,82.964406779661,35.9,248.5,62.34915254237288,70.42711864406779,54.186440677966104,65.86949152542373,60.425423728813556,53.91525423728814,2,0.04405286343612335,0.1762114537444934,0.2643171806167401,0.04977973568281938,0.1378854625550661,2.87,0.44052863436123346,0.18766519823788547,0.44052863436123346
P00771,Damion Bishop,Jamaican,Midfielder,Jamaica,26,10030773,Tauro FC,59,2375,2,9,0.51,2.78,34,51,56,45,97,20,0.8388135593220339,0,0,4.257627118644067,84.08644067796611,37.0,290.1,65.05762711864406,68.41016949152542,55.51525423728814,63.35762711864407,58.222033898305085,57.56440677966102,2,0.037894736842105266,0.07578947368421053,0.3410526315789474,0.019326315789473685,0.10534736842105263,1.49,0.4168421052631579,0.12467368421052633,0.4168421052631579
P00772,Kasey Williams,Jamaican,Midfielder,Jamaica,30,2656619,Monterrey,59,3035,2,1,0.62,1.53,30,53,90,46,96,13,0.843728813559322,0,0,4.769491525423728,82.50508474576272,37.0,365.3,46.6,49.42033898305085,54.5406779661017,46.47966101694916,41.47966101694916,37.377966101694916,0,0.029654036243822075,0.05930807248764415,0.029654036243822075,0.018385502471169688,0.04537067545304778,1.38,0.08896210873146623,0.06375617792421746,0.08896210873146623
P00773,Adrian Rodrigues,Jamaican,Midfielder,Jamaica,24,4759435,LAFC,59,2076,1,3,0.26,0.84,29,25,43,28,66,7,0.8486440677966102,0,0,3.3338983050847455,81.97457627118644,36.0,248.3,45.88644067796611,49.25932203389831,50.93050847457627,45.5135593220339,40.686440677966104,39.03050847457627,1,0.04335260115606936,0.04335260115606936,0.13005780346820808,0.011271676300578034,0.03641618497109826,0.74,0.17341040462427745,0.0476878612716763,0.17341040462427745
P00774,Shamar Antonio,Jamaican,Midfielder,Jamaica,30,24568771,Forge FC,59,1849,3,4,1.03,2.9200000000000004,35,59,46,35,99,15,0.8401694915254238,0,0,4.123728813559322,83.33389830508474,37.0,230.2,82.2135593220339,89.0322033898305,56.26271186440678,85.3406779661017,79.36779661016949,69.52542372881356,1,0.048674959437533805,0.1460248783126014,0.19469983775013522,0.05013520822065982,0.14213088155759873,1.97,0.34072471606273663,0.19226608977825854,0.34072471606273663
P00775,Leon Bishop,Jamaican,Forward,Jamaica,20,27670378,Vancouver Whitecaps,59,2042,4,6,2.61,1.6500000000000001,62,37,17,9,39,25,0.7927118644067798,0,0,3.823728813559322,83.25254237288135,35.2,227.6,61.2322033898305,68.23559322033898,55.50677966101695,65.8135593220339,73.00677966101695,23.408474576271185,1,0.04407443682664055,0.1762977473065622,0.2644466209598433,0.11503428011753183,0.0727228207639569,1.3900000000000001,0.4407443682664055,0.18775710088148873,0.4407443682664055
P00776,Michail Williams,Jamaican,Forward,Jamaica,24,13530722,Forge FC,59,2305,3,4,2.43,0.6900000000000001,38,28,19,11,38,15,0.782542372881356,0,0,3.5915254237288137,80.31694915254236,36.1,249.4,40.74576271186441,43.18813559322034,52.9271186440678,42.0728813559322,43.825423728813554,24.31016949152542,1,0.039045553145336226,0.11713665943600868,0.1561822125813449,0.09488069414316704,0.026941431670282,0.5699999999999998,0.2733188720173536,0.12182212581344903,0.2733188720173536
P00777,Bobby Rodrigues,Jamaican,Forward,Jamaica,26,13069824,Toronto FC,59,1744,4,0,1.48,0.44,21,16,17,6,24,6,0.7810169491525424,0,0,3.1084745762711865,78.18135593220339,36.5,195.9,39.38644067796611,41.53389830508475,54.2271186440678,41.016949152542374,41.793220338983055,26.147457627118644,1,0.051605504587155966,0.20642201834862386,0.0,0.07637614678899082,0.022706422018348625,2.52,0.20642201834862386,0.09908256880733946,0.20642201834862386
P00778,Andre Antonio,Jamaican,Forward,Jamaica,25,6791595,CF Montreal,59,2181,8,3,2.09,1.68,50,41,22,14,45,24,0.7906779661016949,0,0,3.6677966101694914,82.72542372881357,36.1,241.2,64.26440677966102,68.14915254237289,57.79830508474576,66.27627118644068,71.0457627118644,24.266101694915253,1,0.04126547455295736,0.33012379642365886,0.12379642365887207,0.08624484181568087,0.06932599724896836,5.91,0.4539202200825309,0.15557083906464925,0.4539202200825309
P00779,Damion Gray,Jamaican,Forward,Jamaica,21,13429232,Inter Miami,59,2187,11,6,1.86,1.23,68,38,19,8,49,21,0.7777966101694915,0,0,3.710169491525424,82.7542372881356,37.0,224.8,63.4593220338983,69.98135593220339,52.5135593220339,68.58474576271186,74.04237288135593,24.440677966101696,2,0.0411522633744856,0.45267489711934156,0.24691358024691357,0.07654320987654321,0.050617283950617285,9.14,0.6995884773662551,0.1271604938271605,0.6995884773662551
P00780,Kasey Hector,Jamaican,Forward,Jamaica,21,47747860,New York Red Bulls,59,2091,16,9,2.9,1.3900000000000001,77,50,10,10,56,43,0.7813559322033898,0,0,3.8,83.85593220338983,36.0,221.3,80.21016949152542,85.03728813559322,56.947457627118645,81.80847457627118,87.67118644067797,22.733898305084747,2,0.043041606886657105,0.6886657101865137,0.38737446197991393,0.1248206599713056,0.05982783357245338,13.1,1.0760401721664277,0.18464849354375898,1.0760401721664277
P00781,Anibal Rodriguez,Panamanian,Goalkeeper,Panama,27,15427962,Cruz Azul,47,1131,0,0,0.0,0.0,0,4,0,3,25,0,0.7168085106382979,50,4,2.074468085106383,78.17659574468085,32.0,104.0,32.01914893617022,70.98510638297871,56.02340425531915,68.80212765957447,10.627659574468085,79.18936170212766,0,0.07957559681697612,0.0,0.0,0.0,0.0,0.0,0.0,0.0,0.0
P00782,Jose Davis,Panamanian,Goalkeeper,Panama,22,13218977,Tauro FC,47,1312,0,0,0.0,0.0,0,5,0,6,23,0,0.7429787234042553,50,3,2.3680851063829786,78.47021276595744,31.4,126.3,30.19148936170213,70.42553191489361,57.291489361702126,64.5468085106383,10.446808510638299,80.41276595744681,0,0.06859756097560976,0.0,0.0,0.0,0.0,0.0,0.0,0.0,0.0
P00783,Michael Cooper,Panamanian,Goalkeeper,Panama,28,24328544,Plaza Amador,47,1022,0,0,0.0,0.0,0,3,0,4,25,0,0.7102127659574469,42,3,1.9553191489361703,78.44255319148937,32.4,91.60000000000001,29.81276595744681,87.23404255319149,59.729787234042554,85.39574468085107,10.893617021276595,96.5468085106383,0,0.08806262230919765,0.0,0.0,0.0,0.0,0.0,0.0,0.0,0.0
P00784,Anibal Barcenas,Panamanian,Defender,Panama,25,12635953,Plaza Amador,47,1513,0,2,0.2,0.02,7,8,58,38,90,2,0.811063829787234,0,0,3.357446808510638,78.61489361702128,35.6,168.1,30.970212765957445,69.15744680851064,58.280851063829786,63.638297872340424,34.43617021276596,74.8,2,0.059484467944481166,0.0,0.11896893588896233,0.011896893588896234,0.0011896893588896234,-0.2,0.11896893588896233,0.013086582947785858,0.11896893588896233
P00785,Jose Omar,Panamanian,Defender,Panama,23,66809584,Inter Miami,47,2052,2,2,0.4,0.5,15,19,84,59,168,1,0.8265957446808511,0,0,4.117021276595745,83.9,37.0,217.9,30.195744680851064,87.6531914893617,57.89148936170213,83.23191489361702,43.56808510638298,92.06595744680853,1,0.043859649122807015,0.08771929824561403,0.08771929824561403,0.017543859649122806,0.021929824561403508,1.6,0.17543859649122806,0.039473684210526314,0.17543859649122806
P00786,Michael Escobar,Panamanian,Defender,Panama,32,12972614,Tigres UANL,47,1709,0,2,0.0,0.07,3,9,62,65,54,0,0.8240425531914893,0,0,3.057446808510638,80.50425531914894,35.7,181.0,29.148936170212767,49.93617021276596,55.208510638297874,42.97872340425532,23.151063829787233,54.55531914893617,0,0.0526623756582797,0.0,0.1053247513165594,0.0,0.003686366296079579,0.0,0.1053247513165594,0.003686366296079579,0.1053247513165594
P00787,Eric Aguilar,Panamanian,Defender,Panama,24,10730789,LAFC,47,1726,1,0,0.09999999999999999,0.33,16,13,70,44,41,1,0.8257446808510639,0,0,3.851063829787234,81.73829787234042,35.4,180.0,29.385106382978723,40.97659574468085,54.08510638297872,38.98085106382978,21.048936170212766,44.94468085106383,0,0.05214368482039398,0.05214368482039398,0.0,0.005214368482039398,0.017207415990730012,0.9,0.05214368482039398,0.02242178447276941,0.05214368482039398
P00788,Abdiel Martinez,Panamanian,Defender,Panama,23,73325454,Cruz Azul,47,1678,1,0,0.04,0.24,16,9,80,45,124,0,0.8165957446808512,0,0,3.64468085106383,82.4,36.0,184.3,29.0468085106383,89.69787234042553,54.4595744680851,84.06808510638298,42.723404255319146,92.02340425531915,0,0.05363528009535161,0.05363528009535161,0.0,0.0021454112038140644,0.012872467222884385,0.96,0.05363528009535161,0.01501787842669845,0.05363528009535161
P00789,Armando Cummings,Panamanian,Defender,Panama,27,2646500,Vancouver Whitecaps,47,1852,0,1,0.01,0.44,12,8,59,44,71,1,0.83,0,0,3.7702127659574467,81.47872340425532,36.1,201.6,31.18723404255319,48.182978723404254,53.182978723404254,47.248936170212765,23.795744680851065,53.04255319148936,0,0.04859611231101512,0.0,0.04859611231101512,0.00048596112311015123,0.021382289416846653,-0.01,0.04859611231101512,0.021868250539956804,0.04859611231101512
P00790,Harold Valenzuela,Panamanian,Defender,Panama,26,1502996,Tauro FC,47,1904,0,0,0.14,0.29000000000000004,11,6,57,72,59,0,0.8257446808510639,0,0,3.825531914893617,82.2595744680851,35.1,199.4,31.121276595744682,39.7,51.725531914893615,39.314893617021276,21.006382978723405,44.87446808510638,0,0.04726890756302521,0.0,0.0,0.00661764705882353,0.013707983193277313,-0.14,0.0,0.020325630252100844,0.0
P00791,Cesar Rojas,Panamanian,Defender,Panama,24,56246131,LAFC,47,1656,0,2,0.05,0.22999999999999998,8,9,63,39,131,3,0.8327659574468085,0,0,3.697872340425532,82.92553191489361,36.1,175.0,29.01063829787234,88.76382978723403,59.99574468085107,89.76595744680851,44.60851063829787,92.30000000000001,1,0.05434782608695652,0.0,0.10869565217391304,0.002717391304347826,0.012499999999999999,-0.05,0.10869565217391304,0.015217391304347825,0.10869565217391304
P00792,Yoel Rodriguez,Panamanian,Defender,Panama,19,7360784,Saprissa,47,1747,2,3,0.13,0.07,9,7,69,59,62,0,0.8191489361702128,0,0,3.4936170212765956,79.35531914893616,36.3,190.2,29.880851063829788,42.206382978723404,54.28297872340426,39.727659574468085,21.74042553191489,45.05531914893617,1,0.05151688609044076,0.10303377218088151,0.15455065827132228,0.006697195191757299,0.003606182026330853,1.87,0.2575844304522038,0.010303377218088152,0.2575844304522038
P00793,Anibal Perez,Panamanian,Midfielder,Panama,28,65029453,New York Red Bulls,47,1674,5,7,0.58,1.86,35,55,45,20,110,25,0.8425531914893617,0,0,4.291489361702128,83.3936170212766,34.9,184.5,90.96170212765956,96.84042553191489,62.80425531914894,94.56808510638298,89.99574468085106,75.97021276595744,1,0.053763440860215055,0.26881720430107525,0.3763440860215054,0.03118279569892473,0.1,4.42,0.6451612903225806,0.13118279569892474,0.6451612903225806
P00794,Jose Gomez,Panamanian,Midfielder,Panama,26,27227082,Tauro FC,47,1600,2,4,0.88,1.36,24,54,26,19,76,14,0.8557446808510638,0,0,4.131914893617021,85.46808510638297,36.3,190.7,79.94893617021276,88.5,59.58510638297872,83.72978723404256,82.51914893617021,67.7063829787234,1,0.05625,0.1125,0.225,0.0495,0.07650000000000001,1.12,0.3375,0.126,0.3375
P00795,Michael Gonzalez,Panamanian,Midfielder,Panama,28,21025701,Atlanta United,47,1370,5,2,0.83,1.27,15,29,42,23,64,7,0.8361702127659574,0,0,3.1702127659574466,81.9063829787234,35.9,161.9,61.829787234042556,71.34042553191489,59.16595744680851,65.56382978723404,59.797872340425535,56.725531914893615,0,0.06569343065693431,0.3284671532846716,0.13138686131386862,0.05452554744525547,0.08343065693430657,4.17,0.4598540145985402,0.13795620437956205,0.4598540145985402
P00796,Eric Ortiz,Panamanian,Midfielder,Panama,24,2420957,Inter Miami,47,2067,6,3,0.46,1.24,15,34,47,36,71,8,0.8523404255319149,0,0,3.8957446808510636,81.75744680851064,35.8,239.4,45.00212765957447,48.51702127659575,55.59787234042553,46.889361702127665,41.02553191489362,38.34893617021277,1,0.04354136429608128,0.2612481857764877,0.13062409288824384,0.02002902757619739,0.05399129172714078,5.54,0.3918722786647315,0.07402031930333818,0.3918722786647315
P00797,Abdiel Sanchez,Panamanian,Midfielder,Panama,31,14047337,Club America,47,1818,2,3,0.37,1.1300000000000001,15,39,38,26,99,6,0.8474468085106382,0,0,4.195744680851064,79.73617021276596,36.3,220.3,67.04468085106383,69.61276595744681,57.702127659574465,62.329787234042556,60.71702127659574,53.39148936170213,1,0.04950495049504951,0.09900990099009901,0.14851485148514854,0.018316831683168316,0.05594059405940595,1.63,0.24752475247524755,0.07425742574257427,0.24752475247524755
P00798,Armando Torres,Panamanian,Midfielder,Panama,23,5410952,Alajuelense,47,1927,2,2,0.4,0.88,14,32,43,42,44,4,0.8468085106382978,0,0,3.9468085106382977,80.87446808510639,35.5,234.3,39.71063829787234,43.191489361702125,53.08085106382979,39.225531914893615,36.89148936170213,33.07234042553192,1,0.0467047223663726,0.0934094447327452,0.0934094447327452,0.01868188894654904,0.04110015568240789,1.6,0.1868188894654904,0.059782044628956935,0.1868188894654904
P00799,Harold Brown,Panamanian,Midfielder,Panama,27,18011399,Guadalajara,47,2020,2,5,1.33,2.8000000000000003,30,52,40,36,86,11,0.843404255319149,0,0,4.276595744680851,83.21914893617021,37.0,248.20000000000002,64.62765957446808,69.58723404255319,58.34255319148936,66.73829787234042,58.37021276595745,51.96808510638298,0,0.04455445544554455,0.0891089108910891,0.22277227722772275,0.059257425742574255,0.12475247524752475,0.6699999999999999,0.3118811881188118,0.184009900990099,0.3118811881188118
P00800,Cesar Rodriguez,Panamanian,Midfielder,Panama,32,81123533,Cruz Azul,47,2371,8,10,1.67,3.0300000000000002,35,69,59,43,160,13,0.8491489361702128,0,0,4.753191489361702,86.35106382978724,36.4,284.8,80.7936170212766,88.2595744680851,54.09574468085106,80.9063829787234,77.92127659574469,66.87659574468084,1,0.03795866722901729,0.30366933783213834,0.37958667229017296,0.06339097427245888,0.1150147617039224,6.33,0.6832560101223113,0.17840573597638126,0.6832560101223113
P00801,Anibal Sanchez,Panamanian,Forward,Panama,26,121153649,Cruz Azul,47,1697,10,12,2.65,4.91,84,36,11,10,59,47,0.7706382978723404,0,0,4.31063829787234,86.97872340425532,37.0,184.4,92.57659574468086,98.02127659574468,58.38297872340426,94.61914893617022,97.59361702127659,24.678723404255322,2,0.05303476723629935,0.5303476723629935,0.6364172068355922,0.14054213317619327,0.26040070713022984,7.35,1.1667648791985856,0.40094284030642313,1.1667648791985856
P00802,Jose Torres,Panamanian,Forward,Panama,34,22783760,Cruz Azul,47,1629,6,3,1.57,1.76,49,21,11,3,37,16,0.772127659574468,0,0,4.187234042553191,83.83191489361703,35.7,180.79999999999998,66.32765957446809,70.25744680851064,58.255319148936174,65.45744680851064,72.76595744680851,23.076595744680848,2,0.055248618784530384,0.3314917127071823,0.16574585635359115,0.0867403314917127,0.09723756906077348,4.43,0.49723756906077343,0.1839779005524862,0.49723756906077343
P00803,Michael Brown,Panamanian,Forward,Panama,20,17240790,Club America,47,1761,9,7,2.52,3.59,49,30,17,3,40,16,0.764468085106383,0,0,3.774468085106383,83.41489361702128,36.4,186.5,64.25744680851064,70.27659574468085,59.259574468085106,68.98510638297873,71.1,23.821276595744678,2,0.05110732538330494,0.45996592844974443,0.3577512776831346,0.12879045996592844,0.18347529812606472,6.48,0.817717206132879,0.3122657580919932,0.817717206132879
P00804,Eric Rodriguez,Panamanian,Forward,Panama,29,45114742,LA Galaxy,47,2014,15,5,2.15,2.06,71,44,24,5,58,45,0.772127659574468,0,0,4.776595744680851,84.97021276595744,36.6,217.8,82.80425531914894,89.54468085106383,57.740425531914894,83.92340425531916,89.6404255319149,24.912765957446812,2,0.044687189672293945,0.6703078450844092,0.22343594836146974,0.09607745779543198,0.09205561072492553,12.85,0.893743793445879,0.1881330685203575,0.893743793445879
P00805,Abdiel Davis,Panamanian,Forward,Panama,31,12610482,LA Galaxy,47,1555,3,1,1.4600000000000002,0.97,37,20,10,5,15,8,0.7799999999999999,0,0,3.2148936170212763,79.83617021276596,36.1,169.7,39.93617021276596,41.84893617021277,53.5,40.797872340425535,42.6,23.619148936170212,1,0.05787781350482315,0.17363344051446944,0.05787781350482315,0.08450160771704181,0.056141479099678454,1.5399999999999998,0.2315112540192926,0.14064308681672028,0.2315112540192926
P00806,Armando Cooper,Panamanian,Forward,Panama,27,10194051,Inter Miami,47,2179,9,5,2.68,1.08,36,29,18,11,34,14,0.7706382978723404,0,0,4.242553191489362,81.84255319148936,37.0,246.9,46.174468085106376,47.5,53.82127659574468,46.182978723404254,51.32340425531915,24.093617021276597,1,0.04130335016062414,0.3717301514456173,0.2065167508031207,0.11069297843047271,0.04460761817347408,6.32,0.578246902248738,0.1553005966039468,0.578246902248738
P00807,Daichi Kubo,Japanese,Goalkeeper,Japan,24,16748378,Persepolis,36,755,0,0,0.0,0.0,0,5,0,6,19,1,0.7138888888888889,36,1,1.6638888888888888,77.9,32.4,66.7,34.67777777777778,71.44444444444444,59.63055555555555,65.17500000000001,10.238888888888889,79.225,0,0.11920529801324503,0.0,0.0,0.0,0.0,0.0,0.0,0.0,0.0
P00808,Takefusa Endo,Japanese,Goalkeeper,Japan,29,1641172,Kawasaki Frontale,36,1221,0,0,0.0,0.0,0,10,0,6,34,0,0.7141666666666667,46,7,2.7,81.01111111111112,31.0,112.6,24.830555555555556,47.025000000000006,52.37777777777777,45.15555555555555,11.524999999999999,55.419444444444444,0,0.07371007371007371,0.0,0.0,0.0,0.0,0.0,0.0,0.0,0.0
P00809,Kaoru Kamada,Japanese,Goalkeeper,Japan,33,16497986,Yokohama F. Marinos,36,763,0,0,0.0,0.0,0,2,0,6,18,1,0.701111111111111,25,4,1.6722222222222223,77.14722222222223,31.7,68.9,34.144444444444446,71.44166666666666,59.294444444444444,69.0,10.430555555555555,78.76944444444445,0,0.11795543905635648,0.0,0.0,0.0,0.0,0.0,0.0,0.0,0.0
P00810,Daichi Doan,Japanese,Defender,Japan,28,10590476,Western Sydney Wanderers,36,1188,0,0,0.04,0.14,7,8,47,24,67,0,0.8044444444444445,0,0,3.5999999999999996,85.18055555555556,36.1,129.5,31.283333333333335,71.59166666666667,58.50555555555555,62.42222222222222,35.34166666666667,75.42500000000001,0,0.07575757575757576,0.0,0.0,0.0030303030303030303,0.010606060606060607,-0.04,0.0,0.013636363636363637,0.0
P00811,Takefusa Tanaka,Japanese,Defender,Japan,18,15931408,Sydney FC,36,1501,0,2,0.1,0.27999999999999997,9,12,43,41,92,1,0.8225,0,0,4.552777777777778,83.71944444444445,35.7,155.4,34.77222222222222,71.78611111111111,55.37222222222223,68.24722222222222,33.56944444444444,73.15277777777777,0,0.05996002664890073,0.0,0.11992005329780146,0.005996002664890074,0.016788807461692205,-0.1,0.11992005329780146,0.02278481012658228,0.11992005329780146
P00812,Kaoru Yoshida,Japanese,Defender,Japan,28,61680994,Kawasaki Frontale,36,1617,1,3,0.03,0.24000000000000002,5,13,56,46,143,0,0.7972222222222222,0,0,4.716666666666667,87.32499999999999,36.1,171.6,31.002777777777776,96.54166666666667,61.32777777777778,94.55000000000001,56.49722222222223,97.80277777777778,2,0.055658627087198514,0.055658627087198514,0.16697588126159554,0.0016697588126159553,0.013358070500927645,0.97,0.22263450834879406,0.0150278293135436,0.22263450834879406
P00813,Wataru Itakura,Japanese,Defender,Japan,28,13971867,Jeonbuk Hyundai,36,974,0,2,0.0,0.07,7,8,35,29,61,0,0.8125,0,0,3.2416666666666667,79.46388888888889,35.6,99.5,32.84166666666667,71.28611111111111,60.15277777777778,69.11944444444445,35.083333333333336,76.48611111111111,0,0.09240246406570841,0.0,0.18480492813141683,0.0,0.00646817248459959,0.0,0.18480492813141683,0.00646817248459959,0.18480492813141683
P00814,Ritsu Ito,Japanese,Defender,Japan,24,4329214,Esteghlal,36,1616,1,0,0.15,0.07,10,8,63,52,43,0,0.8233333333333334,0,0,4.177777777777778,78.9,36.5,173.1,30.047222222222224,40.98888888888889,49.71666666666667,38.43055555555556,23.322222222222223,44.73888888888889,0,0.055693069306930694,0.055693069306930694,0.0,0.008353960396039604,0.003898514851485149,0.85,0.055693069306930694,0.012252475247524753,0.055693069306930694
P00815,Junya Furuhashi,Japanese,Defender,Japan,28,22487898,Al-Nassr,36,1386,0,2,0.07,0.5,11,11,49,37,118,0,0.8141666666666666,0,0,4.372222222222223,82.40833333333333,36.4,148.3,29.84444444444445,95.9,61.10555555555556,95.71388888888889,62.56666666666667,98.33888888888889,0,0.06493506493506493,0.0,0.12987012987012986,0.004545454545454545,0.032467532467532464,-0.07,0.12987012987012986,0.03701298701298701,0.12987012987012986
P00816,Ao Mori,Japanese,Defender,Japan,25,2700538,Melbourne City,36,1097,1,1,0.0,0.05,6,1,48,32,31,0,0.805,0,0,3.125,79.25,37.0,120.5,32.81666666666667,42.61944444444444,50.43055555555556,41.47222222222222,20.730555555555558,46.455555555555556,0,0.0820419325432999,0.0820419325432999,0.0820419325432999,0.0,0.004102096627164996,1.0,0.1640838650865998,0.004102096627164996,0.1640838650865998
P00817,Ayase Suzuki,Japanese,Defender,Japan,22,4029123,Yokohama F. Marinos,36,1606,0,1,0.14,0.12000000000000001,9,8,48,49,69,0,0.8005555555555556,0,0,4.105555555555556,80.78611111111111,35.0,176.9,29.897222222222222,48.05277777777778,51.03055555555555,45.702777777777776,23.258333333333333,53.17777777777778,0,0.05603985056039851,0.0,0.05603985056039851,0.007845579078455792,0.006724782067247821,-0.14,0.05603985056039851,0.014570361145703613,0.05603985056039851
P00818,Hiroki Ogawa,Japanese,Defender,Japan,33,33369089,Ulsan HD,36,1746,2,0,0.09,0.28,9,10,60,49,124,1,0.8305555555555555,0,0,5.013888888888889,85.55833333333334,35.8,179.3,32.25277777777777,89.24722222222222,57.96666666666667,80.42777777777778,47.705555555555556,92.35,1,0.05154639175257732,0.10309278350515463,0.0,0.004639175257731959,0.01443298969072165,1.91,0.10309278350515463,0.01907216494845361,0.10309278350515463
P00819,Daichi Asano,Japanese,Midfielder,Japan,26,5075227,Pohang Steelers,36,1275,3,3,0.14,0.44,11,13,33,22,40,3,0.8424999999999999,0,0,3.4944444444444445,83.42777777777778,37.0,147.2,40.18055555555556,41.31388888888889,48.07222222222222,38.7,36.11388888888889,33.99444444444444,0,0.07058823529411765,0.21176470588235294,0.21176470588235294,0.00988235294117647,0.031058823529411764,2.86,0.4235294117647059,0.04094117647058823,0.4235294117647059
P00820,Takefusa Hatate,Japanese,Midfielder,Japan,27,3853327,Kawasaki Frontale,36,948,2,4,0.07,0.6000000000000001,6,16,25,16,27,4,0.8588888888888888,0,0,2.761111111111111,76.57499999999999,34.9,112.2,41.56666666666667,49.22222222222222,55.28611111111111,49.041666666666664,39.93333333333333,37.40555555555555,1,0.0949367088607595,0.189873417721519,0.379746835443038,0.006645569620253165,0.05696202531645571,1.93,0.569620253164557,0.06360759493670887,0.569620253164557
P00821,Kaoru Machida,Japanese,Midfielder,Japan,29,14835645,Urawa Red Diamonds,36,1382,2,3,0.49,0.46,17,35,33,19,58,4,0.8416666666666667,0,0,3.8666666666666663,81.96944444444445,37.0,167.9,62.01111111111111,67.86944444444445,54.68333333333334,64.25277777777778,60.824999999999996,55.166666666666664,1,0.06512301013024602,0.13024602026049203,0.19536903039073805,0.03191027496382055,0.02995658465991317,1.51,0.3256150506512301,0.061866859623733714,0.3256150506512301
P00822,Wataru Ueda,Japanese,Midfielder,Japan,31,15705102,Kawasaki Frontale,36,1116,0,3,0.34,0.66,14,30,21,28,51,3,0.8544444444444445,0,0,3.5277777777777777,82.0611111111111,35.6,141.4,64.13888888888889,69.79722222222222,58.67222222222222,68.09444444444445,58.61944444444445,56.59166666666667,0,0.08064516129032258,0.0,0.24193548387096775,0.027419354838709678,0.05322580645161291,-0.34,0.24193548387096775,0.08064516129032259,0.24193548387096775
P00823,Ritsu Hashioka,Japanese,Midfielder,Japan,28,12135137,Sydney FC,36,1008,1,0,0.18,1.35,14,32,18,20,44,5,0.8638888888888889,0,0,4.083333333333333,82.69444444444444,37.0,122.3,66.11388888888888,68.96944444444445,59.358333333333334,65.05000000000001,59.574999999999996,53.44166666666667,0,0.08928571428571429,0.08928571428571429,0.0,0.01607142857142857,0.1205357142857143,0.8200000000000001,0.08928571428571429,0.13660714285714287,0.08928571428571429
P00824,Junya Nakano,Japanese,Midfielder,Japan,28,61618971,Jeonbuk Hyundai,36,1745,2,7,1.2000000000000002,1.18,35,41,56,32,95,20,0.8505555555555556,0,0,5.230555555555556,87.86944444444445,37.0,202.1,81.67777777777778,88.11944444444445,60.13611111111111,85.75833333333334,76.75277777777778,74.08888888888889,2,0.05157593123209169,0.10315186246418338,0.36103151862464183,0.06189111747851004,0.06085959885386819,0.7999999999999998,0.46418338108882523,0.12275071633237823,0.46418338108882523
P00825,Ao Shiotani,Japanese,Midfielder,Japan,23,2217869,Melbourne City,36,1051,0,0,0.35000000000000003,0.99,8,8,25,20,25,5,0.8538888888888889,0,0,3.086111111111111,80.26388888888889,37.0,124.4,38.25555555555556,42.125,55.69722222222222,37.391666666666666,36.5,33.077777777777776,0,0.08563273073263558,0.0,0.0,0.029971455756422457,0.08477640342530922,-0.35000000000000003,0.0,0.11474785918173168,0.0
P00826,Ayase Kubo,Japanese,Midfielder,Japan,25,10169896,Esteghlal,36,1737,3,6,0.35,1.72,34,36,36,27,88,13,0.8527777777777777,0,0,4.941666666666666,83.65277777777777,36.8,205.8,67.65,71.44999999999999,57.833333333333336,66.06944444444444,60.3138888888889,56.09722222222222,2,0.05181347150259067,0.15544041450777202,0.31088082901554404,0.018134715025906734,0.08911917098445594,2.65,0.46632124352331605,0.10725388601036268,0.46632124352331605
P00827,Daichi Hashioka,Japanese,Forward,Japan,32,46910153,Pakhtakor,36,1855,9,1,1.83,1.06,59,42,14,8,68,25,0.7825000000000001,0,0,5.511111111111111,84.22777777777777,37.0,204.5,75.51111111111112,89.79166666666667,60.53611111111112,81.23611111111111,88.20555555555556,26.09722222222222,1,0.04851752021563342,0.4366576819407008,0.04851752021563342,0.08878706199460916,0.05142857142857143,7.17,0.48517520215633425,0.14021563342318058,0.48517520215633425
P00828,Takefusa Nakano,Japanese,Forward,Japan,29,5063245,Kawasaki Frontale,36,1480,5,3,0.9,1.4,31,10,15,5,28,11,0.7755555555555556,0,0,4.047222222222222,81.48611111111111,35.8,166.0,45.08611111111111,50.36666666666667,53.40277777777778,47.30833333333333,49.230555555555554,25.158333333333335,2,0.060810810810810814,0.30405405405405406,0.18243243243243246,0.05472972972972973,0.08513513513513514,4.1,0.4864864864864865,0.13986486486486488,0.4864864864864865
P00829,Kaoru Shiotani,Japanese,Forward,Japan,29,13869063,Al-Ittihad,36,1368,3,4,1.78,1.27,43,23,10,4,30,15,0.7897222222222222,0,0,4.222222222222222,83.01666666666667,37.0,153.5,62.84444444444445,68.61388888888888,58.17777777777778,67.01666666666667,71.71111111111111,23.594444444444445,2,0.06578947368421052,0.19736842105263158,0.2631578947368421,0.11710526315789473,0.08355263157894736,1.22,0.4605263157894737,0.2006578947368421,0.4605263157894737
P00830,Wataru Kubo,Japanese,Forward,Japan,28,25035151,Bunyodkor,36,1140,3,4,1.4500000000000002,0.58,39,25,10,7,22,15,0.7691666666666667,0,0,3.9500000000000006,83.64166666666667,34.6,122.4,66.39722222222223,70.29722222222222,61.65277777777778,64.48611111111111,70.67777777777778,25.50277777777778,1,0.07894736842105263,0.23684210526315788,0.3157894736842105,0.11447368421052632,0.04578947368421052,1.5499999999999998,0.5526315789473684,0.16026315789473683,0.5526315789473684
P00831,Ritsu Endo,Japanese,Forward,Japan,28,30599047,Al-Sadd,36,1248,7,4,2.85,0.8,41,23,9,6,25,20,0.7583333333333333,0,0,3.125,81.28888888888889,37.0,134.6,63.358333333333334,70.88333333333334,56.96111111111111,62.31666666666667,73.15555555555555,27.408333333333335,1,0.07211538461538461,0.5048076923076923,0.28846153846153844,0.20552884615384615,0.05769230769230769,4.15,0.7932692307692307,0.26322115384615385,0.7932692307692307
P00832,Junya Kamada,Japanese,Forward,Japan,21,7289620,Melbourne City,36,1220,4,1,0.78,0.30000000000000004,16,7,10,7,16,9,0.7647222222222223,0,0,3.0999999999999996,79.69166666666666,37.0,137.8,35.53333333333333,42.13055555555556,51.208333333333336,39.84722222222222,44.03611111111111,22.788888888888888,0,0.07377049180327869,0.29508196721311475,0.07377049180327869,0.05754098360655738,0.02213114754098361,3.2199999999999998,0.3688524590163934,0.07967213114754099,0.3688524590163934
P00833,Son Hwang,South Korean,Goalkeeper,South Korea,30,7601057,Persepolis,34,1029,0,1,0.0,0.0,0,3,0,5,11,0,0.7188235294117648,53,4,2.326470588235294,83.38235294117646,33.6,96.1,30.914705882352937,74.08529411764707,60.129411764705885,62.705882352941174,10.220588235294118,78.3529411764706,0,0.08746355685131195,0.0,0.08746355685131195,0.0,0.0,0.0,0.08746355685131195,0.0,0.08746355685131195
P00834,Hee-chan Hwang,South Korean,Goalkeeper,South Korea,31,4367709,Al-Ahli,34,762,0,0,0.0,0.0,0,3,0,3,6,1,0.726764705882353,37,2,2.0058823529411764,81.00882352941177,30.8,70.7,31.461764705882356,70.78529411764706,54.97941176470588,68.06764705882354,10.976470588235294,79.13529411764705,0,0.11811023622047244,0.0,0.0,0.0,0.0,0.0,0.0,0.0,0.0
P00835,Min-jae Son,South Korean,Goalkeeper,South Korea,28,5585570,Pohang Steelers,34,774,0,0,0.0,0.0,0,0,0,3,20,1,0.7000000000000001,33,1,1.8147058823529412,77.93235294117646,31.1,77.5,31.738235294117644,70.01764705882353,58.300000000000004,68.30588235294118,9.923529411764704,76.66176470588235,0,0.11627906976744186,0.0,0.0,0.0,0.0,0.0,0.0,0.0,0.0
P00836,Son Lee,South Korean,Defender,South Korea,25,31503888,Urawa Red Diamonds,34,1489,1,2,0.03,0.12,7,14,59,57,107,0,0.8255882352941176,0,0,4.358823529411764,84.91764705882352,36.8,163.0,29.81764705882353,91.63823529411764,60.099999999999994,83.33235294117648,43.19705882352941,93.61176470588236,1,0.06044325050369376,0.06044325050369376,0.12088650100738751,0.0018132975151108127,0.007253190060443251,0.97,0.18132975151108127,0.009066487575554064,0.18132975151108127
P00837,Hee-chan Hwang,South Korean,Defender,South Korea,28,4928691,Pohang Steelers,34,1189,0,1,0.0,0.030000000000000002,5,5,44,33,38,2,0.8241176470588235,0,0,2.9588235294117644,78.12647058823529,36.7,120.2,31.341176470588238,41.273529411764706,50.20882352941176,40.03823529411765,20.77058823529412,45.74411764705882,0,0.07569386038687972,0.0,0.07569386038687972,0.0,0.0022708158116063917,0.0,0.07569386038687972,0.0022708158116063917,0.07569386038687972
P00838,Min-jae Kim,South Korean,Defender,South Korea,25,2197320,Bunyodkor,34,1084,2,1,0.01,0.05,9,3,44,29,36,0,0.8085294117647058,0,0,3.3794117647058823,81.47941176470589,37.0,112.7,32.84411764705882,42.73529411764706,53.529411764705884,39.24411764705882,20.40294117647059,44.41470588235294,1,0.08302583025830258,0.16605166051660517,0.08302583025830258,0.0008302583025830259,0.004151291512915129,1.99,0.24907749077490776,0.004981549815498155,0.24907749077490776
P00839,Jae-sung Park,South Korean,Defender,South Korea,30,2156079,Yokohama F. Marinos,34,1462,2,0,0.05,0.17,9,6,46,54,49,0,0.8241176470588235,0,0,3.7764705882352945,80.38235294117646,36.0,147.9,29.655882352941177,42.41470588235294,56.338235294117645,39.09705882352941,19.83235294117647,46.11470588235294,1,0.06155950752393981,0.12311901504787962,0.0,0.0030779753761969904,0.010465116279069767,1.95,0.12311901504787962,0.013543091655266758,0.12311901504787962
P00840,In-beom Jung,South Korean,Defender,South Korea,26,3530364,Western Sydney Wanderers,34,1369,1,2,0.09999999999999999,0.16,9,7,50,52,47,0,0.8105882352941176,0,0,3.394117647058824,81.04117647058824,37.0,150.5,31.40294117647059,41.04117647058824,54.99411764705882,39.21176470588235,21.04705882352941,46.96470588235294,1,0.06574141709276844,0.06574141709276844,0.13148283418553688,0.006574141709276843,0.010518626734842952,0.9,0.19722425127830534,0.017092768444119794,0.19722425127830534
P00841,Hwang Oh,South Korean,Defender,South Korea,27,1404350,Al-Hilal,34,1154,0,3,0.01,0.030000000000000002,6,3,40,35,44,1,0.8297058823529412,0,0,3.644117647058824,81.35000000000001,36.8,124.1,28.529411764705884,47.69411764705882,50.002941176470586,44.65294117647059,25.099999999999998,52.76470588235294,0,0.0779896013864818,0.0,0.23396880415944538,0.000779896013864818,0.002339688041594454,-0.01,0.23396880415944538,0.003119584055459272,0.23396880415944538
P00842,Woo-young Na,South Korean,Defender,South Korea,22,2855220,Erbil SC,34,1132,1,1,0.14,0.1,7,6,35,29,49,0,0.803235294117647,0,0,2.9529411764705884,82.18235294117646,36.4,125.89999999999999,29.126470588235293,48.53235294117647,54.36470588235294,45.41764705882353,24.444117647058825,51.86470588235294,0,0.07950530035335689,0.07950530035335689,0.07950530035335689,0.011130742049469965,0.007950530035335688,0.86,0.15901060070671377,0.019081272084805652,0.15901060070671377
P00843,Young-woo Jeong,South Korean,Defender,South Korea,28,19338949,Al-Nassr,34,1437,0,2,0.39,0.31,13,10,45,36,94,0,0.8188235294117647,0,0,4.097058823529412,82.58823529411765,36.4,153.9,28.811764705882354,70.44117647058823,52.01470588235294,67.5529411764706,31.529411764705884,73.28235294117647,1,0.06263048016701461,0.0,0.12526096033402923,0.0244258872651357,0.01941544885177453,-0.39,0.12526096033402923,0.043841336116910226,0.12526096033402923
P00844,Seung-gyu Lee,South Korean,Defender,South Korea,25,9845449,Pohang Steelers,34,1403,0,2,0.060000000000000005,0.16,7,6,52,40,57,0,0.8185294117647058,0,0,4.035294117647059,81.04117647058824,34.5,143.9,31.208823529411763,50.358823529411765,49.70882352941176,48.5,25.808823529411764,52.161764705882355,0,0.06414825374198146,0.0,0.12829650748396293,0.003848895224518888,0.010263720598717035,-0.060000000000000005,0.12829650748396293,0.014112615823235922,0.12829650748396293
P00845,Son Hong,South Korean,Midfielder,South Korea,26,96137728,Al-Ittihad,34,1343,3,3,0.43,1.1,31,55,37,20,89,14,0.8529411764705882,0,0,4.882352941176471,85.97058823529412,37.0,165.8,91.55588235294118,97.88235294117646,58.89411764705883,94.25588235294117,88.28823529411765,78.82352941176471,1,0.06701414743112435,0.20104244229337306,0.20104244229337306,0.028816083395383472,0.07371556217423679,2.57,0.4020848845867461,0.10253164556962026,0.4020848845867461
P00846,Hee-chan Kwon,South Korean,Midfielder,South Korea,27,1465140,Bunyodkor,34,1181,0,2,0.37,1.11,6,17,27,21,31,6,0.8673529411764705,0,0,3.623529411764706,81.74411764705883,35.5,140.2,39.991176470588236,40.88823529411765,54.66470588235294,39.94411764705882,37.09117647058823,32.550000000000004,0,0.07620660457239628,0.0,0.15241320914479256,0.028196443691786623,0.08458933107535987,-0.37,0.15241320914479256,0.11278577476714649,0.15241320914479256
P00847,Min-jae Song,South Korean,Midfielder,South Korea,18,4224877,Al-Duhail,34,1747,1,6,0.44,0.54,12,22,41,12,52,4,0.8502941176470589,0,0,4.088235294117647,82.35588235294118,36.0,205.8,46.15588235294118,50.182352941176475,57.588235294117645,43.05882352941177,40.55882352941177,38.36470588235294,2,0.05151688609044076,0.05151688609044076,0.30910131654264456,0.02266742987979393,0.027819118488838012,0.56,0.3606182026330853,0.050486548368631944,0.3606182026330853
P00848,Jae-sung Yang,South Korean,Midfielder,South Korea,25,5192616,Al-Nassr,34,902,1,1,0.05,0.57,8,12,22,17,22,1,0.8567647058823529,0,0,3.135294117647059,81.08235294117648,36.2,109.0,39.67941176470588,41.4264705882353,51.491176470588236,38.752941176470586,34.45294117647059,32.45294117647059,1,0.09977827050997783,0.09977827050997783,0.09977827050997783,0.004988913525498892,0.05687361419068736,0.95,0.19955654101995565,0.06186252771618625,0.19955654101995565
P00849,In-beom Seol,South Korean,Midfielder,South Korea,26,48839443,Bunyodkor,34,1415,1,3,0.35000000000000003,1.61,31,51,33,20,74,17,0.8270588235294118,0,0,4.138235294117647,84.01764705882353,35.6,162.9,84.9735294117647,90.32058823529412,60.74117647058823,84.22058823529412,78.78529411764706,69.54117647058824,1,0.0636042402826855,0.0636042402826855,0.1908127208480565,0.02226148409893993,0.10240282685512367,0.6499999999999999,0.254416961130742,0.1246643109540636,0.254416961130742
P00850,Hwang Choi,South Korean,Midfielder,South Korea,27,95444127,Kawasaki Frontale,34,1337,1,2,1.43,1.4,25,36,39,19,79,12,0.8423529411764706,0,0,4.5058823529411764,83.34411764705882,36.7,170.0,78.45,86.57058823529412,53.91470588235294,81.81470588235294,74.62647058823529,69.20588235294117,1,0.06731488406881077,0.06731488406881077,0.13462976813762154,0.0962602842183994,0.09424083769633507,-0.42999999999999994,0.20194465220643232,0.19050112191473445,0.20194465220643232
P00851,Woo-young Ji,South Korean,Midfielder,South Korea,25,2923477,Al-Ahli,34,1169,0,3,0.24000000000000002,0.54,7,18,21,16,41,1,0.8473529411764705,0,0,3.6205882352941177,81.90588235294118,37.0,133.9,45.008823529411764,46.51470588235294,56.07941176470588,45.21764705882353,40.37647058823529,37.805882352941175,0,0.07698887938408897,0.0,0.2309666381522669,0.018477331052181353,0.041573994867408044,-0.24000000000000002,0.2309666381522669,0.06005132591958939,0.2309666381522669
P00852,Young-woo Hwang,South Korean,Midfielder,South Korea,25,33531434,Al-Hilal,34,1015,1,1,0.08,1.23,8,27,30,16,37,4,0.8685294117647059,0,0,3.0411764705882356,82.59705882352942,36.2,121.4,65.30588235294118,69.04117647058824,58.6764705882353,64.06764705882354,57.58235294117647,54.19705882352941,0,0.08866995073891626,0.08866995073891626,0.08866995073891626,0.007093596059113301,0.109064039408867,0.92,0.17733990147783252,0.1161576354679803,0.17733990147783252
P00853,Son Seol,South Korean,Forward,South Korea,34,3296454,Al-Sadd,34,1250,2,2,0.33,0.11,24,9,11,11,16,5,0.806470588235294,0,0,3.326470588235294,82.76470588235294,36.5,133.2,41.44411764705882,42.529411764705884,55.80294117647059,39.85588235294117,43.21176470588235,27.976470588235294,1,0.072,0.144,0.144,0.02376,0.00792,1.67,0.288,0.03168,0.288
P00854,Hee-chan Choi,South Korean,Forward,South Korea,29,2752104,Urawa Red Diamonds,34,1304,4,3,1.01,0.6,33,12,14,7,20,8,0.7717647058823529,0,0,3.8882352941176466,80.3529411764706,35.7,139.0,46.10294117647059,47.758823529411764,56.52058823529412,48.13823529411765,47.13823529411765,25.90294117647059,1,0.06901840490797546,0.27607361963190186,0.2070552147239264,0.06970858895705521,0.04141104294478528,2.99,0.48312883435582826,0.11111963190184049,0.48312883435582826
P00855,Min-jae Ji,South Korean,Forward,South Korea,25,25300729,Al-Nassr,34,1130,6,7,0.62,0.89,34,21,9,3,31,32,0.7926470588235294,0,0,3.432352941176471,82.30588235294118,36.7,121.5,83.47058823529412,90.8529411764706,60.61764705882353,86.07352941176471,86.25,25.720588235294116,2,0.07964601769911504,0.47787610619469023,0.5575221238938053,0.049380530973451325,0.07088495575221239,5.38,1.0353982300884956,0.12026548672566371,1.0353982300884956
P00856,Jae-sung Hwang,South Korean,Forward,South Korea,19,14730715,Al-Nassr,34,1170,4,3,0.91,1.88,33,27,13,3,29,16,0.7858823529411765,0,0,3.4647058823529413,82.35588235294118,35.8,126.10000000000001,61.26176470588236,69.49411764705883,57.911764705882355,65.19117647058823,72.20588235294117,23.09705882352941,1,0.07692307692307693,0.3076923076923077,0.23076923076923078,0.07,0.14461538461538462,3.09,0.5384615384615385,0.21461538461538462,0.5384615384615385
P00857,In-beom Hwang,South Korean,Forward,South Korea,24,29418358,Esteghlal,34,1169,5,3,2.27,0.5900000000000001,28,20,8,5,30,13,0.7776470588235295,0,0,3.514705882352941,80.33235294117648,36.8,125.39999999999999,63.779411764705884,67.5764705882353,57.75588235294118,67.18823529411765,73.87941176470588,23.15294117647059,1,0.07698887938408897,0.3849443969204448,0.2309666381522669,0.17476475620188195,0.0454234388366125,2.73,0.6159110350727117,0.22018819503849446,0.6159110350727117
P00858,Hwang Son,South Korean,Forward,South Korea,30,8617782,Al-Duhail,34,1567,2,5,1.45,0.9199999999999999,32,21,14,12,22,6,0.7676470588235295,0,0,4.238235294117647,81.6029411764706,36.6,179.7,46.997058823529414,47.38529411764706,57.182352941176475,45.42058823529412,51.294117647058826,22.21764705882353,2,0.0574345883854499,0.1148691767708998,0.2871729419272495,0.08328015315890236,0.052839821314613906,0.55,0.4020421186981493,0.13611997447351626,0.4020421186981493
P00859,Mehdi Azmoun,Iranian,Goalkeeper,Iran,30,8287931,Pohang Steelers,38,1505,0,0,0.0,0.0,0,8,0,10,41,0,0.7323684210526316,59,8,3.1789473684210527,80.88421052631578,32.3,142.5,30.400000000000002,69.96315789473684,54.1921052631579,68.88684210526316,9.513157894736842,81.03684210526316,0,0.059800664451827246,0.0,0.0,0.0,0.0,0.0,0.0,0.0,0.0
P00860,Sardar Ghoddos,Iranian,Goalkeeper,Iran,24,13254154,Urawa Red Diamonds,38,612,0,0,0.0,0.0,0,2,0,4,18,1,0.7244736842105264,33,2,1.2473684210526315,80.0657894736842,30.3,54.3,29.70263157894737,70.98947368421052,54.01578947368421,64.10000000000001,11.105263157894736,80.15263157894738,0,0.14705882352941177,0.0,0.0,0.0,0.0,0.0,0.0,0.0,0.0
P00861,Alireza Hosseini,Iranian,Goalkeeper,Iran,35,3954425,Al-Nassr,38,839,0,0,0.0,0.0,0,3,0,8,17,2,0.7039473684210527,32,1,1.6947368421052633,80.05526315789473,31.5,79.0,29.805263157894736,43.36578947368421,53.363157894736844,38.97105263157895,9.876315789473685,48.300000000000004,0,0.10727056019070322,0.0,0.0,0.0,0.0,0.0,0.0,0.0,0.0
P00862,Mehdi Hajsafi,Iranian,Defender,Iran,25,14912558,Western Sydney Wanderers,38,1489,0,1,0.07,0.24,9,4,60,39,91,0,0.8205263157894737,0,0,3.6473684210526316,82.0421052631579,37.0,157.1,31.04736842105263,72.16842105263159,56.163157894736834,62.821052631578944,37.53157894736842,77.1236842105263,0,0.06044325050369376,0.0,0.06044325050369376,0.004231027535258563,0.014506380120886501,-0.07,0.06044325050369376,0.018737407656145066,0.06044325050369376
P00863,Sardar Ansarifard,Iranian,Defender,Iran,30,4549793,Western Sydney Wanderers,38,1447,1,0,0.10999999999999999,0.21000000000000002,10,10,44,45,53,1,0.8255263157894737,0,0,3.568421052631579,79.0421052631579,37.0,151.6,29.610526315789475,50.26052631578948,53.66052631578947,44.65,23.568421052631578,54.018421052631574,0,0.06219765031098825,0.06219765031098825,0.0,0.006841741534208707,0.013061506565307534,0.89,0.06219765031098825,0.01990324809951624,0.06219765031098825
P00864,Alireza Rezaeian,Iranian,Defender,Iran,26,4465296,Ulsan HD,38,1374,1,0,0.04,0.05,10,5,52,46,59,0,0.8207894736842105,0,0,3.8289473684210527,81.1078947368421,37.0,139.7,29.99473684210526,49.026315789473685,56.526315789473685,42.357894736842105,24.273684210526316,52.794736842105266,0,0.06550218340611354,0.06550218340611354,0.0,0.0026200873362445414,0.003275109170305677,0.96,0.06550218340611354,0.0058951965065502186,0.06550218340611354
P00865,Saman Torabi,Iranian,Defender,Iran,32,50515650,Al-Sadd,38,1640,2,2,0.03,0.18,7,18,58,49,120,1,0.8218421052631579,0,0,4.7973684210526315,86.60263157894737,36.2,173.0,29.218421052631577,97.57631578947368,54.034210526315796,92.07105263157894,57.9421052631579,98.5078947368421,3,0.054878048780487805,0.10975609756097561,0.10975609756097561,0.001646341463414634,0.009878048780487805,1.97,0.21951219512195122,0.011524390243902439,0.21951219512195122
P00866,Hidajat Noorollahi,Iranian,Defender,Iran,23,12572175,Al-Nassr,38,1233,0,1,0.01,0.26,8,8,38,31,72,1,0.8181578947368421,0,0,3.3684210526315788,79.26315789473684,35.2,124.0,28.723684210526315,66.43684210526315,53.402631578947364,68.75526315789473,33.97105263157895,73.98157894736842,0,0.072992700729927,0.0,0.072992700729927,0.00072992700729927,0.01897810218978102,-0.01,0.072992700729927,0.01970802919708029,0.072992700729927
P00867,Ehsan Gholizadeh,Iranian,Defender,Iran,29,36355311,Urawa Red Diamonds,38,1473,0,0,0.03,0.19,5,16,53,50,112,1,0.835,0,0,3.8210526315789473,85.54736842105264,37.0,161.3,29.473684210526315,90.80263157894737,52.242105263157896,83.46315789473684,44.19736842105263,93.46842105263158,0,0.06109979633401222,0.0,0.0,0.0018329938900203664,0.011608961303462322,-0.03,0.0,0.013441955193482688,0.0
P00868,Karim Dejagah,Iranian,Defender,Iran,20,5231940,Esteghlal,38,1244,1,1,0.05,0.07,9,8,42,30,40,0,0.8055263157894736,0,0,3.689473684210526,80.20263157894736,35.9,139.2,28.913157894736845,50.41315789473684,57.397368421052626,43.48421052631579,25.544736842105266,51.77894736842105,0,0.07234726688102894,0.07234726688102894,0.07234726688102894,0.0036173633440514472,0.005064308681672026,0.95,0.14469453376205788,0.008681672025723473,0.14469453376205788
P00869,Morteza Karimi,Iranian,Defender,Iran,28,9355138,Al-Nassr,38,1177,0,3,0.03,0.35,7,6,37,32,80,1,0.8323684210526315,0,0,3.3736842105263154,84.42631578947368,37.0,132.7,31.01842105263158,70.52894736842104,56.99210526315789,67.4421052631579,36.91052631578947,77.70263157894736,0,0.07646559048428207,0.0,0.2293967714528462,0.002293967714528462,0.026762956669498725,-0.03,0.2293967714528462,0.029056924384027186,0.2293967714528462
P00870,Ramin Moharrami,Iranian,Defender,Iran,28,3390937,Al-Duhail,38,1186,0,0,0.0,0.04,6,6,35,28,59,0,0.8026315789473685,0,0,2.8973684210526316,79.07105263157894,34.8,127.6,27.607894736842102,50.42894736842105,55.96052631578947,46.33684210526316,24.489473684210527,51.99473684210526,0,0.07588532883642496,0.0,0.0,0.0,0.0030354131534569982,0.0,0.0,0.0030354131534569982,0.0
P00871,Mehdi Arefi,Iranian,Midfielder,Iran,19,92416847,Urawa Red Diamonds,38,1940,6,10,1.27,1.1800000000000002,31,48,56,38,90,20,0.8463157894736841,0,0,4.826315789473685,85.74736842105263,35.8,224.1,85.28421052631579,88.28157894736842,54.75,79.92105263157895,81.66315789473684,66.97894736842105,3,0.04639175257731959,0.27835051546391754,0.4639175257731959,0.05891752577319588,0.05474226804123712,4.73,0.7422680412371134,0.113659793814433,0.7422680412371134
P00872,Sardar Heydari,Iranian,Midfielder,Iran,32,56074683,Yokohama F. Marinos,38,1681,2,3,0.36,1.8900000000000001,27,46,30,33,109,10,0.8497368421052631,0,0,4.678947368421053,84.6421052631579,37.0,190.3,81.08157894736841,91.93684210526315,53.73947368421052,84.38157894736842,76.64999999999999,70.3736842105263,2,0.05353955978584176,0.10707911957168352,0.16061867935752527,0.019274241522903034,0.10118976799524093,1.6400000000000001,0.2676977989292088,0.12046400951814397,0.2676977989292088
P00873,Alireza Shojaei,Iranian,Midfielder,Iran,26,3137889,Bunyodkor,38,1797,0,2,0.51,1.29,20,13,42,34,51,9,0.8526315789473684,0,0,4.265789473684211,84.53157894736842,36.1,212.8,38.87105263157895,40.699999999999996,53.776315789473685,39.24473684210526,36.81842105263158,32.86052631578948,1,0.05008347245409015,0.0,0.1001669449081803,0.025542570951585977,0.0646076794657763,-0.51,0.1001669449081803,0.09015025041736227,0.1001669449081803
P00874,Saman Abdollahzadeh,Iranian,Midfielder,Iran,18,15880643,Sydney FC,38,1353,1,2,0.72,1.1300000000000001,17,32,26,31,48,2,0.8423684210526315,0,0,3.6131578947368426,81.63947368421053,36.7,169.5,59.4421052631579,67.64736842105263,55.36842105263158,66.27105263157895,61.75789473684211,51.944736842105264,0,0.06651884700665188,0.06651884700665188,0.13303769401330376,0.047893569844789353,0.07516629711751663,0.28,0.19955654101995562,0.12305986696230597,0.19955654101995562
P00875,Hidajat Hazbavi,Iranian,Midfielder,Iran,33,13405470,Sydney FC,38,1472,3,8,0.42000000000000004,2.3,28,48,35,22,90,9,0.8513157894736842,0,0,4.563157894736842,84.71052631578948,35.9,183.9,85.6236842105263,86.82368421052632,59.26052631578948,85.2078947368421,79.28947368421052,67.26315789473684,1,0.06114130434782609,0.18342391304347827,0.4891304347826087,0.02567934782608696,0.140625,2.58,0.6725543478260869,0.16630434782608697,0.6725543478260869
P00876,Ehsan Moradi,Iranian,Midfielder,Iran,18,3491803,Sydney FC,38,1236,1,4,0.76,0.72,11,20,24,15,46,4,0.8434210526315788,0,0,3.236842105263158,79.56052631578947,36.1,138.6,45.602631578947374,49.136842105263156,55.415789473684214,48.252631578947366,39.794736842105266,37.70789473684211,0,0.07281553398058252,0.07281553398058252,0.2912621359223301,0.05533980582524271,0.05242718446601941,0.24,0.36407766990291257,0.10776699029126213,0.36407766990291257
P00877,Karim Nourollahi,Iranian,Midfielder,Iran,26,3577794,Al-Ittihad,38,1075,2,0,0.3,0.8300000000000001,11,23,28,18,42,3,0.8452631578947368,0,0,3.3973684210526316,81.98421052631579,36.4,134.3,44.810526315789474,47.33947368421053,55.694736842105264,48.52894736842105,42.96842105263158,37.49473684210526,0,0.08372093023255814,0.16744186046511628,0.0,0.02511627906976744,0.06948837209302326,1.7,0.16744186046511628,0.09460465116279071,0.16744186046511628
P00878,Morteza Azmoun,Iranian,Midfielder,Iran,36,3784344,Urawa Red Diamonds,38,1433,2,3,0.5,0.98,16,20,37,29,61,3,0.8507894736842104,0,0,3.7473684210526317,82.0657894736842,35.5,176.5,45.507894736842104,48.18684210526315,55.413157894736834,43.73947368421052,41.80263157894737,36.647368421052626,1,0.0628053035589672,0.1256106071179344,0.1884159106769016,0.0314026517794836,0.06154919748778785,1.5,0.31402651779483604,0.09295184926727146,0.31402651779483604
P00879,Mehdi Hazbavi,Iranian,Forward,Iran,24,45509303,Western Sydney Wanderers,38,1327,9,8,3.37,1.19,58,22,14,8,31,28,0.788421052631579,0,0,3.6842105263157894,85.3,37.0,143.9,83.12894736842105,88.20526315789475,52.56842105263158,83.67631578947368,88.68947368421053,24.30526315789474,2,0.06782215523737754,0.6103993971363979,0.5425772418990203,0.22856066314996232,0.08070836473247928,5.63,1.1529766390354181,0.3092690278824416,1.1529766390354181
P00880,Sardar Moradi,Iranian,Forward,Iran,21,9398526,Jeonbuk Hyundai,38,1631,5,1,1.9100000000000001,1.09,51,29,14,4,32,16,0.7810526315789473,0,0,3.7815789473684207,84.22631578947369,36.0,173.5,61.06052631578948,71.47894736842105,54.392105263157895,65.83947368421053,69.75526315789473,24.44736842105263,1,0.05518087063151441,0.27590435315757206,0.05518087063151441,0.10539546290619253,0.06014714898835071,3.09,0.33108522378908645,0.16554261189454325,0.33108522378908645
P00881,Alireza Nourollahi,Iranian,Forward,Iran,26,74708985,Pohang Steelers,38,1416,9,5,2.18,1.1400000000000001,57,39,13,7,47,23,0.7976315789473685,0,0,4.8,85.5078947368421,37.0,149.5,79.53157894736842,90.38684210526316,59.218421052631584,84.78947368421052,90.47105263157896,25.147368421052633,1,0.0635593220338983,0.5720338983050848,0.3177966101694915,0.1385593220338983,0.07245762711864408,6.82,0.8898305084745763,0.21101694915254238,0.8898305084745763
P00882,Saman Azmoun,Iranian,Forward,Iran,26,22761395,Al-Duhail,38,1219,13,4,2.23,1.07,40,27,10,7,33,15,0.7844736842105263,0,0,3.392105263157895,78.8921052631579,36.1,128.8,82.65789473684211,86.56842105263158,56.76315789473684,87.28947368421052,91.41578947368421,27.8,0,0.07383100902378999,0.9598031173092698,0.29532403609515995,0.16464315012305167,0.07899917965545529,10.77,1.2551271534044297,0.24364232977850697,1.2551271534044297
P00883,Hidajat Ghoddos,Iranian,Forward,Iran,24,92396750,Yokohama F. Marinos,38,1634,5,8,4.06,0.96,58,37,13,8,52,23,0.7794736842105263,0,0,4.5,85.99736842105263,35.2,178.4,83.4342105263158,88.65263157894738,56.17368421052631,79.8578947368421,85.30263157894737,24.01578947368421,3,0.05507955936352509,0.27539779681762544,0.44063647490820074,0.22362301101591187,0.052876376988984085,0.9400000000000004,0.7160342717258261,0.27649938800489593,0.7160342717258261
P00884,Ehsan Hosseini,Iranian,Forward,Iran,25,19080234,Pakhtakor,38,1550,9,4,2.37,0.74,46,18,15,10,35,19,0.7810526315789473,0,0,4.518421052631578,84.93157894736842,34.8,168.1,66.40789473684211,69.32105263157894,57.8078947368421,61.915789473684214,71.40526315789474,24.36842105263158,3,0.05806451612903226,0.5225806451612903,0.23225806451612904,0.13761290322580647,0.042967741935483875,6.63,0.7548387096774194,0.18058064516129035,0.7548387096774194
P00885,Salem Al-Buraikan,Saudi,Goalkeeper,Saudi Arabia,25,14754841,Melbourne City,52,1291,0,1,0.0,0.0,0,3,0,7,34,1,0.7196153846153847,50,4,1.9807692307692308,77.31538461538462,32.1,122.1,28.701923076923077,73.29807692307692,56.15576923076923,66.92115384615384,11.057692307692308,79.76923076923077,2,0.069713400464756,0.0,0.069713400464756,0.0,0.0,0.0,0.069713400464756,0.0,0.069713400464756
P00886,Firas Al-Shahrani,Saudi,Goalkeeper,Saudi Arabia,28,4045511,Western Sydney Wanderers,52,1258,0,0,0.0,0.0,0,4,0,4,36,0,0.7242307692307691,53,3,1.8115384615384615,76.50192307692308,32.7,116.1,28.950000000000003,41.590384615384615,50.534615384615385,40.521153846153844,9.361538461538462,49.00769230769231,0,0.07154213036565978,0.0,0.0,0.0,0.0,0.0,0.0,0.0,0.0
P00887,Saleh Al-Otaibi,Saudi,Goalkeeper,Saudi Arabia,34,3736086,Pakhtakor,52,1460,0,0,0.0,0.0,0,6,0,8,35,0,0.7528846153846154,53,4,2.1326923076923077,76.8923076923077,33.8,139.5,28.409615384615385,42.95961538461539,51.325,41.301923076923075,10.11153846153846,47.715384615384615,0,0.06164383561643835,0.0,0.0,0.0,0.0,0.0,0.0,0.0,0.0
P00888,Salem Al-Faraj,Saudi,Defender,Saudi Arabia,18,1861876,Kawasaki Frontale,52,1448,1,1,0.15000000000000002,0.030000000000000002,7,5,59,43,51,0,0.8086538461538461,0,0,2.8076923076923075,80.475,36.0,151.2,31.20576923076923,42.00961538461539,51.901923076923076,39.07884615384615,21.51923076923077,44.39423076923077,1,0.062154696132596686,0.062154696132596686,0.062154696132596686,0.009323204419889505,0.0018646408839779007,0.85,0.12430939226519337,0.011187845303867405,0.12430939226519337
P00889,Firas Al-Amri,Saudi,Defender,Saudi Arabia,23,4543864,Erbil SC,52,2191,1,2,0.21000000000000002,0.08,15,16,63,69,73,0,0.8138461538461539,0,0,3.994230769230769,82.52307692307691,35.5,224.6,31.31153846153846,49.97692307692308,53.809615384615384,47.33076923076923,23.484615384615385,52.823076923076925,0,0.041077133728890915,0.041077133728890915,0.08215426745778183,0.008626198083067093,0.003286170698311273,0.79,0.12323140118667275,0.011912368781378366,0.12323140118667275
P00890,Saleh Al-Ghamdi,Saudi,Defender,Saudi Arabia,25,2298457,Jeonbuk Hyundai,52,1735,0,0,0.48,0.1,8,4,70,49,70,1,0.8303846153846154,0,0,3.088461538461538,76.93076923076923,35.2,187.7,28.61730769230769,49.54230769230769,53.97692307692308,47.12884615384615,25.142307692307693,52.41538461538461,0,0.05187319884726225,0.0,0.0,0.02489913544668588,0.005187319884726226,-0.48,0.0,0.030086455331412104,0.0
P00891,Yasser Al-Owais,Saudi,Defender,Saudi Arabia,22,2896502,Al-Shorta,52,1672,0,1,0.12,0.02,8,10,59,56,59,0,0.830576923076923,0,0,3.411538461538462,81.19807692307693,36.2,184.6,29.025,49.93846153846154,54.46923076923077,47.33653846153846,25.396153846153844,52.18846153846154,0,0.05382775119617225,0.0,0.05382775119617225,0.00645933014354067,0.0010765550239234451,-0.12,0.05382775119617225,0.007535885167464115,0.05382775119617225
P00892,Mohammed Al-Breik,Saudi,Defender,Saudi Arabia,23,38840218,Al-Sadd,52,1934,2,1,0.15,0.48,15,12,68,56,106,2,0.8294230769230769,0,0,3.5615384615384613,83.40576923076924,37.0,202.0,29.35576923076923,68.74423076923077,57.65576923076923,66.1,36.93846153846154,74.81538461538462,1,0.04653567735263702,0.09307135470527404,0.04653567735263702,0.006980351602895553,0.02233712512926577,1.85,0.13960703205791106,0.029317476732161323,0.13960703205791106
P00893,Abdulrahman Al-Hamdan,Saudi,Defender,Saudi Arabia,24,3454981,Al-Nassr,52,2973,5,0,0.43,0.34,14,18,103,99,120,2,0.8269230769230769,0,0,4.703846153846154,84.89807692307691,36.9,323.2,29.825000000000003,46.67307692307692,52.01923076923077,47.103846153846156,23.951923076923077,52.448076923076925,3,0.030272452068617558,0.15136226034308778,0.0,0.013017154389505549,0.01029263370332997,4.57,0.15136226034308778,0.02330978809283552,0.15136226034308778
P00894,Hassan Al-Zahrani,Saudi,Defender,Saudi Arabia,30,29426078,Persepolis,52,1766,1,0,0.21000000000000002,0.08,7,13,86,49,96,2,0.8186538461538462,0,0,3.9403846153846156,82.46923076923076,37.0,193.0,30.24230769230769,68.53076923076922,55.74807692307692,66.775,34.26923076923077,74.18846153846154,0,0.05096262740656852,0.05096262740656852,0.0,0.01070215175537939,0.0040770101925254815,0.79,0.05096262740656852,0.014779161947904872,0.05096262740656852
P00895,Ali Al-Ghannam,Saudi,Defender,Saudi Arabia,33,10818260,Jeonbuk Hyundai,52,1754,0,1,0.04,0.08,12,18,58,50,110,2,0.8205769230769231,0,0,3.7096153846153848,82.51730769230768,36.8,185.4,31.092307692307692,69.00576923076923,54.69615384615384,67.75384615384615,33.85961538461539,75.74807692307692,0,0.05131128848346636,0.0,0.05131128848346636,0.0020524515393386543,0.004104903078677309,-0.04,0.05131128848346636,0.006157354618015963,0.05131128848346636
P00896,Sultan Al-Mousa,Saudi,Defender,Saudi Arabia,25,2301959,Western Sydney Wanderers,52,2130,0,0,0.01,0.11000000000000001,10,13,73,75,74,0,0.8161538461538461,0,0,4.046153846153846,82.625,37.0,229.1,32.0,47.986538461538466,52.32692307692308,47.74615384615385,24.271153846153847,52.017307692307696,0,0.04225352112676056,0.0,0.0,0.00042253521126760566,0.0046478873239436625,-0.01,0.0,0.005070422535211268,0.0
P00897,Salem Al-Tambakti,Saudi,Midfielder,Saudi Arabia,28,46218977,Kawasaki Frontale,52,1879,6,9,1.76,2.9099999999999997,31,56,53,30,111,16,0.8594230769230768,0,0,3.9134615384615383,81.57884615384616,37.0,233.2,83.12307692307692,90.9673076923077,61.28076923076923,85.48461538461538,78.79615384615384,69.05192307692307,1,0.047897817988291645,0.28738690792974986,0.4310803618946248,0.08430015965939329,0.13938265034592867,4.24,0.7184672698243746,0.22368281000532197,0.7184672698243746
P00898,Firas Al-Yami,Saudi,Midfielder,Saudi Arabia,22,61456330,Sydney FC,52,1786,4,4,1.0,1.8,27,64,45,24,113,10,0.8492307692307691,0,0,3.8288461538461536,86.19423076923077,36.6,213.0,84.42884615384615,90.1576923076923,59.58461538461539,83.51730769230768,78.03076923076922,68.97115384615384,3,0.05039193729003359,0.20156774916013437,0.20156774916013437,0.05039193729003359,0.09070548712206047,3.0,0.40313549832026874,0.14109742441209405,0.40313549832026874
P00899,Saleh Al-Abdulkarim,Saudi,Midfielder,Saudi Arabia,28,2584749,Al-Sadd,52,1681,0,1,0.44000000000000006,0.76,11,18,42,23,58,4,0.8475,0,0,3.3,80.87307692307692,37.0,205.4,39.00769230769231,41.89807692307692,51.948076923076925,38.073076923076925,35.73846153846154,33.55769230769231,0,0.05353955978584176,0.0,0.05353955978584176,0.023557406305770377,0.040690065437239735,-0.44000000000000006,0.05353955978584176,0.06424747174301011,0.05353955978584176
P00900,Yasser Al-Harbi,Saudi,Midfielder,Saudi Arabia,23,23086576,Al-Shorta,52,2156,3,4,1.43,1.95,25,53,53,48,93,15,0.849423076923077,0,0,3.944230769230769,82.94423076923077,37.0,255.5,64.37884615384615,71.39038461538462,58.91923076923077,63.888461538461534,56.27884615384615,54.85192307692308,2,0.041743970315398886,0.12523191094619665,0.16697588126159554,0.0596938775510204,0.08140074211502782,1.57,0.2922077922077922,0.14109461966604822,0.2922077922077922
P00901,Mohammed Al-Rubaie,Saudi,Midfielder,Saudi Arabia,25,138466809,Bunyodkor,52,2151,3,9,1.23,3.17,53,75,56,38,137,31,0.8457692307692307,0,0,4.563461538461539,84.04615384615384,37.0,262.5,95.24615384615385,96.84038461538461,64.15384615384616,93.91346153846153,88.44807692307693,79.625,1,0.04184100418410042,0.12552301255230125,0.37656903765690375,0.05146443514644351,0.13263598326359832,1.77,0.502092050209205,0.18410041841004182,0.502092050209205
P00902,Abdulrahman Al-Salem,Saudi,Midfielder,Saudi Arabia,23,5305677,Yokohama F. Marinos,52,2142,3,5,0.58,0.64,20,41,41,47,79,6,0.8517307692307692,0,0,3.928846153846154,79.50576923076923,37.0,264.4,45.87884615384615,49.84423076923077,54.33076923076923,45.75384615384615,42.775000000000006,38.36538461538461,1,0.04201680672268908,0.12605042016806722,0.2100840336134454,0.024369747899159664,0.02689075630252101,2.42,0.33613445378151263,0.05126050420168067,0.33613445378151263
P00903,Hassan Al-Qahtani,Saudi,Midfielder,Saudi Arabia,32,13588719,Esteghlal,52,2031,4,4,1.0,1.3599999999999999,26,49,43,43,68,13,0.8415384615384615,0,0,4.413461538461538,81.7173076923077,37.0,253.9,65.0923076923077,70.57884615384616,57.426923076923075,69.63653846153846,61.184615384615384,54.33461538461539,2,0.04431314623338257,0.17725258493353027,0.17725258493353027,0.04431314623338257,0.060265878877400286,3.0,0.35450516986706054,0.10457902511078285,0.35450516986706054
P00904,Ali Al-Buraikan,Saudi,Midfielder,Saudi Arabia,24,147161557,Melbourne City,52,2583,3,4,1.34,3.4,41,75,67,46,162,22,0.8500000000000001,0,0,5.401923076923077,84.13461538461539,36.9,305.5,82.79230769230769,87.66153846153846,59.91923076923077,87.24807692307692,80.11346153846154,71.45384615384616,2,0.03484320557491289,0.10452961672473868,0.13937282229965156,0.046689895470383276,0.11846689895470382,1.66,0.24390243902439024,0.1651567944250871,0.24390243902439024
P00905,Salem Al-Rubaie,Saudi,Forward,Saudi Arabia,31,6875054,Al-Ittihad,52,1621,6,2,0.92,0.26,35,16,16,7,17,5,0.7784615384615384,0,0,3.3115384615384613,82.59423076923076,37.0,186.9,39.732692307692304,41.88653846153846,54.07884615384615,40.465384615384615,42.184615384615384,26.121153846153845,0,0.055521283158544106,0.33312769895126465,0.11104256631708821,0.05107958050586058,0.014435533621221469,5.08,0.44417026526835285,0.06551511412708205,0.44417026526835285
P00906,Firas Al-Salem,Saudi,Forward,Saudi Arabia,24,29501447,Al-Duhail,52,1546,6,0,3.55,0.75,45,28,15,4,29,13,0.7759615384615385,0,0,3.0076923076923077,80.6173076923077,36.1,169.9,63.58846153846154,67.65,57.36730769230769,67.02692307692308,71.21153846153847,24.728846153846156,1,0.05821474773609314,0.34928848641655885,0.0,0.20666235446313064,0.043661060802069857,2.45,0.34928848641655885,0.2503234152652005,0.34928848641655885
P00907,Saleh Al-Qahtani,Saudi,Forward,Saudi Arabia,23,200000000,Kawasaki Frontale,52,2102,13,9,2.9699999999999998,2.37,92,43,17,11,76,50,0.795,0,0,4.694230769230769,83.89038461538462,36.0,227.5,91.15,97.67692307692307,61.01923076923077,94.47692307692309,93.875,23.51923076923077,2,0.04281636536631779,0.5566127497621313,0.3853472882968601,0.12716460513796382,0.10147478591817317,10.030000000000001,0.9419600380589914,0.228639391056137,0.9419600380589914
P00908,Yasser Al-Buraikan,Saudi,Forward,Saudi Arabia,24,6764595,Al-Shorta,52,1909,6,2,2.3800000000000003,0.9099999999999999,55,25,15,6,40,20,0.7740384615384616,0,0,3.4326923076923075,82.19999999999999,36.1,214.8,67.28846153846153,71.00384615384615,56.14038461538462,66.58846153846153,70.98846153846154,25.38076923076923,1,0.04714510214772132,0.2828706128863279,0.09429020429544265,0.11220534311157676,0.0429020429544264,3.6199999999999997,0.3771608171817706,0.15510738606600316,0.3771608171817706
P00909,Mohammed Al-Shahrani,Saudi,Forward,Saudi Arabia,27,49821661,Erbil SC,52,1655,9,3,2.47,0.87,51,26,25,11,21,22,0.7676923076923077,0,0,3.319230769230769,81.09615384615384,37.0,175.2,63.021153846153844,69.23846153846154,56.80576923076923,65.8,74.06923076923077,27.809615384615384,1,0.054380664652567974,0.48942598187311176,0.16314199395770393,0.1343202416918429,0.047311178247734134,6.529999999999999,0.6525679758308157,0.18163141993957704,0.6525679758308157
P00910,Abdulrahman Al-Otaibi,Saudi,Forward,Saudi Arabia,34,28916545,Yokohama F. Marinos,52,1832,6,5,2.2,1.93,52,25,18,12,40,27,0.7828846153846154,0,0,4.036538461538462,84.0576923076923,36.2,205.7,62.79615384615385,69.32115384615385,54.21153846153846,66.8923076923077,67.15,26.29423076923077,1,0.04912663755458515,0.2947598253275109,0.24563318777292575,0.10807860262008734,0.09481441048034933,3.8,0.5403930131004366,0.20289301310043667,0.5403930131004366
P00911,Mathew Mooy,Australian,Goalkeeper,Australia,25,836742,Melbourne City,47,1244,0,1,0.0,0.0,0,4,0,6,21,1,0.7325531914893617,61,4,2.048936170212766,79.97234042553191,32.7,123.8,31.127659574468087,42.38510638297872,54.59574468085106,40.90212765957447,9.310638297872341,48.33191489361702,0,0.07234726688102894,0.0,0.07234726688102894,0.0,0.0,0.0,0.07234726688102894,0.0,0.07234726688102894
P00912,Aaron Souttar,Australian,Goalkeeper,Australia,28,8434271,Ulsan HD,47,1242,0,0,0.0,0.0,0,3,0,6,27,0,0.7172340425531915,62,3,2.021276595744681,82.04255319148936,31.9,112.6,30.72340425531915,48.51702127659575,50.33191489361702,47.53617021276595,10.529787234042553,57.43191489361703,0,0.07246376811594203,0.0,0.0,0.0,0.0,0.0,0.0,0.0,0.0
P00913,Jackson Duke,Australian,Goalkeeper,Australia,23,2038054,Yokohama F. Marinos,47,1115,0,0,0.0,0.0,0,5,0,9,28,0,0.7227659574468085,39,1,1.9361702127659575,75.57021276595745,32.0,106.3,27.738297872340425,42.82553191489362,56.231914893617024,38.35744680851064,9.327659574468084,47.53829787234043,0,0.08071748878923767,0.0,0.0,0.0,0.0,0.0,0.0,0.0,0.0
P00914,Mathew Behich,Australian,Defender,Australia,24,130568810,Western Sydney Wanderers,47,1685,0,0,0.09,0.27999999999999997,7,12,72,63,159,0,0.828936170212766,0,0,4.278723404255319,84.66170212765957,37.0,177.6,27.11063829787234,97.3531914893617,58.661702127659574,93.94893617021278,56.50638297872341,98.29574468085106,0,0.05341246290801187,0.0,0.0,0.004807121661721068,0.014955489614243322,-0.09,0.0,0.01976261127596439,0.0
P00915,Aaron Goodwin,Australian,Defender,Australia,23,6639159,Pohang Steelers,47,1787,1,2,0.060000000000000005,0.08,12,13,55,48,85,1,0.8212765957446809,0,0,3.4127659574468088,83.07872340425531,37.0,193.2,28.914893617021278,69.14255319148936,60.46595744680851,65.98297872340426,35.838297872340426,73.51063829787235,1,0.05036373810856184,0.05036373810856184,0.10072747621712368,0.0030218242865137105,0.004029099048684947,0.94,0.1510912143256855,0.007050923335198658,0.1510912143256855
P00916,Jackson Baccus,Australian,Defender,Australia,32,5408709,Erbil SC,47,1291,0,1,0.07,0.27999999999999997,6,4,50,29,38,1,0.805531914893617,0,0,2.5382978723404253,80.11702127659575,36.0,140.3,29.465957446808513,41.55531914893617,53.776595744680854,40.33617021276596,19.327659574468086,46.01276595744681,0,0.069713400464756,0.0,0.069713400464756,0.004879938032532921,0.01951975213013168,-0.07,0.069713400464756,0.024399690162664602,0.069713400464756
P00917,Harry Leckie,Australian,Defender,Australia,32,98450406,Erbil SC,47,1624,1,0,0.15000000000000002,0.5700000000000001,7,19,52,58,146,0,0.8210638297872341,0,0,4.278723404255319,84.77021276595744,37.0,176.3,32.09787234042553,98.59361702127659,59.693617021276594,95.06170212765957,53.59787234042553,98.05319148936171,4,0.05541871921182266,0.05541871921182266,0.0,0.008312807881773401,0.03158866995073892,0.85,0.05541871921182266,0.03990147783251232,0.05541871921182266
P00918,Ajdin Rogic,Australian,Defender,Australia,23,7437631,Al-Sadd,47,2292,0,1,0.37,0.28,12,15,82,59,77,0,0.8117021276595744,0,0,3.904255319148936,82.25106382978724,37.0,236.9,28.746808510638296,49.91914893617021,54.702127659574465,46.642553191489355,22.408510638297873,52.389361702127665,0,0.03926701570680628,0.0,0.03926701570680628,0.014528795811518324,0.01099476439790576,-0.37,0.03926701570680628,0.025523560209424083,0.03926701570680628
P00919,Keanu McGree,Australian,Defender,Australia,31,3959383,Al-Shorta,47,1688,2,0,0.05,0.02,10,12,57,49,71,0,0.8325531914893618,0,0,3.5531914893617023,80.73404255319149,37.0,177.8,28.92127659574468,48.53191489361702,55.58297872340426,44.753191489361704,25.0468085106383,51.99361702127659,0,0.0533175355450237,0.1066350710900474,0.0,0.002665876777251185,0.001066350710900474,1.95,0.1066350710900474,0.003732227488151659,0.1066350710900474
P00920,Awer Tilio,Australian,Defender,Australia,20,1334870,Western Sydney Wanderers,47,1509,0,2,0.06999999999999999,0.0,6,6,56,38,41,0,0.8095744680851064,0,0,3.6702127659574466,80.3531914893617,36.5,156.7,33.71063829787234,42.48085106382978,52.857446808510645,38.39574468085106,21.636170212765958,46.11914893617021,0,0.05964214711729622,0.0,0.11928429423459244,0.004174950298210735,0.0,-0.06999999999999999,0.11928429423459244,0.004174950298210735,0.11928429423459244
P00921,Craig Borges,Australian,Defender,Australia,23,3511456,Al-Ahli,47,2414,1,0,0.03,0.23,9,11,85,73,71,1,0.8178723404255319,0,0,4.474468085106383,82.00425531914894,37.0,254.7,27.25957446808511,40.42127659574468,52.39787234042553,39.94255319148936,21.42127659574468,44.77872340425532,0,0.037282518641259324,0.037282518641259324,0.0,0.0011184755592377796,0.008574979287489645,0.97,0.037282518641259324,0.009693454846727425,0.037282518641259324
P00922,Mat Cummins,Australian,Defender,Australia,25,17170646,Al-Ittihad,47,1420,1,2,0.05,0.03,13,10,54,51,73,0,0.8117021276595744,0,0,3.529787234042553,81.45531914893617,36.0,146.9,29.104255319148937,67.82127659574468,55.33191489361702,65.41276595744681,33.57659574468085,75.04042553191489,1,0.06338028169014084,0.06338028169014084,0.1267605633802817,0.0031690140845070424,0.0019014084507042253,0.95,0.19014084507042253,0.0050704225352112674,0.19014084507042253
P00923,Mathew Boyle,Australian,Midfielder,Australia,26,14075716,Al-Hilal,47,1841,0,3,0.44,1.05,19,31,45,25,50,5,0.8587234042553191,0,0,3.94468085106383,81.96382978723405,36.3,220.6,44.81276595744681,49.09787234042553,54.729787234042554,46.11276595744681,38.93829787234042,38.12765957446808,0,0.04888647474198805,0.0,0.14665942422596415,0.02151004888647474,0.051330798479087454,-0.44,0.14665942422596415,0.07284084736556219,0.14665942422596415
P00924,Aaron Metcalfe,Australian,Midfielder,Australia,26,31173317,Melbourne City,47,1807,1,0,1.56,3.05,32,51,45,41,104,22,0.8476595744680852,0,0,3.872340425531915,82.52340425531915,36.7,211.5,85.05744680851063,89.03829787234044,58.55531914893617,85.87234042553192,75.63404255319149,67.3468085106383,0,0.04980630879911455,0.04980630879911455,0.0,0.0776978417266187,0.15190924183729937,-0.56,0.04980630879911455,0.22960708356391807,0.04980630879911455
P00925,Jackson Kusini,Australian,Midfielder,Australia,29,1956077,Western Sydney Wanderers,47,1727,2,2,0.13,1.99,15,29,37,24,54,4,0.8502127659574469,0,0,3.4851063829787234,80.80212765957447,34.3,208.0,45.47659574468085,48.736170212765956,54.90851063829787,43.54468085106383,41.61914893617021,38.755319148936174,0,0.05211349160393746,0.10422698320787492,0.10422698320787492,0.0067747539085118704,0.10370584829183555,1.87,0.20845396641574984,0.11048060220034742,0.20845396641574984
P00926,Harry King,Australian,Midfielder,Australia,25,10271107,Jeonbuk Hyundai,47,1470,1,5,1.31,1.19,22,24,33,37,59,12,0.8576595744680852,0,0,2.904255319148936,79.45531914893617,35.0,172.5,61.246808510638296,67.19787234042553,57.15531914893617,67.54468085106383,58.836170212765964,53.50851063829787,1,0.061224489795918366,0.061224489795918366,0.30612244897959184,0.08020408163265307,0.07285714285714286,-0.31000000000000005,0.3673469387755102,0.15306122448979592,0.3673469387755102
P00927,Ajdin Jones,Australian,Midfielder,Australia,27,1579010,Yokohama F. Marinos,47,2034,0,3,0.63,1.38,22,37,68,36,70,8,0.8480851063829787,0,0,3.9063829787234043,82.67446808510638,35.8,250.1,45.57446808510638,49.08297872340426,51.60425531914894,45.787234042553195,42.670212765957444,38.66382978723404,0,0.04424778761061947,0.0,0.1327433628318584,0.027876106194690265,0.06106194690265486,-0.63,0.1327433628318584,0.08893805309734512,0.1327433628318584
P00928,Keanu Wright,Australian,Midfielder,Australia,18,15846650,Urawa Red Diamonds,47,1683,2,5,0.91,1.8599999999999999,23,30,44,24,77,9,0.856595744680851,0,0,3.9851063829787234,85.36170212765957,36.8,215.1,64.20212765957447,70.84042553191489,56.07234042553192,64.74893617021276,59.48297872340425,55.5404255319149,1,0.053475935828877004,0.10695187165775401,0.26737967914438504,0.04866310160427807,0.09946524064171122,1.0899999999999999,0.37433155080213903,0.1481283422459893,0.37433155080213903
P00929,Awer Vukovic,Australian,Midfielder,Australia,24,17417040,Al-Sadd,47,1703,3,6,0.81,1.24,19,51,45,33,77,14,0.8534042553191489,0,0,3.831914893617021,84.65531914893617,35.8,205.9,65.37659574468084,71.1191489361702,57.46382978723405,67.81489361702128,60.6063829787234,54.64468085106383,1,0.05284791544333529,0.15854374633000587,0.31708749266001174,0.04280681150910159,0.06553141514973576,2.19,0.4756312389900176,0.10833822665883736,0.4756312389900176
P00930,Craig Mooy,Australian,Midfielder,Australia,32,2299362,Al-Ahli,47,2081,2,3,0.53,1.12,16,36,44,44,45,4,0.8529787234042554,0,0,4.62127659574468,80.00638297872341,36.7,245.9,41.755319148936174,41.58297872340426,52.148936170212764,36.94255319148936,35.41063829787234,34.88085106382979,1,0.04324843825084094,0.08649687650168188,0.12974531475252282,0.022921672272945698,0.04843825084094185,1.47,0.21624219125420469,0.07135992311388756,0.21624219125420469
P00931,Mathew Jones,Australian,Forward,Australia,25,9649662,Al-Ahli,47,1941,3,3,1.84,0.37,30,18,14,9,26,10,0.7753191489361702,0,0,3.8446808510638295,81.96595744680852,36.5,216.4,40.61489361702128,42.861702127659576,53.38510638297872,39.56382978723404,43.47872340425532,23.636170212765958,1,0.04636785162287481,0.1391035548686244,0.1391035548686244,0.08531684698608966,0.01715610510046368,1.16,0.2782071097372488,0.10247295208655334,0.2782071097372488
P00932,Aaron Wright,Australian,Forward,Australia,23,13009748,Ulsan HD,47,1842,9,5,1.24,0.37,35,21,21,9,21,9,0.7859574468085105,0,0,4.529787234042553,81.55531914893616,36.5,203.3,39.62765957446808,42.08085106382978,53.42553191489362,37.52340425531915,43.65531914893617,23.927659574468084,1,0.048859934853420196,0.4397394136807818,0.24429967426710097,0.06058631921824104,0.018078175895765474,7.76,0.6840390879478828,0.07866449511400651,0.6840390879478828
P00933,Jackson Vukovic,Australian,Forward,Australia,24,28754254,Al-Nassr,47,1857,12,4,2.91,0.8500000000000001,64,56,25,7,56,27,0.7891489361702126,0,0,4.459574468085107,83.11276595744681,36.0,215.4,78.11489361702128,88.57021276595745,59.806382978723406,85.04893617021277,91.51489361702127,24.004255319148935,2,0.048465266558966075,0.5815831987075929,0.1938610662358643,0.1410339256865913,0.04119547657512117,9.09,0.7754442649434572,0.18222940226171247,0.7754442649434572
P00934,Harry Mooy,Australian,Forward,Australia,22,53766198,Al-Hilal,47,1927,7,2,3.07,1.89,66,54,16,9,54,27,0.782340425531915,0,0,4.108510638297872,84.11489361702128,37.0,212.0,85.4063829787234,89.58936170212766,56.757446808510636,83.04468085106383,91.62127659574467,25.151063829787233,2,0.0467047223663726,0.32693305656460825,0.0934094447327452,0.14338349766476388,0.08827192527244422,3.93,0.42034250129735345,0.2316554229372081,0.42034250129735345
P00935,Ajdin Souttar,Australian,Forward,Australia,27,25297087,Jeonbuk Hyundai,47,1535,6,9,1.6400000000000001,0.65,48,22,16,5,39,16,0.7851063829787234,0,0,3.891489361702128,82.27659574468085,36.5,171.6,63.90425531914894,71.86382978723404,55.921276595744686,65.3531914893617,69.8936170212766,24.231914893617024,1,0.05863192182410423,0.3517915309446254,0.5276872964169381,0.09615635179153095,0.03811074918566775,4.359999999999999,0.8794788273615635,0.1342671009771987,0.8794788273615635
P00936,Keanu Duke,Australian,Forward,Australia,21,45031610,Sydney FC,47,1902,7,5,4.38,1.63,74,49,16,3,49,30,0.7855319148936171,0,0,4.51063829787234,88.7468085106383,36.8,216.5,80.25744680851064,86.46808510638297,56.42765957446808,85.87234042553192,88.76595744680851,23.289361702127657,2,0.0473186119873817,0.3312302839116719,0.2365930599369085,0.20725552050473184,0.07712933753943217,2.62,0.5678233438485805,0.284384858044164,0.5678233438485805
P00937,Akram Ali,Qatari,Goalkeeper,Qatar,31,15320409,Melbourne City,66,1661,0,0,0.0,0.0,0,6,0,7,38,1,0.7333333333333333,64,5,2.0060606060606063,79.2030303030303,32.1,163.2,31.22121212121212,69.05151515151515,58.40909090909091,68.60909090909091,9.51818181818182,81.60454545454544,0,0.054184226369656835,0.0,0.0,0.0,0.0,0.0,0.0,0.0,0.0
P00938,Almoez Boudiaf,Qatari,Goalkeeper,Qatar,35,28513657,Yokohama F. Marinos,66,1717,0,0,0.0,0.0,0,13,0,7,42,0,0.7043939393939395,58,7,2.289393939393939,81.35606060606061,31.7,165.3,28.566666666666666,90.22424242424243,61.695454545454545,84.40151515151516,10.706060606060607,95.4151515151515,0,0.052417006406523005,0.0,0.0,0.0,0.0,0.0,0.0,0.0,0.0
P00939,Hassan Abdulla,Qatari,Goalkeeper,Qatar,22,10960614,Urawa Red Diamonds,66,1761,0,0,0.0,0.0,0,4,0,10,38,0,0.7153030303030303,79,4,2.165151515151515,80.46212121212122,34.6,165.4,29.301515151515154,69.01212121212122,54.28939393939394,67.92878787878789,10.054545454545455,80.02424242424243,0,0.05110732538330494,0.0,0.0,0.0,0.0,0.0,0.0,0.0,0.0
P00940,Akram Hatem,Qatari,Defender,Qatar,25,11539569,Al-Ittihad,66,2880,3,3,0.19,0.09,12,11,85,83,119,2,0.8243939393939393,0,0,3.890909090909091,81.26363636363635,36.8,306.8,29.795454545454547,48.593939393939394,53.39090909090909,46.02727272727273,23.716666666666665,53.32727272727273,1,0.03125,0.09375,0.09375,0.0059375,0.0028125,2.81,0.1875,0.00875,0.1875
P00941,Almoez Muntari,Qatari,Defender,Qatar,22,34261332,Al-Ahli,66,2176,1,1,0.11000000000000001,0.12,12,16,69,54,122,1,0.838030303030303,0,0,3.4242424242424243,82.58939393939393,36.3,231.6,29.77121212121212,69.61666666666666,58.418181818181814,64.94242424242424,35.85909090909091,74.15151515151516,0,0.04136029411764706,0.04136029411764706,0.04136029411764706,0.004549632352941177,0.004963235294117647,0.89,0.08272058823529412,0.009512867647058824,0.08272058823529412
P00942,Hassan Pedro,Qatari,Defender,Qatar,23,5050754,Ulsan HD,66,2324,1,1,0.2,0.11,13,11,81,62,86,2,0.8266666666666667,0,0,3.609090909090909,81.78636363636363,35.7,252.6,29.631818181818183,41.669696969696965,52.2969696969697,39.71363636363636,20.813636363636363,45.056060606060605,0,0.0387263339070568,0.0387263339070568,0.0387263339070568,0.00774526678141136,0.004259896729776248,0.8,0.0774526678141136,0.012005163511187609,0.0774526678141136
P00943,Boualem Hasan,Qatari,Defender,Qatar,23,6726357,Al-Hilal,66,2276,1,1,0.04,0.41000000000000003,13,7,84,75,79,0,0.8236363636363636,0,0,3.3060606060606057,79.9151515151515,37.0,244.7,27.36060606060606,48.581818181818186,54.518181818181816,47.72272727272727,24.653030303030302,52.29090909090909,0,0.03954305799648506,0.03954305799648506,0.03954305799648506,0.0015817223198594025,0.016212653778558878,0.96,0.07908611599297012,0.01779437609841828,0.07908611599297012
P00944,Karim Barsham,Qatari,Defender,Qatar,22,5076077,Persepolis,66,2529,1,2,0.04,0.38,18,12,105,74,76,1,0.8236363636363636,0,0,3.8393939393939394,80.37424242424242,36.0,271.3,31.551515151515154,50.68484848484848,53.93181818181818,46.49090909090909,26.040909090909093,51.97121212121212,0,0.03558718861209965,0.03558718861209965,0.0711743772241993,0.0014234875444839859,0.013523131672597867,0.96,0.10676156583629895,0.014946619217081854,0.10676156583629895
P00945,Abdelaziz Ismaeel,Qatari,Defender,Qatar,28,34162856,Sydney FC,66,1473,0,3,0.16999999999999998,0.12000000000000001,10,11,53,42,110,0,0.8259090909090909,0,0,2.896969696969697,79.82878787878788,35.5,156.1,28.503030303030304,86.59545454545454,59.35757575757576,82.5060606060606,45.64090909090909,94.66666666666667,0,0.06109979633401222,0.0,0.18329938900203666,0.010386965376782076,0.007331975560081467,-0.16999999999999998,0.18329938900203666,0.01771894093686354,0.18329938900203666
P00946,Ahmed Al-Dosari,Qatari,Defender,Qatar,18,32762108,Kawasaki Frontale,66,2428,0,1,0.04,0.41000000000000003,19,18,105,69,174,1,0.8236363636363636,0,0,3.6893939393939394,83.26363636363635,36.9,266.3,30.88030303030303,87.35909090909091,59.60606060606061,83.4439393939394,44.804545454545455,93.07878787878788,0,0.03706754530477759,0.0,0.03706754530477759,0.0014827018121911038,0.015197693574958815,-0.04,0.03706754530477759,0.016680395387149917,0.03706754530477759
P00947,Ali Abdelaziz,Qatari,Defender,Qatar,28,5984115,Persepolis,66,2589,4,1,0.13,0.48,17,18,96,66,116,0,0.8295454545454546,0,0,3.7075757575757575,80.83939393939393,36.2,275.8,31.683333333333334,48.97878787878788,52.97878787878788,47.763636363636365,24.521212121212123,53.165151515151514,2,0.03476245654692932,0.13904982618771727,0.03476245654692932,0.004519119351100812,0.01668597914252607,3.87,0.1738122827346466,0.02120509849362688,0.1738122827346466
P00948,Mohammed Al-Hammadi,Qatari,Defender,Qatar,34,13879460,Western Sydney Wanderers,66,2313,2,1,0.15000000000000002,0.35,13,20,86,65,132,0,0.8328787878787879,0,0,4.036363636363636,82.68939393939394,37.0,237.0,31.057575757575762,68.94545454545454,55.78181818181818,65.73484848484848,35.834848484848486,73.86666666666666,1,0.038910505836575876,0.07782101167315175,0.038910505836575876,0.005836575875486382,0.013618677042801557,1.85,0.11673151750972763,0.019455252918287938,0.11673151750972763
P00949,Akram Mesa,Qatari,Midfielder,Qatar,29,22108266,Persepolis,66,2370,3,9,1.22,4.2700000000000005,30,58,56,34,141,26,0.8503030303030302,0,0,4.292424242424243,84.38484848484848,37.0,286.1,83.53333333333333,89.45454545454545,58.75757575757576,83.77878787878787,76.11969696969696,69.60757575757576,2,0.0379746835443038,0.11392405063291139,0.34177215189873417,0.04632911392405063,0.16215189873417724,1.78,0.45569620253164556,0.20848101265822788,0.45569620253164556
P00950,Almoez Al-Attiyah,Qatari,Midfielder,Qatar,27,5186589,Al-Shorta,66,3121,6,10,1.16,3.2800000000000002,42,68,67,68,144,17,0.8459090909090908,0,0,4.718181818181818,84.23181818181818,37.0,377.6,67.10909090909091,70.92121212121212,56.5030303030303,66.71818181818182,57.09848484848485,54.78181818181818,2,0.028836911246395387,0.17302146747837233,0.28836911246395386,0.03345081704581865,0.09458506888817687,4.84,0.4613905799423262,0.1280358859339955,0.4613905799423262
P00951,Hassan Al-Nobi,Qatari,Midfielder,Qatar,29,11060197,Kawasaki Frontale,66,2629,2,8,2.04,1.54,42,54,54,58,114,14,0.8531818181818183,0,0,3.9499999999999997,81.95757575757575,36.5,309.5,63.78484848484849,68.10909090909091,53.89242424242424,66.51363636363635,61.06515151515152,56.665151515151514,1,0.034233548877900345,0.06846709775580069,0.27386839102320276,0.0698364397109167,0.05271966527196653,-0.040000000000000036,0.34233548877900344,0.12255610498288323,0.34233548877900344
P00952,Boualem Moez,Qatari,Midfielder,Qatar,28,8425949,Esteghlal,66,3038,3,10,1.44,2.22,42,68,72,50,127,19,0.8463636363636363,0,0,4.292424242424243,84.80151515151515,36.9,361.0,63.874242424242425,70.05454545454546,58.74848484848485,67.5,56.85303030303031,57.03181818181818,1,0.029624753127057275,0.08887425938117183,0.29624753127057274,0.042659644502962474,0.06576695194206715,1.56,0.38512179065174457,0.10842659644502962,0.38512179065174457
P00953,Karim Al-Ahmad,Qatari,Midfielder,Qatar,30,6117109,Esteghlal,66,2407,6,3,1.4100000000000001,1.78,33,59,50,36,92,23,0.848030303030303,0,0,3.992424242424242,84.0030303030303,36.3,294.4,66.72727272727273,68.44545454545454,57.64848484848484,66.65454545454546,60.2530303030303,54.233333333333334,1,0.03739094308267553,0.22434565849605317,0.11217282924802659,0.0527212297465725,0.06655587868716244,4.59,0.3365184877440798,0.11927710843373493,0.3365184877440798
P00954,Abdelaziz Al-Mohannadi,Qatari,Midfielder,Qatar,30,5416795,Melbourne City,66,2500,1,6,0.77,1.26,19,36,64,36,55,7,0.8575757575757575,0,0,3.56969696969697,82.93181818181819,36.6,295.0,40.85909090909091,41.946969696969695,53.025757575757574,40.512121212121215,35.78030303030303,33.75454545454546,1,0.036,0.036,0.21599999999999997,0.027719999999999998,0.04536,0.22999999999999998,0.25199999999999995,0.07307999999999999,0.25199999999999995
P00955,Ahmed Mahmoud,Qatari,Midfielder,Qatar,31,6048600,Persepolis,66,2434,2,4,0.3,1.49,26,36,37,40,74,13,0.851969696969697,0,0,3.484848484848485,79.5909090909091,36.1,277.5,46.1530303030303,48.18484848484848,50.583333333333336,46.868181818181824,43.165151515151514,38.15454545454545,0,0.03697617091207888,0.07395234182415776,0.14790468364831552,0.011092851273623664,0.05509449465899753,1.7,0.22185702547247327,0.0661873459326212,0.22185702547247327
P00956,Ali Ali,Qatari,Midfielder,Qatar,25,110809025,Al-Ittihad,66,2598,3,7,1.31,1.5,44,73,75,40,152,22,0.8534848484848485,0,0,4.5227272727272725,85.26212121212122,37.0,321.3,81.28787878787878,88.92575757575759,59.92424242424242,86.48181818181818,76.53484848484848,68.61060606060606,2,0.03464203233256351,0.10392609699769052,0.24249422632794454,0.0453810623556582,0.05196304849884526,1.69,0.34642032332563505,0.09734411085450345,0.34642032332563505
P00957,Akram Al-Ahmad,Qatari,Forward,Qatar,23,15104348,Pakhtakor,66,2296,12,5,3.5100000000000002,1.54,63,41,22,10,45,26,0.7777272727272727,0,0,4.543939393939394,85.37878787878788,36.3,249.5,66.18181818181819,71.11666666666666,60.31515151515152,65.82575757575758,72.48939393939395,23.824242424242424,2,0.039198606271777,0.470383275261324,0.19599303135888502,0.13758710801393728,0.060365853658536583,8.49,0.6663763066202091,0.19795296167247386,0.6663763066202091
P00958,Almoez Al-Mohannadi,Qatari,Forward,Qatar,30,8299366,Al-Hilal,66,2600,9,3,2.12,1.73,50,33,30,11,29,18,0.7807575757575758,0,0,3.522727272727273,80.23333333333333,35.5,281.3,40.33787878787879,42.75151515151515,53.53333333333333,40.02272727272727,42.72272727272727,26.35909090909091,1,0.03461538461538462,0.31153846153846154,0.10384615384615385,0.0733846153846154,0.05988461538461539,6.88,0.4153846153846154,0.13326923076923078,0.4153846153846154
P00959,Hassan Mahmoud,Qatari,Forward,Qatar,17,6877224,Bunyodkor,66,1844,5,3,2.05,0.53,31,12,13,10,22,13,0.7906060606060606,0,0,2.974242424242424,78.90151515151516,35.8,203.9,38.119696969696975,42.68333333333333,49.84090909090909,41.53333333333333,41.88787878787878,24.33030303030303,2,0.04880694143167028,0.2440347071583514,0.14642082429501085,0.10005422993492408,0.02586767895878525,2.95,0.39045553145336226,0.12592190889370933,0.39045553145336226
P00960,Boualem Ali,Qatari,Forward,Qatar,22,4223291,Al-Hilal,66,2418,10,4,3.92,1.68,65,37,16,13,59,27,0.7921212121212121,0,0,3.7909090909090906,82.23333333333333,37.0,270.7,64.59242424242424,70.57878787878788,55.26060606060606,63.39393939393939,72.47727272727273,25.67878787878788,1,0.03722084367245657,0.3722084367245657,0.1488833746898263,0.14590570719602977,0.06253101736972703,6.08,0.521091811414392,0.2084367245657568,0.521091811414392
P00961,Karim Boudiaf,Qatari,Forward,Qatar,27,4758016,Al-Shorta,66,2933,7,1,2.9,1.04,55,25,34,9,49,17,0.7840909090909091,0,0,4.090909090909091,82.34545454545454,37.0,321.7,39.834848484848486,41.18636363636364,52.04242424242425,39.25757575757576,42.448484848484846,26.51060606060606,1,0.03068530514831231,0.21479713603818618,0.03068530514831231,0.08898738493010569,0.0319127173542448,4.1,0.24548244118649848,0.1209001022843505,0.24548244118649848
P00962,Abdelaziz Abdulla,Qatari,Forward,Qatar,24,135296723,Al-Hilal,66,2598,13,6,5.96,4.36,86,46,21,18,71,51,0.7830303030303031,0,0,4.565151515151515,85.5590909090909,37.0,286.7,82.36363636363636,87.31515151515151,61.051515151515154,84.04545454545455,87.98181818181818,25.343939393939394,2,0.03464203233256351,0.4503464203233256,0.20785219399538105,0.2064665127020785,0.1510392609699769,7.04,0.6581986143187066,0.3575057736720554,0.6581986143187066
P00963,Eldor Rashidov,Uzbek,Goalkeeper,Uzbekistan,26,15152057,Al-Hilal,44,1203,0,0,0.0,0.0,0,4,0,6,28,0,0.7077272727272728,49,2,2.256818181818182,76.77954545454546,31.5,117.7,33.086363636363636,71.81818181818181,58.67272727272727,65.11590909090908,10.163636363636364,79.47500000000001,0,0.07481296758104738,0.0,0.0,0.0,0.0,0.0,0.0,0.0,0.0
P00964,Sardor Kobilov,Uzbek,Goalkeeper,Uzbekistan,33,1343280,Al-Ittihad,44,1027,0,0,0.0,0.0,0,3,0,4,30,0,0.7022727272727273,37,3,1.8022727272727272,78.81363636363636,33.3,99.3,31.29090909090909,40.820454545454545,49.470454545454544,38.54772727272727,10.411363636363637,47.89090909090908,0,0.08763388510223953,0.0,0.0,0.0,0.0,0.0,0.0,0.0,0.0
P00965,Otabek Nasrullaev,Uzbek,Goalkeeper,Uzbekistan,32,15572962,Yokohama F. Marinos,44,1072,0,0,0.0,0.0,0,2,0,6,22,1,0.7052272727272727,49,2,2.209090909090909,79.58181818181818,32.7,103.9,30.068181818181817,70.11136363636363,55.811363636363645,70.99090909090908,10.340909090909092,77.70681818181818,0,0.08395522388059702,0.0,0.0,0.0,0.0,0.0,0.0,0.0,0.0
P00966,Eldor Hamrobekov,Uzbek,Defender,Uzbekistan,25,3268779,Al-Shorta,44,1273,0,1,0.07,0.060000000000000005,9,5,30,37,38,0,0.8131818181818182,0,0,2.756818181818182,78.94318181818181,36.4,136.3,29.629545454545454,48.13863636363636,52.98863636363637,44.49545454545454,24.711363636363636,54.06818181818182,0,0.07069913589945012,0.0,0.07069913589945012,0.004948939512961509,0.004241948153967007,-0.07,0.07069913589945012,0.009190887666928516,0.07069913589945012
P00967,Sardor Zakirov,Uzbek,Defender,Uzbekistan,22,3231483,Pakhtakor,44,1454,0,1,0.02,0.12000000000000001,7,7,44,51,48,0,0.8177272727272726,0,0,3.55,82.78863636363636,37.0,154.8,31.277272727272727,49.96363636363637,51.28636363636363,47.78863636363636,24.520454545454548,52.53863636363636,0,0.061898211829436035,0.0,0.061898211829436035,0.0012379642365887207,0.007427785419532325,-0.02,0.061898211829436035,0.008665749656121045,0.061898211829436035
P00968,Otabek Yoldoshev,Uzbek,Defender,Uzbekistan,20,16247150,Melbourne City,44,1514,1,3,0.04,0.19,10,11,47,51,89,2,0.8002272727272728,0,0,3.7704545454545455,81.80909090909091,35.1,158.3,30.64090909090909,69.03181818181818,60.32727272727273,64.55909090909091,34.71818181818182,75.62954545454545,0,0.059445178335535004,0.059445178335535004,0.178335535006605,0.0023778071334214002,0.01129458388375165,0.96,0.23778071334214002,0.01367239101717305,0.23778071334214002
P00969,Jaloliddin Tursunov,Uzbek,Defender,Uzbekistan,25,34382763,Bunyodkor,44,1187,0,0,0.030000000000000002,0.19,5,2,46,23,68,0,0.8222727272727273,0,0,2.975,82.20454545454545,35.4,126.7,30.277272727272727,69.44318181818181,57.93181818181818,64.85909090909091,36.78181818181818,77.0409090909091,0,0.07582139848357203,0.0,0.0,0.002274641954507161,0.014406065711878685,-0.030000000000000002,0.0,0.016680707666385845,0.0
P00970,Dostonbek Abdurakhmanov,Uzbek,Defender,Uzbekistan,32,10411003,Esteghlal,44,1648,0,2,0.15,0.09999999999999999,11,12,53,46,102,0,0.8252272727272728,0,0,3.6454545454545455,80.52499999999999,37.0,178.0,28.94545454545454,70.30909090909091,56.46590909090909,67.10681818181818,36.1,75.13181818181819,2,0.05461165048543689,0.0,0.10922330097087378,0.008191747572815534,0.005461165048543689,-0.15,0.10922330097087378,0.013652912621359222,0.10922330097087378
P00971,Husniddin Umarov,Uzbek,Defender,Uzbekistan,24,13636084,Pakhtakor,44,1493,1,2,0.04,0.36,13,10,58,49,56,0,0.8270454545454545,0,0,3.9454545454545453,81.3340909090909,37.0,159.9,31.263636363636362,71.95454545454545,56.60681818181818,68.14318181818182,35.64090909090909,77.11136363636363,0,0.06028131279303416,0.06028131279303416,0.12056262558606833,0.0024112525117213667,0.0217012726054923,0.96,0.18084393837910248,0.024112525117213665,0.18084393837910248
P00972,Azizbek Yusupov,Uzbek,Defender,Uzbekistan,24,3600924,Western Sydney Wanderers,44,1343,2,1,0.07,0.16,9,6,39,43,67,0,0.8325,0,0,3.402272727272727,79.4590909090909,36.1,148.9,30.702272727272728,49.35227272727273,52.92727272727273,47.304545454545455,24.093181818181815,53.10909090909092,0,0.06701414743112435,0.1340282948622487,0.06701414743112435,0.0046909903201787055,0.010722263588979897,1.93,0.20104244229337306,0.015413253909158603,0.20104244229337306
P00973,Bobir Eshmurodov,Uzbek,Defender,Uzbekistan,34,9028015,Al-Hilal,44,1701,2,0,0.01,0.02,8,8,63,44,87,0,0.8079545454545454,0,0,3.8659090909090907,83.93863636363636,37.0,179.4,30.229545454545452,68.71136363636364,56.24318181818182,68.39545454545454,35.06818181818182,71.43636363636364,0,0.05291005291005291,0.10582010582010581,0.0,0.0005291005291005291,0.0010582010582010583,1.99,0.10582010582010581,0.0015873015873015873,0.10582010582010581
P00974,Jasurbek Alijanov,Uzbek,Defender,Uzbekistan,27,8835044,Kawasaki Frontale,44,2215,0,0,0.23,0.18,8,16,84,60,117,2,0.8254545454545454,0,0,5.204545454545454,88.10454545454546,37.0,236.0,31.470454545454547,71.26136363636364,58.83863636363637,65.9159090909091,37.52727272727273,76.35000000000001,0,0.040632054176072234,0.0,0.0,0.009345372460496614,0.007313769751693002,-0.23,0.0,0.016659142212189615,0.0
P00975,Eldor Miralimov,Uzbek,Midfielder,Uzbekistan,23,52866669,Yokohama F. Marinos,44,2246,4,4,1.5,4.72,38,77,44,30,115,16,0.8581818181818182,0,0,5.015909090909091,88.05,35.1,268.9,84.4659090909091,89.375,60.21363636363637,84.0909090909091,73.46363636363637,68.0840909090909,2,0.04007123775601069,0.16028495102404275,0.16028495102404275,0.060106856634016034,0.18913624220837044,2.5,0.3205699020480855,0.2492430988423865,0.3205699020480855
P00976,Sardor Holmatov,Uzbek,Midfielder,Uzbekistan,22,22796965,Erbil SC,44,1216,1,6,0.35,1.68,12,22,26,13,45,2,0.8390909090909091,0,0,3.1318181818181823,79.325,36.4,147.1,63.190909090909095,68.70454545454545,57.075,61.815909090909095,57.815909090909095,55.559090909090905,1,0.07401315789473684,0.07401315789473684,0.444078947368421,0.025904605263157892,0.12434210526315788,0.65,0.5180921052631579,0.15024671052631577,0.5180921052631579
P00977,Otabek Karimov,Uzbek,Midfielder,Uzbekistan,23,9505167,Esteghlal,44,1728,2,3,0.26,1.64,20,27,34,25,52,6,0.8538636363636364,0,0,3.4568181818181816,80.61818181818181,37.0,191.5,44.90909090909091,48.425,48.85909090909092,47.74090909090909,41.699999999999996,38.96363636363637,0,0.052083333333333336,0.10416666666666667,0.15625,0.013541666666666667,0.08541666666666667,1.74,0.2604166666666667,0.09895833333333334,0.2604166666666667
P00978,Jaloliddin Sobirov,Uzbek,Midfielder,Uzbekistan,22,41807913,Pakhtakor,44,1351,3,3,0.41000000000000003,3.12,25,34,38,24,83,10,0.8547727272727272,0,0,3.4,80.22954545454546,35.4,167.7,80.51363636363637,88.39090909090909,62.247727272727275,88.4659090909091,75.92272727272727,68.42045454545455,1,0.06661732050333087,0.19985196150999263,0.19985196150999263,0.02731310140636566,0.20784603997039233,2.59,0.39970392301998525,0.235159141376758,0.39970392301998525
P00979,Dostonbek Kenjayev,Uzbek,Midfielder,Uzbekistan,24,2354129,Urawa Red Diamonds,44,1666,1,5,0.36,0.89,14,16,47,35,51,4,0.8404545454545453,0,0,3.5727272727272723,80.59772727272728,35.7,201.9,38.12954545454546,42.38863636363636,52.06818181818182,40.18181818181818,34.904545454545456,33.481818181818184,2,0.05402160864345738,0.05402160864345738,0.27010804321728693,0.019447779111644657,0.04807923169267707,0.64,0.32412965186074433,0.06752701080432172,0.32412965186074433
P00980,Husniddin Nematov,Uzbek,Midfielder,Uzbekistan,23,11610416,Al-Ahli,44,1218,2,3,0.29000000000000004,0.81,8,29,27,22,47,5,0.8536363636363636,0,0,3.184090909090909,81.79545454545455,37.0,155.5,61.86363636363637,70.12727272727273,57.152272727272724,69.85454545454546,60.084090909090904,54.26363636363636,1,0.07389162561576355,0.1477832512315271,0.22167487684729065,0.021428571428571432,0.059852216748768484,1.71,0.3694581280788177,0.08128078817733991,0.3694581280788177
P00981,Azizbek Sattorov,Uzbek,Midfielder,Uzbekistan,30,17342406,Esteghlal,44,2010,2,5,0.9600000000000001,1.67,26,46,48,24,90,13,0.8513636363636364,0,0,4.363636363636363,85.24090909090908,36.3,236.8,69.60681818181818,68.9659090909091,55.01136363636363,64.43636363636364,61.71818181818182,55.60681818181818,2,0.04477611940298507,0.08955223880597014,0.22388059701492535,0.042985074626865676,0.07477611940298506,1.04,0.3134328358208955,0.11776119402985075,0.3134328358208955
P00982,Bobir Rashidov,Uzbek,Midfielder,Uzbekistan,24,5280961,Ulsan HD,44,2106,1,3,0.71,0.81,28,34,46,48,70,5,0.85,0,0,4.088636363636364,81.99772727272727,35.8,243.4,45.24318181818182,50.575,50.434090909090905,46.78636363636363,41.220454545454544,38.94318181818182,0,0.042735042735042736,0.042735042735042736,0.1282051282051282,0.03034188034188034,0.03461538461538462,0.29000000000000004,0.17094017094017094,0.06495726495726496,0.17094017094017094
P00983,Eldor Kenjayev,Uzbek,Forward,Uzbekistan,30,32391095,Bunyodkor,44,1399,4,1,1.4100000000000001,1.05,40,22,14,5,30,11,0.7575,0,0,3.590909090909091,78.08636363636364,36.2,156.0,65.75909090909092,69.17272727272727,54.86363636363637,66.64318181818182,70.86363636363636,25.104545454545452,2,0.06433166547533953,0.2573266619013581,0.06433166547533953,0.09070764832022875,0.0675482487491065,2.59,0.32165832737669764,0.15825589706933524,0.32165832737669764
P00984,Sardor Nematov,Uzbek,Forward,Uzbekistan,28,19914626,Kawasaki Frontale,44,1809,6,4,1.75,0.78,50,23,13,5,40,26,0.7829545454545456,0,0,3.9818181818181815,83.25909090909092,36.8,194.1,62.127272727272725,73.84772727272728,58.597727272727276,64.92045454545455,75.67272727272727,25.336363636363636,1,0.04975124378109453,0.2985074626865672,0.19900497512437812,0.08706467661691543,0.038805970149253737,4.25,0.49751243781094534,0.12587064676616916,0.49751243781094534
P00985,Otabek Sattorov,Uzbek,Forward,Uzbekistan,35,6863884,Persepolis,44,1306,2,1,1.9500000000000002,0.61,18,16,8,5,21,9,0.7770454545454545,0,0,3.590909090909091,81.0340909090909,37.0,152.2,37.60909090909091,43.038636363636364,53.87954545454545,40.15,43.18181818181818,24.33409090909091,1,0.06891271056661562,0.13782542113323124,0.06891271056661562,0.13437978560490046,0.042036753445635525,0.04999999999999982,0.20673813169984684,0.176416539050536,0.20673813169984684
P00986,Jaloliddin Rashidov,Uzbek,Forward,Uzbekistan,31,63199784,Al-Ittihad,44,1532,9,6,1.8,1.56,60,27,17,8,44,28,0.7745454545454545,0,0,3.565909090909091,82.14999999999999,36.8,170.4,81.0840909090909,89.19090909090909,61.60909090909092,85.06818181818181,86.36363636363636,24.406818181818185,2,0.0587467362924282,0.5287206266318538,0.3524804177545692,0.10574412532637076,0.091644908616188,7.2,0.881201044386423,0.19738903394255874,0.881201044386423
P00987,Dostonbek Kobilov,Uzbek,Forward,Uzbekistan,26,4081032,Erbil SC,44,1951,5,2,1.4700000000000002,0.76,37,29,17,10,26,12,0.7786363636363636,0,0,4.288636363636363,79.92727272727274,36.4,228.8,45.91136363636363,48.64090909090908,56.275,45.268181818181816,49.14772727272727,22.98409090909091,1,0.04613018964633521,0.23065094823167603,0.09226037929267042,0.06781137878011277,0.03505894413121476,3.53,0.3229113275243465,0.10287032291132753,0.3229113275243465
P00988,Husniddin Nasrullaev,Uzbek,Forward,Uzbekistan,33,10444601,Western Sydney Wanderers,44,1882,9,4,2.56,0.8999999999999999,23,30,14,9,26,12,0.7899999999999999,0,0,3.722727272727273,79.02499999999999,36.2,203.1,45.28636363636363,49.08863636363637,53.33863636363637,46.31363636363636,50.375,25.38181818181818,0,0.04782146652497343,0.4303931987247609,0.19128586609989373,0.12242295430393199,0.043039319872476084,6.4399999999999995,0.6216790648246546,0.16546227417640808,0.6216790648246546
P00989,Mohannad Hussein,Iraqi,Goalkeeper,Iraq,27,39256189,Ulsan HD,41,1142,0,2,0.0,0.0,0,5,0,6,26,0,0.7207317073170731,51,2,2.697560975609756,82.81463414634146,30.8,110.5,29.953658536585365,97.34146341463415,58.21463414634147,94.9829268292683,10.06829268292683,98.91951219512195,2,0.07880910683012259,0.0,0.15761821366024517,0.0,0.0,0.0,0.15761821366024517,0.0,0.15761821366024517
P00990,Aymen Adnan,Iraqi,Goalkeeper,Iraq,25,27043637,Al-Hilal,41,851,0,0,0.0,0.0,0,0,0,4,21,0,0.7168292682926829,34,3,1.8097560975609757,80.4609756097561,30.6,80.6,29.407317073170734,90.4219512195122,57.05121951219512,83.44146341463414,10.104878048780488,97.64390243902439,0,0.10575793184488837,0.0,0.0,0.0,0.0,0.0,0.0,0.0,0.0
P00991,Ibrahim Mhawi,Iraqi,Goalkeeper,Iraq,30,47033556,Kawasaki Frontale,41,1131,0,0,0.0,0.0,0,1,0,4,22,0,0.7141463414634147,51,3,2.653658536585366,78.44146341463414,33.2,110.5,30.095121951219515,97.42682926829268,60.91463414634146,94.39512195121951,9.74390243902439,99.0,0,0.07957559681697612,0.0,0.0,0.0,0.0,0.0,0.0,0.0,0.0
P00992,Mohannad Al-Amiri,Iraqi,Defender,Iraq,26,25133663,Western Sydney Wanderers,41,1558,1,0,0.17,0.3,11,14,67,45,104,0,0.832439024390244,0,0,3.7804878048780486,82.9780487804878,34.9,161.8,30.170731707317074,87.82926829268293,57.81219512195123,84.10243902439024,47.81463414634147,94.26341463414634,1,0.057766367137355584,0.057766367137355584,0.0,0.00982028241335045,0.017329910141206675,0.83,0.057766367137355584,0.027150192554557126,0.057766367137355584
P00993,Aymen Attwan,Iraqi,Defender,Iraq,27,2781845,Melbourne City,41,1838,0,0,0.06,0.22,7,4,74,58,72,0,0.8178048780487805,0,0,4.275609756097562,83.48048780487804,36.3,195.3,30.24878048780488,48.670731707317074,51.47560975609756,45.99268292682927,25.13170731707317,51.451219512195124,0,0.04896626768226333,0.0,0.0,0.0029379760609357995,0.010772578890097933,-0.06,0.0,0.013710554951033732,0.0
P00994,Ibrahim Daoud,Iraqi,Defender,Iraq,29,2124773,Yokohama F. Marinos,41,1421,0,1,0.17,0.06,3,8,48,44,37,0,0.8421951219512196,0,0,3.3317073170731706,79.67560975609756,36.4,156.1,30.99512195121951,49.60243902439024,52.77073170731707,44.78292682926829,25.82439024390244,53.52682926829268,0,0.0633356790992259,0.0,0.0633356790992259,0.010767065446868403,0.0038001407459535537,-0.17,0.0633356790992259,0.014567206192821956,0.0633356790992259
P00995,Ali Mohanad,Iraqi,Defender,Iraq,27,4300161,Melbourne City,41,1657,0,2,0.030000000000000002,0.12000000000000001,9,8,47,52,56,1,0.8209756097560975,0,0,3.68780487804878,79.10243902439024,36.1,175.4,28.81951219512195,40.400000000000006,51.02926829268292,37.00487804878049,22.351219512195122,45.74878048780488,0,0.05431502715751358,0.0,0.10863005431502716,0.0016294508147254075,0.00651780325890163,-0.030000000000000002,0.10863005431502716,0.008147254073627038,0.10863005431502716
P00996,Amir Younis,Iraqi,Defender,Iraq,28,2038987,Pohang Steelers,41,1599,0,1,0.0,0.22,9,1,41,43,51,0,0.8348780487804878,0,0,3.887804878048781,80.69756097560975,36.6,178.3,30.22439024390244,40.96341463414634,52.63170731707317,39.69024390243902,20.997560975609755,45.9780487804878,1,0.05628517823639775,0.0,0.05628517823639775,0.0,0.012382739212007504,0.0,0.05628517823639775,0.012382739212007504,0.05628517823639775
P00997,Safaa Abbas,Iraqi,Defender,Iraq,23,3042229,Al-Hilal,41,1758,1,3,0.19,0.04,12,10,51,40,61,0,0.8148780487804878,0,0,3.702439024390244,82.01951219512196,36.0,186.2,28.934146341463414,49.9390243902439,53.81219512195123,44.00731707317073,25.148780487804874,53.943902439024384,0,0.051194539249146756,0.051194539249146756,0.15358361774744028,0.009726962457337883,0.0020477815699658703,0.81,0.20477815699658702,0.011774744027303753,0.20477815699658702
P00998,Hussein Ibrahim,Iraqi,Defender,Iraq,29,26452992,Jeonbuk Hyundai,41,1436,1,0,0.0,0.4,8,13,46,53,91,0,0.8202439024390245,0,0,3.202439024390244,81.34390243902439,35.2,147.0,29.068292682926828,69.51463414634146,57.353658536585364,65.77560975609757,34.885365853658534,74.45365853658537,0,0.06267409470752089,0.06267409470752089,0.0,0.0,0.025069637883008356,1.0,0.06267409470752089,0.025069637883008356,0.06267409470752089
P00999,Ahmed Moutan,Iraqi,Defender,Iraq,26,53746991,Al-Hilal,41,1743,2,1,0.07,0.13,8,21,48,52,172,1,0.7958536585365854,0,0,4.353658536585366,85.9609756097561,35.4,181.4,29.678048780487803,96.72682926829269,61.25609756097561,92.13658536585366,54.802439024390246,98.69999999999999,3,0.05163511187607573,0.10327022375215146,0.05163511187607573,0.0036144578313253013,0.006712564543889845,1.93,0.1549053356282272,0.010327022375215147,0.1549053356282272
P01000,Mustafa Natiq,Iraqi,Defender,Iraq,29,9993730,Esteghlal,41,1397,3,1,0.03,0.05,7,10,49,39,83,0,0.8180487804878048,0,0,3.1999999999999997,81.87073170731706,36.7,151.0,31.136585365853655,70.89756097560976,54.74878048780487,65.24146341463415,34.017073170731706,74.94634146341464,2,0.06442376521116679,0.19327129563350037,0.06442376521116679,0.0019327129563350034,0.0032211882605583395,2.97,0.25769506084466715,0.0051539012168933425,0.25769506084466715
P01001,Mohannad Al-Saadi,Iraqi,Midfielder,Iraq,29,30647464,Ulsan HD,41,1564,2,3,0.67,1.63,25,46,39,24,90,11,0.8512195121951219,0,0,4.495121951219512,84.37560975609756,35.9,189.2,82.6219512195122,90.15609756097561,56.707317073170735,82.22682926829269,79.0390243902439,69.11951219512196,0,0.05754475703324808,0.11508951406649616,0.17263427109974425,0.038554987212276216,0.09379795396419437,1.33,0.2877237851662404,0.1323529411764706,0.2877237851662404
P01002,Aymen Kasid,Iraqi,Midfielder,Iraq,28,25276368,Ulsan HD,41,1058,1,3,0.3,1.3800000000000001,19,32,27,16,61,7,0.836829268292683,0,0,3.2658536585365856,82.69999999999999,35.6,133.7,80.52439024390245,91.50975609756098,56.91219512195122,86.09024390243901,77.75365853658536,67.29756097560976,1,0.08506616257088846,0.08506616257088846,0.2551984877126654,0.025519848771266538,0.11739130434782609,0.7,0.34026465028355385,0.14291115311909264,0.34026465028355385
P01003,Ibrahim Taher,Iraqi,Midfielder,Iraq,31,3655581,Al-Nassr,41,1466,1,1,0.4,0.76,12,9,29,30,47,2,0.8539024390243902,0,0,3.451219512195122,80.74878048780488,34.3,182.9,45.75365853658537,48.58780487804878,52.275609756097566,45.517073170731706,42.96585365853658,40.02682926829268,0,0.061391541609822645,0.061391541609822645,0.061391541609822645,0.02455661664392906,0.04665757162346521,0.6,0.12278308321964529,0.07121418826739427,0.12278308321964529
P01004,Ali Al-Timimi,Iraqi,Midfielder,Iraq,24,5736751,Erbil SC,41,1413,0,3,0.5,0.78,18,27,40,20,55,9,0.848780487804878,0,0,3.6219512195121952,81.62682926829268,34.5,161.7,63.19024390243903,71.57560975609756,56.84878048780488,67.28780487804879,58.75121951219513,57.98780487804878,0,0.06369426751592357,0.0,0.1910828025477707,0.03184713375796178,0.049681528662420385,-0.5,0.1910828025477707,0.08152866242038218,0.1910828025477707
P01005,Amir Majeed,Iraqi,Midfielder,Iraq,27,8190457,Sydney FC,41,1704,4,3,0.65,0.89,19,32,42,32,79,11,0.8478048780487805,0,0,4.995121951219512,85.26585365853659,37.0,213.4,64.90487804878049,72.26097560975609,53.326829268292684,62.924390243902444,61.548780487804876,55.3609756097561,0,0.0528169014084507,0.2112676056338028,0.15845070422535212,0.03433098591549296,0.04700704225352113,3.35,0.36971830985915494,0.08133802816901409,0.36971830985915494
P01006,Safaa Al-Khafaji,Iraqi,Midfielder,Iraq,20,18303109,Bunyodkor,41,1123,3,5,0.8499999999999999,1.3,14,24,29,17,48,8,0.8539024390243902,0,0,2.9878048780487805,82.80243902439025,35.3,138.3,62.24878048780487,69.63658536585366,57.94878048780488,68.97317073170731,59.76341463414634,52.51219512195122,1,0.08014247551202137,0.24042742653606414,0.40071237756010686,0.06812110418521816,0.10418521816562779,2.1500000000000004,0.641139804096171,0.17230632235084595,0.641139804096171
P01007,Hussein Sadiq,Iraqi,Midfielder,Iraq,25,2919018,Kawasaki Frontale,41,1558,1,2,0.3,0.75,14,23,41,19,53,3,0.8309756097560975,0,0,3.707317073170732,83.91707317073171,36.4,183.5,44.082926829268295,47.541463414634144,51.882926829268285,46.72195121951219,42.329268292682926,40.380487804878044,0,0.057766367137355584,0.057766367137355584,0.11553273427471117,0.017329910141206675,0.04332477535301669,0.7,0.17329910141206675,0.060654685494223363,0.17329910141206675
P01008,Ahmed Hussein,Iraqi,Midfielder,Iraq,26,9162130,Al-Duhail,41,1459,3,0,0.8400000000000001,1.51,21,33,45,27,63,12,0.8500000000000001,0,0,4.048780487804878,85.54878048780488,36.0,182.1,65.56829268292684,69.05121951219512,56.78780487804878,67.37317073170732,60.05853658536586,52.05853658536586,1,0.061686086360520906,0.1850582590815627,0.0,0.05181631254283756,0.09314599040438656,2.16,0.1850582590815627,0.14496230294722412,0.1850582590815627
P01009,Mohannad Majeed,Iraqi,Forward,Iraq,18,71687038,Al-Ahli,41,1396,15,10,2.13,1.6600000000000001,53,37,9,5,59,39,0.7631707317073171,0,0,4.270731707317073,86.98780487804878,34.9,156.4,91.30000000000001,97.58536585365853,59.14146341463415,94.68048780487806,98.21951219512195,24.839024390243903,3,0.06446991404011461,0.9670487106017192,0.6446991404011461,0.13732091690544412,0.10702005730659025,12.870000000000001,1.6117478510028653,0.24434097421203438,1.6117478510028653
P01010,Aymen Al-Khafaji,Iraqi,Forward,Iraq,26,24086325,Al-Ahli,41,1680,2,2,2.55,1.25,63,30,13,9,37,17,0.7975609756097561,0,0,4.541463414634146,84.0780487804878,35.7,186.4,65.02926829268293,68.88292682926829,60.54390243902439,67.48780487804878,73.62439024390244,24.036585365853657,1,0.05357142857142857,0.10714285714285714,0.10714285714285714,0.13660714285714284,0.06696428571428571,-0.5499999999999998,0.21428571428571427,0.20357142857142857,0.21428571428571427
P01011,Ibrahim Sadiq,Iraqi,Forward,Iraq,32,11418648,Bunyodkor,41,1540,4,4,2.44,0.54,39,19,10,12,25,10,0.7690243902439025,0,0,3.7390243902439027,82.67804878048781,36.3,160.2,64.01219512195122,67.87073170731706,57.64878048780488,68.77317073170731,73.76341463414634,27.314634146341465,1,0.05844155844155844,0.23376623376623376,0.23376623376623376,0.14259740259740258,0.031558441558441556,1.56,0.4675324675324675,0.17415584415584415,0.4675324675324675
P01012,Ali Hussein,Iraqi,Forward,Iraq,24,3080894,Yokohama F. Marinos,41,1672,3,1,1.6700000000000002,1.39,40,18,11,6,26,7,0.7639024390243903,0,0,3.7878048780487807,81.69024390243902,35.6,169.2,41.63170731707317,42.25121951219512,54.14146341463415,39.141463414634146,43.68292682926829,26.917073170731705,1,0.05382775119617225,0.16148325358851676,0.05382775119617225,0.08989234449760766,0.07482057416267943,1.3299999999999998,0.215311004784689,0.1647129186602871,0.215311004784689
P01013,Amir Adnan,Iraqi,Forward,Iraq,26,17633458,Esteghlal,41,1728,4,4,2.4699999999999998,1.01,48,31,22,9,44,24,0.7780487804878048,0,0,3.9317073170731707,81.65609756097561,36.3,189.4,64.31463414634146,69.43170731707316,55.37317073170731,64.13414634146342,70.29512195121951,25.463414634146343,1,0.052083333333333336,0.20833333333333334,0.20833333333333334,0.12864583333333332,0.05260416666666667,1.5300000000000002,0.4166666666666667,0.18125,0.4166666666666667
P01014,Safaa Mhawi,Iraqi,Forward,Iraq,26,11619579,Esteghlal,41,1600,11,4,2.84,0.93,44,33,13,4,31,21,0.776829268292683,0,0,4.173170731707317,83.6219512195122,35.8,181.2,68.29024390243903,71.20975609756097,55.72682926829269,63.94146341463414,70.03170731707317,24.77560975609756,1,0.05625,0.61875,0.225,0.15975,0.052312500000000005,8.16,0.84375,0.21206250000000001,0.84375
P01015,Sadio Koulibaly,Senegalese,Goalkeeper,Senegal,24,84425124,MC Alger,38,495,0,0,0.0,0.0,0,1,0,3,9,0,0.7431578947368421,23,1,1.0947368421052632,79.10526315789474,32.7,45.8,28.394736842105264,96.81052631578947,59.51315789473684,90.6236842105263,9.655263157894737,98.99473684210527,0,0.18181818181818182,0.0,0.0,0.0,0.0,0.0,0.0,0.0,0.0
P01016,Kalidou Mendy,Senegalese,Goalkeeper,Senegal,25,31261966,TP Mazembe,38,1558,0,0,0.0,0.0,0,6,0,6,38,1,0.7405263157894737,76,1,3.8210526315789473,81.10263157894737,31.6,148.9,30.93421052631579,96.15263157894738,57.555263157894736,94.74736842105263,9.93421052631579,99.0,0,0.057766367137355584,0.0,0.0,0.0,0.0,0.0,0.0,0.0,0.0
P01017,Idrissa Sarr,Senegalese,Goalkeeper,Senegal,28,975312,Orlando Pirates,38,912,0,1,0.0,0.0,0,3,0,6,24,0,0.7286842105263158,46,2,1.760526315789474,81.0421052631579,35.3,89.7,28.997368421052634,40.73947368421052,54.86578947368421,38.73157894736842,8.905263157894737,47.6578947368421,0,0.09868421052631579,0.0,0.09868421052631579,0.0,0.0,0.0,0.09868421052631579,0.0,0.09868421052631579
P01018,Sadio Diatta,Senegalese,Defender,Senegal,28,8080708,Kaizer Chiefs,38,1166,0,1,0.01,0.21,9,9,41,34,48,0,0.8239473684210527,0,0,3.486842105263158,79.56842105263158,36.7,129.7,29.173684210526314,49.455263157894734,57.45789473684211,46.16842105263158,25.3,52.23157894736842,1,0.07718696397941681,0.0,0.07718696397941681,0.0007718696397941681,0.01620926243567753,-0.01,0.07718696397941681,0.016981132075471698,0.07718696397941681
P01019,Kalidou Mendy,Senegalese,Defender,Senegal,25,8887392,ES Tunis,38,1435,1,1,0.05,0.21,9,11,49,34,78,0,0.8321052631578948,0,0,4.105263157894737,83.41052631578947,37.0,150.9,31.394736842105264,67.52105263157895,54.46315789473684,65.38684210526316,35.64473684210526,75.51842105263158,0,0.0627177700348432,0.0627177700348432,0.0627177700348432,0.0031358885017421603,0.013170731707317073,0.95,0.1254355400696864,0.016306620209059233,0.1254355400696864
P01020,Idrissa N'Diaye,Senegalese,Defender,Senegal,22,44159910,Gor Mahia,38,1640,3,2,0.08,0.39,11,11,51,52,107,0,0.8168421052631579,0,0,4.3052631578947365,83.08947368421053,37.0,176.0,30.52894736842105,89.4578947368421,58.421052631578945,86.77105263157895,48.242105263157896,93.86052631578947,1,0.054878048780487805,0.16463414634146342,0.10975609756097561,0.004390243902439025,0.021402439024390246,2.92,0.27439024390243905,0.02579268292682927,0.27439024390243905
P01021,Edouard Cisse,Senegalese,Defender,Senegal,31,8146955,Raja Casablanca,38,1506,2,0,0.19,0.09,9,12,60,49,80,1,0.8331578947368421,0,0,4.1078947368421055,84.44210526315788,36.8,163.4,29.360526315789475,73.56052631578947,56.997368421052634,68.30263157894737,33.09473684210526,75.64999999999999,0,0.05976095617529881,0.11952191235059761,0.0,0.011354581673306774,0.005378486055776893,1.81,0.11952191235059761,0.016733067729083666,0.11952191235059761
P01022,Boulaye Niang,Senegalese,Defender,Senegal,36,23882475,ASEC Mimosas,38,1273,2,3,0.22999999999999998,0.01,6,12,44,34,97,0,0.8097368421052632,0,0,4.186842105263158,82.36842105263158,36.2,145.0,29.260526315789477,86.07631578947368,61.43421052631579,83.98684210526316,49.44210526315789,92.82894736842105,4,0.07069913589945012,0.14139827179890024,0.21209740769835037,0.016260801256873528,0.0007069913589945012,1.77,0.3534956794972506,0.01696779261586803,0.3534956794972506
P01023,Pape Gomis,Senegalese,Defender,Senegal,22,55313325,ASEC Mimosas,38,1562,0,1,0.06,0.68,11,18,55,45,120,0,0.8342105263157894,0,0,4.386842105263158,84.8578947368421,36.9,168.7,29.581578947368417,89.57894736842105,58.18684210526315,83.85000000000001,48.08157894736842,92.44736842105263,0,0.05761843790012804,0.0,0.05761843790012804,0.0034571062740076826,0.03918053777208707,-0.06,0.05761843790012804,0.042637644046094755,0.05761843790012804
P01024,Ferland Sow,Senegalese,Defender,Senegal,32,24985556,Gor Mahia,38,1502,2,1,0.11,0.04,5,12,54,43,85,0,0.8147368421052632,0,0,3.392105263157895,81.31842105263158,36.6,160.6,29.150000000000002,70.67894736842106,56.97631578947368,69.84473684210526,34.96842105263158,74.82368421052632,0,0.05992010652463382,0.11984021304926765,0.05992010652463382,0.00659121171770972,0.002396804260985353,1.89,0.17976031957390148,0.008988015978695073,0.17976031957390148
P01025,Ismaila Ba,Senegalese,Defender,Senegal,29,84380961,Al-Masry,38,1851,1,0,0.03,0.03,11,21,56,46,148,0,0.8147368421052632,0,0,4.705263157894737,86.3736842105263,36.7,191.6,30.010526315789477,87.60000000000001,57.81052631578948,84.53684210526316,42.69210526315789,93.26842105263158,2,0.04862236628849271,0.04862236628849271,0.0,0.0014586709886547813,0.0014586709886547813,0.97,0.04862236628849271,0.0029173419773095626,0.04862236628849271
P01026,Moussa Fall,Senegalese,Defender,Senegal,30,9111599,Gor Mahia,38,1427,1,2,0.04,0.24,5,9,40,37,70,1,0.8147368421052632,0,0,4.247368421052632,85.77368421052631,36.5,143.2,31.586842105263155,73.61842105263158,55.48684210526316,66.13684210526316,37.05526315789474,73.69473684210527,1,0.06306937631394534,0.06306937631394534,0.12613875262789068,0.0025227750525578137,0.01513665031534688,0.96,0.18920812894183603,0.017659425367904692,0.18920812894183603
P01027,Sadio Sabaly,Senegalese,Midfielder,Senegal,25,3633424,Al-Hilal Omdurman,38,1603,2,1,0.38,1.23,11,19,31,26,47,3,0.848421052631579,0,0,4.097368421052631,81.90263157894738,37.0,195.70000000000002,38.602631578947374,43.27894736842105,51.79210526315789,39.35526315789474,35.949999999999996,33.6578947368421,1,0.056144728633811605,0.11228945726762321,0.056144728633811605,0.02133499688084841,0.06905801621958828,1.62,0.16843418590143483,0.09039301310043668,0.16843418590143483
P01028,Kalidou Diallo,Senegalese,Midfielder,Senegal,21,21460633,MC Alger,38,1195,5,2,0.41000000000000003,1.42,9,27,32,13,57,3,0.8742105263157894,0,0,3.681578947368421,82.28157894736842,35.3,147.8,62.70263157894736,70.2,56.11052631578947,64.47105263157896,57.078947368421055,56.01578947368421,1,0.07531380753138076,0.37656903765690375,0.1506276150627615,0.030878661087866112,0.10694560669456067,4.59,0.5271966527196652,0.1378242677824268,0.5271966527196652
P01029,Idrissa Dia,Senegalese,Midfielder,Senegal,22,8228535,ES Tunis,38,1266,2,6,0.5700000000000001,0.68,14,29,26,16,61,5,0.8394736842105263,0,0,3.3736842105263154,82.63157894736842,36.2,157.0,66.08947368421053,71.21315789473684,56.6,66.53157894736842,60.321052631578944,54.61052631578947,1,0.07109004739336493,0.14218009478672985,0.42654028436018954,0.04052132701421801,0.04834123222748815,1.43,0.5687203791469194,0.08886255924170616,0.5687203791469194
P01030,Edouard Ndiaye,Senegalese,Midfielder,Senegal,30,6919469,JS Kabylie,38,2051,5,6,0.56,1.77,23,59,41,33,100,13,0.848157894736842,0,0,4.821052631578947,83.21315789473684,36.4,242.0,65.26578947368421,72.38947368421053,56.276315789473685,66.67368421052632,59.497368421052634,56.1578947368421,1,0.04388103364212579,0.21940516821062894,0.26328620185275475,0.024573378839590446,0.07766942954656265,4.4399999999999995,0.4826913700633837,0.1022428083861531,0.4826913700633837
P01031,Boulaye Diouf,Senegalese,Midfielder,Senegal,30,7754653,ASEC Mimosas,38,1498,1,0,0.11,1.15,11,34,25,27,48,8,0.8505263157894737,0,0,3.6789473684210527,83.24473684210527,37.0,187.5,45.72894736842105,48.58421052631579,55.41315789473685,45.35,39.92631578947368,39.67368421052631,0,0.06008010680907877,0.06008010680907877,0.0,0.006608811748998665,0.06909212283044058,0.89,0.06008010680907877,0.07570093457943924,0.06008010680907877
P01032,Pape Faye,Senegalese,Midfielder,Senegal,22,4603871,TP Mazembe,38,803,1,2,0.26,0.25,4,12,14,18,22,3,0.8592105263157894,0,0,2.1605263157894736,78.4421052631579,35.5,93.5,41.66842105263158,42.421052631578945,52.97105263157895,40.28421052631579,35.86052631578948,33.53157894736842,0,0.11207970112079702,0.11207970112079702,0.22415940224159403,0.029140722291407226,0.028019925280199254,0.74,0.33623910336239105,0.05716064757160648,0.33623910336239105
P01033,Ferland Seck,Senegalese,Midfielder,Senegal,23,2884880,Wydad Casablanca,38,1618,2,2,0.4,1.1600000000000001,20,26,35,30,50,7,0.8431578947368421,0,0,3.586842105263158,83.73947368421052,37.0,189.6,43.13947368421052,48.98947368421052,53.48421052631579,46.01578947368421,40.99736842105263,38.13947368421052,1,0.05562422744128554,0.11124845488257108,0.11124845488257108,0.02224969097651422,0.06452410383189124,1.6,0.22249690976514216,0.08677379480840546,0.22249690976514216
P01034,Ismaila Koulibaly,Senegalese,Midfielder,Senegal,25,1872776,Zamalek,38,1568,0,2,0.52,1.21,17,21,45,30,44,8,0.8513157894736842,0,0,3.365789473684211,82.35263157894737,35.6,178.9,46.97105263157895,47.48684210526316,53.19736842105263,46.77894736842105,45.01578947368421,35.17368421052631,1,0.05739795918367347,0.0,0.11479591836734694,0.029846938775510205,0.06945153061224489,-0.52,0.11479591836734694,0.09929846938775509,0.11479591836734694
P01035,Sadio Diouf,Senegalese,Forward,Senegal,24,31138172,TP Mazembe,38,1602,8,8,2.27,2.39,67,31,21,6,24,28,0.743421052631579,0,0,3.905263157894737,84.15789473684211,36.0,173.0,80.15789473684211,86.77631578947368,56.215789473684204,85.99473684210527,89.16842105263159,24.13157894736842,1,0.056179775280898875,0.449438202247191,0.449438202247191,0.12752808988764044,0.13426966292134832,5.73,0.898876404494382,0.26179775280898876,0.898876404494382
P01036,Kalidou Faye,Senegalese,Forward,Senegal,25,4846987,Mamelodi Sundowns,38,1468,4,0,0.81,1.19,27,17,17,7,23,10,0.7807894736842106,0,0,3.7421052631578946,81.40789473684211,36.9,162.8,44.58947368421053,47.71842105263158,52.84473684210526,45.973684210526315,52.20263157894737,25.955263157894734,1,0.06130790190735695,0.2452316076294278,0.0,0.04965940054495913,0.07295640326975476,3.19,0.2452316076294278,0.1226158038147139,0.2452316076294278
P01037,Idrissa Seck,Senegalese,Forward,Senegal,31,6123607,Kaizer Chiefs,38,1560,1,1,0.88,0.39,27,10,15,5,20,8,0.758157894736842,0,0,3.892105263157895,81.3078947368421,36.3,171.6,38.402631578947364,42.25,51.71052631578947,38.96315789473684,44.61052631578948,24.42105263157895,0,0.057692307692307696,0.057692307692307696,0.057692307692307696,0.050769230769230775,0.022500000000000003,0.12,0.11538461538461539,0.07326923076923078,0.11538461538461539
P01038,Edouard Koulibaly,Senegalese,Forward,Senegal,34,8684872,Mamelodi Sundowns,38,1285,3,2,0.62,0.46,26,17,13,3,16,4,0.7868421052631579,0,0,3.573684210526316,79.42894736842106,35.3,136.9,39.99473684210526,42.12105263157895,53.05526315789474,42.01052631578948,40.81315789473685,25.128947368421052,1,0.07003891050583658,0.21011673151750973,0.14007782101167315,0.04342412451361868,0.032217898832684826,2.38,0.35019455252918286,0.0756420233463035,0.35019455252918286
P01039,Boulaye Mendy,Senegalese,Forward,Senegal,24,13286443,ES Tunis,38,1094,8,1,0.9500000000000001,0.76,28,15,5,10,21,16,0.7794736842105263,0,0,3.3000000000000003,83.92368421052632,36.5,119.6,64.61842105263158,68.23421052631579,55.64473684210526,66.08421052631579,72.23157894736842,24.80263157894737,1,0.08226691042047532,0.6581352833638026,0.08226691042047532,0.07815356489945156,0.06252285191956124,7.05,0.7404021937842779,0.1406764168190128,0.7404021937842779
P01040,Pape Sarr,Senegalese,Forward,Senegal,27,44198676,Orlando Pirates,38,1362,8,4,3.08,0.9,72,43,15,3,45,32,0.7871052631578948,0,0,4.678947368421053,83.99473684210527,37.0,147.6,95.96315789473684,97.47631578947369,61.71052631578947,93.57631578947368,98.22368421052632,25.481578947368423,2,0.06607929515418502,0.5286343612334802,0.2643171806167401,0.20352422907488987,0.059471365638766524,4.92,0.7929515418502202,0.2629955947136564,0.7929515418502202
P01041,Achraf Saiss,Moroccan,Goalkeeper,Morocco,30,2480872,Zamalek,55,1047,0,0,0.0,0.0,0,6,0,3,23,0,0.7147272727272728,29,6,1.509090909090909,77.53272727272727,30.4,96.9,30.065454545454543,49.32909090909091,52.31636363636364,46.45454545454545,9.825454545454544,56.165454545454544,0,0.08595988538681948,0.0,0.0,0.0,0.0,0.0,0.0,0.0,0.0
P01042,Romain Amrabat,Moroccan,Goalkeeper,Morocco,26,3417291,ASEC Mimosas,55,1346,0,0,0.0,0.0,0,4,0,5,27,0,0.7216363636363636,62,7,2.0109090909090908,78.98363636363636,34.0,129.9,31.14909090909091,50.165454545454544,55.50363636363636,45.74727272727272,10.276363636363637,55.441818181818185,0,0.06686478454680535,0.0,0.0,0.0,0.0,0.0,0.0,0.0,0.0
P01043,Nayef Ziyech,Moroccan,Goalkeeper,Morocco,28,1555212,Mamelodi Sundowns,55,1708,0,0,0.0,0.0,0,5,0,5,30,1,0.741090909090909,64,7,2.441818181818182,76.52000000000001,34.0,156.0,30.696363636363635,42.25636363636364,51.550909090909094,39.014545454545456,10.156363636363636,48.041818181818186,0,0.05269320843091335,0.0,0.0,0.0,0.0,0.0,0.0,0.0,0.0
P01044,Achraf Bounou,Moroccan,Defender,Morocco,29,13987052,Orlando Pirates,55,2366,2,2,0.0,0.39,13,23,107,81,117,1,0.8267272727272728,0,0,4.154545454545454,84.84727272727274,37.0,248.20000000000002,28.869090909090907,72.2,58.760000000000005,69.11454545454546,33.99636363636363,74.91818181818182,2,0.03803888419273035,0.0760777683854607,0.0760777683854607,0.0,0.014835164835164836,2.0,0.1521555367709214,0.014835164835164836,0.1521555367709214
P01045,Romain Mazraoui,Moroccan,Defender,Morocco,33,10590344,Gor Mahia,55,2130,1,0,0.01,0.42000000000000004,9,12,71,64,105,1,0.8201818181818181,0,0,3.5509090909090912,84.23272727272727,35.2,218.1,29.423636363636362,70.28909090909092,56.92363636363637,66.27818181818182,36.14727272727273,75.52000000000001,0,0.04225352112676056,0.04225352112676056,0.0,0.00042253521126760566,0.01774647887323944,0.99,0.04225352112676056,0.018169014084507044,0.04225352112676056
P01046,Nayef Boufal,Moroccan,Defender,Morocco,28,5261191,Al-Masry,55,2316,0,0,0.02,0.19999999999999998,21,11,77,67,88,1,0.8170909090909091,0,0,3.4927272727272727,80.40363636363637,37.0,245.9,28.845454545454544,47.67090909090909,52.11090909090909,46.67090909090909,24.383636363636363,52.86545454545455,0,0.038860103626943004,0.0,0.0,0.0007772020725388601,0.0077720207253886,-0.02,0.0,0.00854922279792746,0.0
P01047,Sofyan Hakimi,Moroccan,Defender,Morocco,27,2957986,Zamalek,55,1743,0,1,0.24000000000000002,0.12000000000000001,4,5,74,54,71,0,0.8227272727272728,0,0,3.4745454545454546,80.89090909090909,35.9,182.1,29.34,47.83090909090909,52.72181818181818,46.69636363636364,25.474545454545453,53.525454545454544,0,0.05163511187607573,0.0,0.05163511187607573,0.012392426850258176,0.006196213425129088,-0.24000000000000002,0.05163511187607573,0.018588640275387265,0.05163511187607573
P01048,Yassine Dari,Moroccan,Defender,Morocco,32,3240864,Wydad Casablanca,55,1787,1,0,0.16999999999999998,0.060000000000000005,11,9,65,56,77,1,0.8110909090909091,0,0,3.258181818181818,82.84363636363636,37.0,190.9,33.012727272727275,70.80727272727273,54.405454545454546,69.05090909090909,34.018181818181816,72.38363636363636,1,0.05036373810856184,0.05036373810856184,0.0,0.008561835478455512,0.0030218242865137105,0.8300000000000001,0.05036373810856184,0.011583659764969223,0.05036373810856184
P01049,Hakim Ezzalzouli,Moroccan,Defender,Morocco,26,79514063,Wydad Casablanca,55,1899,1,4,0.06,0.59,8,23,77,55,160,2,0.8076363636363637,0,0,4.125454545454546,83.30727272727272,36.7,196.7,28.156363636363636,98.1109090909091,62.056363636363635,94.39818181818181,51.836363636363636,98.59636363636363,1,0.04739336492890995,0.04739336492890995,0.1895734597156398,0.002843601895734597,0.02796208530805687,0.94,0.23696682464454974,0.030805687203791468,0.23696682464454974
P01050,Noussair El Khannouss,Moroccan,Defender,Morocco,23,2970061,Club Africain,55,1696,0,0,0.08,0.09999999999999999,5,11,50,47,52,0,0.8336363636363636,0,0,3.4072727272727272,81.22000000000001,35.7,183.2,32.18545454545455,49.625454545454545,54.74181818181818,45.60727272727273,25.252727272727274,52.872727272727275,0,0.05306603773584906,0.0,0.0,0.0042452830188679245,0.005306603773584905,-0.08,0.0,0.00955188679245283,0.0
P01051,Selim Benoun,Moroccan,Defender,Morocco,24,6526379,Gor Mahia,55,2457,1,0,0.23,0.44,15,21,85,76,121,1,0.8274545454545454,0,0,4.258181818181818,83.53999999999999,34.9,258.8,29.772727272727273,69.04545454545455,55.87818181818182,66.64363636363636,34.93818181818182,75.15818181818182,0,0.03663003663003663,0.03663003663003663,0.0,0.008424908424908426,0.01611721611721612,0.77,0.03663003663003663,0.024542124542124545,0.03663003663003663
P01052,Azzedine Riad,Moroccan,Defender,Morocco,24,6360926,Gor Mahia,55,2255,0,1,0.0,0.44,12,11,81,46,136,3,0.8201818181818181,0,0,4.010909090909091,81.82363636363637,35.3,230.9,29.852727272727275,70.41090909090909,55.61636363636364,67.71818181818182,36.54181818181818,74.87454545454545,0,0.03991130820399113,0.0,0.03991130820399113,0.0,0.017560975609756096,0.0,0.03991130820399113,0.017560975609756096,0.03991130820399113
P01053,Achraf Amellah,Moroccan,Midfielder,Morocco,24,20874115,JS Kabylie,55,2038,2,8,0.59,1.35,36,41,65,41,112,11,0.8623636363636363,0,0,4.0181818181818185,81.97999999999999,36.4,243.79999999999998,63.41272727272727,70.41636363636364,59.01272727272727,63.58,60.67818181818182,54.85272727272727,2,0.04416094210009813,0.08832188420019627,0.35328753680078506,0.026054955839057897,0.05961727183513248,1.4100000000000001,0.44160942100098133,0.08567222767419039,0.44160942100098133
P01054,Romain Aboukhlal,Moroccan,Midfielder,Morocco,18,46433213,TP Mazembe,55,2636,5,3,1.23,1.51,46,83,66,46,162,30,0.8501818181818181,0,0,4.87090909090909,84.07818181818182,35.6,315.0,79.79818181818182,91.01818181818182,59.27454545454545,82.4109090909091,79.96000000000001,68.57272727272728,1,0.03414264036418816,0.1707132018209408,0.10242792109256449,0.041995447647951434,0.05155538694992412,3.77,0.2731411229135053,0.09355083459787555,0.2731411229135053
P01055,Nayef Saibari,Moroccan,Midfielder,Morocco,24,3938028,ASEC Mimosas,55,1985,3,2,0.18,1.06,19,24,56,30,57,7,0.8616363636363636,0,0,4.0618181818181816,81.73272727272727,35.8,234.3,44.18181818181818,47.1,52.18909090909091,46.40181818181818,42.74363636363636,37.13818181818181,1,0.04534005037783375,0.13602015113350124,0.0906801007556675,0.008161209068010074,0.04806045340050378,2.82,0.22670025188916876,0.05622166246851385,0.22670025188916876
P01056,Sofyan Chair,Moroccan,Midfielder,Morocco,28,19794234,Gor Mahia,55,2177,6,6,1.04,2.09,37,80,52,33,117,22,0.843090909090909,0,0,4.381818181818182,82.22181818181818,37.0,251.5,79.35272727272726,88.6109090909091,60.19636363636364,86.40545454545455,73.38727272727273,68.53999999999999,2,0.04134129536058796,0.24804777216352777,0.24804777216352777,0.04299494717501148,0.08640330730362883,4.96,0.49609554432705555,0.1293982544786403,0.49609554432705555
P01057,Yassine El Yamiq,Moroccan,Midfielder,Morocco,19,21194147,Al-Hilal Omdurman,55,2200,5,13,1.73,3.02,35,75,60,47,142,24,0.8505454545454546,0,0,4.614545454545455,84.15636363636364,37.0,264.9,82.86,89.54727272727273,60.276363636363634,83.30363636363636,80.32909090909092,69.04727272727273,1,0.04090909090909091,0.20454545454545453,0.5318181818181819,0.07077272727272726,0.12354545454545454,3.27,0.7363636363636363,0.1943181818181818,0.7363636363636363
P01058,Hakim Aguerd,Moroccan,Midfielder,Morocco,21,16376317,TP Mazembe,55,1776,1,1,0.85,2.6,23,25,36,36,69,14,0.8367272727272728,0,0,3.4927272727272727,84.70363636363636,37.0,213.7,66.31272727272727,70.16181818181818,55.68909090909091,66.1,59.06363636363636,54.845454545454544,0,0.05067567567567568,0.05067567567567568,0.05067567567567568,0.04307432432432433,0.13175675675675677,0.15000000000000002,0.10135135135135136,0.17483108108108109,0.10135135135135136
P01059,Noussair Chibi,Moroccan,Midfielder,Morocco,22,3323569,Al-Hilal Omdurman,55,1946,2,1,0.4700000000000001,0.9299999999999999,15,24,46,34,44,9,0.8483636363636363,0,0,3.401818181818182,79.80545454545455,37.0,216.8,40.64727272727273,42.99090909090909,53.36363636363637,39.86181818181819,36.31454545454545,32.265454545454546,1,0.046248715313463515,0.09249743062692703,0.046248715313463515,0.021736896197327858,0.04301130524152107,1.5299999999999998,0.13874614594039053,0.06474820143884892,0.13874614594039053
P01060,Selim Saiss,Moroccan,Midfielder,Morocco,21,62179334,Al-Hilal Omdurman,55,1786,1,1,0.6900000000000001,3.0,29,56,36,20,120,14,0.8565454545454545,0,0,3.6218181818181816,79.53818181818183,36.7,215.5,81.80727272727272,88.1509090909091,60.86545454545455,83.14727272727274,77.83090909090909,69.61818181818182,1,0.05039193729003359,0.05039193729003359,0.05039193729003359,0.03477043673012318,0.15117581187010076,0.30999999999999994,0.10078387458006718,0.18594624860022393,0.10078387458006718
P01061,Achraf El Yamiq,Moroccan,Forward,Morocco,21,21996955,Wydad Casablanca,55,1931,8,3,4.9,1.25,63,29,21,8,39,16,0.7723636363636363,0,0,4.092727272727273,83.18909090909091,35.5,216.5,64.36909090909091,68.13272727272728,54.46363636363636,67.01272727272728,71.57818181818182,25.8,2,0.04660797514241326,0.37286380113930606,0.13982392542723976,0.228379078197825,0.058259968928016576,3.0999999999999996,0.5126877265665458,0.28663904712584154,0.5126877265665458
P01062,Romain Aguerd,Moroccan,Forward,Morocco,29,12547415,Gor Mahia,55,2291,6,4,1.9,0.93,33,18,22,7,36,11,0.7754545454545454,0,0,3.958181818181818,81.07090909090908,35.8,256.1,38.67818181818182,40.21454545454546,52.32181818181818,41.343636363636364,43.656363636363636,24.065454545454543,1,0.0392841553906591,0.23570493234395462,0.1571366215626364,0.0746398952422523,0.036534264513312965,4.1,0.39284155390659103,0.11117415975556527,0.39284155390659103
P01063,Nayef Chibi,Moroccan,Forward,Morocco,17,7351828,TP Mazembe,55,2354,3,3,3.6100000000000003,0.78,49,24,24,11,26,5,0.7827272727272727,0,0,4.16,80.86545454545455,36.5,265.1,41.02363636363636,42.08909090909091,51.93636363636364,41.236363636363635,43.67090909090909,23.84909090909091,2,0.038232795242141036,0.1146983857264231,0.1146983857264231,0.13802039082412915,0.029821580288870008,-0.6100000000000003,0.2293967714528462,0.16784197111299914,0.2293967714528462
P01064,Sofyan Saiss,Moroccan,Forward,Morocco,32,10549298,MC Alger,55,1883,5,1,1.1400000000000001,0.49,24,27,13,7,25,10,0.7870909090909091,0,0,3.5127272727272727,79.24363636363636,36.0,206.5,39.75272727272728,43.43090909090909,51.0690909090909,41.5,44.20363636363636,24.947272727272725,0,0.04779607010090282,0.23898035050451408,0.04779607010090282,0.05448751991502922,0.02342007434944238,3.86,0.2867764206054169,0.0779075942644716,0.2867764206054169
P01065,Yassine Amrabat,Moroccan,Forward,Morocco,31,93873778,Club Africain,55,2014,5,4,3.36,2.32,95,39,15,11,59,39,0.769090909090909,0,0,3.88,81.96909090909091,36.0,231.3,79.10363636363635,89.55636363636364,56.7509090909091,83.71636363636362,91.57818181818182,24.794545454545457,1,0.044687189672293945,0.22343594836146974,0.17874875868917578,0.15014895729890765,0.10367428003972194,1.6400000000000001,0.4021847070506455,0.2538232373386296,0.4021847070506455
P01066,Hakim Ziyech,Moroccan,Forward,Morocco,19,73476489,TP Mazembe,55,1917,10,3,2.9699999999999998,1.36,83,57,12,9,65,47,0.7792727272727272,0,0,4.087272727272728,84.60545454545455,37.0,217.6,93.57636363636364,97.13636363636364,63.343636363636364,92.45636363636365,97.58545454545454,25.336363636363636,2,0.046948356807511735,0.4694835680751174,0.1408450704225352,0.13943661971830984,0.06384976525821597,7.03,0.6103286384976525,0.2032863849765258,0.6103286384976525
P01067,Victor Chukwueze,Nigerian,Goalkeeper,Nigeria,31,35161251,Raja Casablanca,40,944,0,0,0.0,0.0,0,1,0,7,17,1,0.71075,41,4,2.2024999999999997,77.80749999999999,31.4,88.2,30.48,89.96000000000001,56.515,81.91749999999999,9.82,97.78999999999999,0,0.09533898305084745,0.0,0.0,0.0,0.0,0.0,0.0,0.0,0.0
P01068,Samuel Iwobi,Nigerian,Goalkeeper,Nigeria,28,4031553,Gor Mahia,40,1256,0,0,0.0,0.0,0,7,0,6,21,1,0.71825,48,5,2.3775,78.2625,34.0,116.5,29.389999999999997,40.8875,56.17999999999999,38.94,10.9375,48.9775,0,0.07165605095541401,0.0,0.0,0.0,0.0,0.0,0.0,0.0,0.0
P01069,Wilfred Okafor,Nigerian,Goalkeeper,Nigeria,22,1831229,Club Africain,40,899,0,0,0.0,0.0,0,1,0,4,13,1,0.711,26,2,1.6575,77.58250000000001,31.6,87.8,30.027499999999996,48.305,53.004999999999995,46.9625,10.1675,56.355,0,0.10011123470522804,0.0,0.0,0.0,0.0,0.0,0.0,0.0,0.0
P01070,Victor Aribo,Nigerian,Defender,Nigeria,21,2948449,MC Alger,40,1771,1,1,0.2,0.05,4,7,65,46,39,1,0.8242499999999999,0,0,3.9625,82.3475,37.0,187.3,30.3375,41.8075,53.029999999999994,38.9525,20.79,43.21,2,0.050818746470920384,0.050818746470920384,0.050818746470920384,0.010163749294184078,0.0025409373235460195,0.8,0.10163749294184077,0.012704686617730098,0.10163749294184077
P01071,Samuel Simon,Nigerian,Defender,Nigeria,29,7541969,JS Kabylie,40,1293,0,1,0.12,0.06,5,5,31,51,65,1,0.82125,0,0,3.22,79.1375,36.2,139.6,30.2425,48.7525,57.7625,45.65,25.7875,53.105,0,0.06960556844547564,0.0,0.06960556844547564,0.008352668213457076,0.004176334106728538,-0.12,0.06960556844547564,0.012529002320185613,0.06960556844547564
P01072,Wilfred Moffi,Nigerian,Defender,Nigeria,28,13564091,Kaizer Chiefs,40,1196,1,1,0.01,0.16,6,5,47,33,69,1,0.82,0,0,3.5075000000000003,82.565,34.7,122.9,28.872500000000002,71.155,53.347500000000004,61.442499999999995,35.5625,72.8025,1,0.07525083612040134,0.07525083612040134,0.07525083612040134,0.0007525083612040135,0.012040133779264215,0.99,0.1505016722408027,0.012792642140468229,0.1505016722408027
P01073,Alex Ekong,Nigerian,Defender,Nigeria,30,3837321,MC Alger,40,1506,1,4,0.02,0.07,8,6,59,47,73,0,0.8332499999999999,0,0,4.04,84.4725,35.4,168.1,30.975,51.225,54.029999999999994,45.095,25.6025,54.38250000000001,1,0.05976095617529881,0.05976095617529881,0.23904382470119523,0.0011952191235059762,0.004183266932270917,0.98,0.29880478087649404,0.0053784860557768936,0.29880478087649404
P01074,Joe Aina,Nigerian,Defender,Nigeria,29,9885072,Al-Masry,40,1616,3,0,0.11,0.5,11,8,55,49,88,0,0.8160000000000001,0,0,4.195,80.94,36.3,161.4,30.597500000000004,68.77000000000001,57.475,67.6525,35.114999999999995,76.16499999999999,0,0.055693069306930694,0.1670792079207921,0.0,0.0061262376237623765,0.027846534653465347,2.89,0.1670792079207921,0.033972772277227725,0.1670792079207921
P01075,Calvin Sanusi,Nigerian,Defender,Nigeria,21,32150410,MC Alger,40,1166,0,1,0.11,0.02,4,12,29,38,80,0,0.8154999999999999,0,0,2.98,82.9025,36.7,127.2,29.96,89.1275,54.095000000000006,83.955,43.0775,94.1825,0,0.07718696397941681,0.0,0.07718696397941681,0.008490566037735849,0.0015437392795883361,-0.11,0.07718696397941681,0.010034305317324185,0.07718696397941681
P01076,Moses Nwabili,Nigerian,Defender,Nigeria,23,13284346,Mamelodi Sundowns,40,1501,5,4,0.03,0.18,10,9,59,45,86,2,0.82225,0,0,3.665,81.14750000000001,36.0,155.6,30.2725,70.47,55.5,62.152499999999996,35.5125,75.83500000000001,3,0.05996002664890073,0.29980013324450366,0.23984010659560293,0.0017988007994670218,0.01079280479680213,4.97,0.5396402398401066,0.012591605596269153,0.5396402398401066
P01077,Ademola Dessers,Nigerian,Defender,Nigeria,27,19607318,Orlando Pirates,40,1570,1,2,0.03,0.36,11,14,46,41,115,0,0.8182499999999999,0,0,4.2225,82.89500000000001,37.0,172.4,28.905,90.95750000000001,54.265,87.24,47.655,92.9725,1,0.05732484076433121,0.05732484076433121,0.11464968152866242,0.0017197452229299362,0.020636942675159236,0.97,0.17197452229299365,0.022356687898089173,0.17197452229299365
P01078,Terem Bassey,Nigerian,Defender,Nigeria,27,30732121,Wydad Casablanca,40,1652,2,1,0.16,0.17,7,10,61,49,93,1,0.827,0,0,4.4125,83.33250000000001,36.4,179.8,32.010000000000005,71.13,55.629999999999995,62.855,34.947500000000005,76.075,1,0.05447941888619855,0.1089588377723971,0.05447941888619855,0.008716707021791767,0.009261501210653753,1.84,0.16343825665859563,0.01797820823244552,0.16343825665859563
P01079,Victor Ola-Aina,Nigerian,Midfielder,Nigeria,18,21422249,ES Tunis,40,1422,1,7,0.35000000000000003,1.32,23,29,37,21,53,9,0.8487500000000001,0,0,4.1,83.4675,36.1,178.0,63.567499999999995,71.615,56.57000000000001,66.1225,56.089999999999996,54.5375,0,0.06329113924050633,0.06329113924050633,0.44303797468354433,0.02215189873417722,0.08354430379746837,0.6499999999999999,0.5063291139240507,0.10569620253164559,0.5063291139240507
P01080,Samuel Uzoho,Nigerian,Midfielder,Nigeria,19,27321405,Orlando Pirates,40,1272,1,5,0.3,1.4,21,29,37,23,58,11,0.852,0,0,3.6799999999999997,84.2175,36.3,162.2,81.4425,91.125,56.61749999999999,84.255,74.97,74.14,2,0.07075471698113207,0.07075471698113207,0.35377358490566035,0.02122641509433962,0.0990566037735849,0.7,0.4245283018867924,0.12028301886792452,0.4245283018867924
P01081,Wilfred Iheanacho,Nigerian,Midfielder,Nigeria,25,67565642,MC Alger,40,1575,0,5,1.2,2.94,30,65,27,37,111,21,0.8380000000000001,0,0,4.7625,86.44500000000001,35.9,184.7,92.6375,96.97,59.1725,94.52000000000001,90.58500000000001,79.99249999999999,0,0.05714285714285714,0.0,0.2857142857142857,0.06857142857142856,0.16799999999999998,-1.2,0.2857142857142857,0.23657142857142854,0.2857142857142857
P01082,Alex Awoniyi,Nigerian,Midfielder,Nigeria,19,2832650,Gor Mahia,40,1283,0,3,0.21,0.91,15,21,28,14,34,2,0.8484999999999999,0,0,3.1550000000000002,81.075,36.5,147.1,44.815,49.464999999999996,53.7675,47.302499999999995,41.082499999999996,40.03,1,0.0701480904130943,0.0,0.21044427123928292,0.014731098986749803,0.06383476227591582,-0.21,0.21044427123928292,0.07856586126266563,0.21044427123928292
P01083,Joe Ajayi,Nigerian,Midfielder,Nigeria,21,4298185,Al-Masry,40,1229,1,2,0.65,0.67,10,19,27,19,51,4,0.8460000000000001,0,0,3.1550000000000002,80.29249999999999,36.0,147.9,45.87,49.22,57.3725,42.785000000000004,42.635000000000005,36.55,1,0.07323026851098453,0.07323026851098453,0.14646053702196907,0.04759967453213995,0.04906427990235964,0.35,0.21969080553295361,0.0966639544344996,0.21969080553295361
P01084,Calvin Ejuke,Nigerian,Midfielder,Nigeria,20,17419548,MC Alger,40,1645,3,4,0.6,0.51,26,31,45,33,60,9,0.84975,0,0,4.0424999999999995,83.9875,35.7,194.0,64.9625,66.9675,55.21,63.23,61.38250000000001,56.277499999999996,2,0.0547112462006079,0.1641337386018237,0.2188449848024316,0.03282674772036474,0.02790273556231003,2.4,0.3829787234042553,0.06072948328267477,0.3829787234042553
P01085,Moses Agbadou,Nigerian,Midfielder,Nigeria,34,2291413,Wydad Casablanca,40,1810,0,1,0.65,1.17,13,25,49,26,53,7,0.8525,0,0,3.7525,80.37,35.4,220.9,45.4375,48.5025,52.4825,47.582499999999996,43.475,38.3875,1,0.049723756906077346,0.0,0.049723756906077346,0.032320441988950274,0.05817679558011049,-0.65,0.049723756906077346,0.09049723756906076,0.049723756906077346
P01086,Ademola Chukwueze,Nigerian,Midfielder,Nigeria,24,14312208,Club Africain,40,1824,7,4,0.02,2.55,30,49,37,33,69,14,0.86175,0,0,4.279999999999999,83.7775,34.8,213.2,64.825,72.5525,54.045,63.8775,60.0475,54.907500000000006,0,0.049342105263157895,0.34539473684210525,0.19736842105263158,0.000986842105263158,0.12582236842105263,6.98,0.5427631578947368,0.12680921052631577,0.5427631578947368
P01087,Victor Ajayi,Nigerian,Forward,Nigeria,23,5257395,Raja Casablanca,40,1518,6,1,1.92,0.59,38,24,14,3,32,24,0.7969999999999999,0,0,3.9200000000000004,82.21000000000001,35.6,163.2,63.410000000000004,69.175,57.822500000000005,65.0025,72.4425,24.8875,1,0.05928853754940711,0.3557312252964427,0.05928853754940711,0.11383399209486166,0.0349802371541502,4.08,0.4150197628458498,0.14881422924901186,0.4150197628458498
P01088,Samuel Ejuke,Nigerian,Forward,Nigeria,29,4469531,TP Mazembe,40,1990,5,2,1.82,0.6900000000000001,33,18,14,14,31,12,0.77575,0,0,4.4975000000000005,82.45,36.2,218.5,36.62,43.045,57.02,36.825,43.292500000000004,25.345,0,0.04522613065326633,0.22613065326633167,0.09045226130653267,0.08231155778894472,0.031206030150753773,3.1799999999999997,0.31658291457286436,0.11351758793969849,0.31658291457286436
P01089,Wilfred Agbadou,Nigerian,Forward,Nigeria,26,26979878,Al Ahly,40,1377,8,5,1.9,0.45,44,28,11,4,44,16,0.77125,0,0,3.6725000000000003,81.1325,35.3,145.4,82.685,90.11,55.3625,85.1625,89.14500000000001,26.4875,3,0.06535947712418301,0.5228758169934641,0.32679738562091504,0.12418300653594772,0.029411764705882356,6.1,0.8496732026143792,0.15359477124183007,0.8496732026143792
P01090,Alex Chukwueze,Nigerian,Forward,Nigeria,23,30840644,Gor Mahia,40,1630,10,4,2.28,1.04,68,28,17,3,45,26,0.77975,0,0,4.8975,86.82000000000001,36.0,172.0,81.29249999999999,87.4025,55.8875,84.885,87.19500000000001,24.975,1,0.05521472392638037,0.5521472392638037,0.22085889570552147,0.12588957055214722,0.057423312883435586,7.720000000000001,0.7730061349693251,0.1833128834355828,0.7730061349693251
P01091,Joe Iwobi,Nigerian,Forward,Nigeria,24,5745311,Al-Masry,40,1544,3,5,1.42,0.35,26,18,12,12,27,12,0.78025,0,0,3.6475,81.5175,35.7,162.5,47.39,48.1075,55.0775,46.8625,50.825,23.794999999999998,1,0.05829015544041451,0.17487046632124353,0.2914507772020725,0.0827720207253886,0.020401554404145077,1.58,0.46632124352331605,0.10317357512953368,0.46632124352331605
P01092,Calvin Okafor,Nigerian,Forward,Nigeria,29,3974269,Zamalek,40,1340,5,1,1.1300000000000001,0.71,38,17,14,6,22,7,0.762,0,0,3.4575000000000005,80.375,35.6,142.6,46.375,49.1175,56.9975,46.980000000000004,51.195,22.192500000000003,0,0.06716417910447761,0.33582089552238803,0.06716417910447761,0.0758955223880597,0.0476865671641791,3.87,0.4029850746268656,0.1235820895522388,0.4029850746268656
P01093,Mohammed Partey,Ghanaian,Goalkeeper,Ghana,24,9734343,Wydad Casablanca,45,1167,0,1,0.0,0.0,0,2,0,4,32,1,0.738,51,5,2.16,79.85111111111111,32.7,111.5,27.795555555555556,70.82444444444444,54.431111111111115,66.22666666666666,11.413333333333334,78.74000000000001,0,0.07712082262210797,0.0,0.07712082262210797,0.0,0.0,0.0,0.07712082262210797,0.0,0.07712082262210797
P01094,Thomas Ayew,Ghanaian,Goalkeeper,Ghana,28,17073743,Wydad Casablanca,45,1074,0,0,0.0,0.0,0,7,0,4,22,0,0.7075555555555556,40,2,1.7844444444444443,76.46888888888888,32.3,101.8,31.393333333333334,71.14444444444445,52.16,67.29555555555557,10.966666666666667,82.8,0,0.08379888268156424,0.0,0.0,0.0,0.0,0.0,0.0,0.0,0.0
P01095,Jordan Williams,Ghanaian,Goalkeeper,Ghana,23,28351276,Al-Hilal Omdurman,45,1306,0,0,0.0,0.0,0,5,0,10,43,0,0.7244444444444444,48,4,2.566666666666667,79.42666666666666,31.5,118.1,27.646666666666665,90.39333333333333,56.355555555555554,82.72666666666666,10.908888888888889,97.63555555555557,0,0.06891271056661562,0.0,0.0,0.0,0.0,0.0,0.0,0.0,0.0
P01096,Mohammed Sulemana,Ghanaian,Defender,Ghana,31,4611388,ASEC Mimosas,45,1381,0,0,0.04,0.25,7,8,45,42,33,1,0.8062222222222223,0,0,2.897777777777778,79.35333333333334,36.0,145.1,27.606666666666666,41.77111111111111,53.69333333333333,39.1,20.822222222222223,45.91555555555555,0,0.06517016654598118,0.0,0.0,0.002606806661839247,0.016292541636495295,-0.04,0.0,0.01889934829833454,0.0
P01097,Thomas Djiku,Ghanaian,Defender,Ghana,31,4844869,JS Kabylie,45,1521,2,0,0.37,0.08,7,9,44,52,49,0,0.8122222222222222,0,0,2.9533333333333336,80.3288888888889,35.7,156.8,29.779999999999998,48.595555555555556,51.20444444444444,44.76444444444444,26.93777777777778,51.36666666666667,0,0.05917159763313609,0.11834319526627218,0.0,0.021893491124260353,0.004733727810650888,1.63,0.11834319526627218,0.02662721893491124,0.11834319526627218
P01098,Jordan Baba,Ghanaian,Defender,Ghana,28,1361966,MC Alger,45,1682,2,2,0.07,0.2,10,9,62,41,52,0,0.802,0,0,3.673333333333334,82.85333333333334,36.0,179.4,29.806666666666665,42.16888888888889,56.18666666666667,39.23555555555556,20.093333333333334,44.38666666666667,0,0.0535077288941736,0.1070154577883472,0.1070154577883472,0.0037455410225921523,0.01070154577883472,1.93,0.2140309155766944,0.014447086801426872,0.2140309155766944
P01099,Andre Kudus,Ghanaian,Defender,Ghana,23,29521157,ES Tunis,45,1586,0,0,0.0,0.24,6,12,63,42,88,1,0.8111111111111111,0,0,4.222222222222222,85.38,37.0,172.4,29.455555555555556,68.54,55.873333333333335,62.30666666666667,34.55333333333333,75.33333333333333,0,0.05674653215636822,0.0,0.0,0.0,0.013619167717528372,0.0,0.0,0.013619167717528372,0.0
P01100,Kamaldeen Barnieh,Ghanaian,Defender,Ghana,37,2464692,Kaizer Chiefs,45,1536,0,3,0.12,0.45,10,7,53,45,60,0,0.8153333333333332,0,0,3.4755555555555557,81.89333333333333,35.3,164.0,31.09777777777778,42.571111111111115,53.648888888888884,39.36666666666667,21.806666666666665,44.37555555555556,0,0.05859375,0.0,0.17578125,0.007031249999999999,0.0263671875,-0.12,0.17578125,0.0333984375,0.17578125
P01101,Inaki Seidu,Ghanaian,Defender,Ghana,24,15848770,TP Mazembe,45,1803,0,2,0.11000000000000001,0.78,7,17,66,48,119,0,0.8264444444444444,0,0,4.535555555555556,85.15555555555555,36.4,199.7,30.055555555555557,89.66,55.873333333333335,81.66666666666667,44.73777777777778,92.5,0,0.04991680532445923,0.0,0.09983361064891846,0.0054908485856905165,0.0389351081530782,-0.11000000000000001,0.09983361064891846,0.044425956738768715,0.09983361064891846
P01102,Alexander Abubakari,Ghanaian,Defender,Ghana,28,5651167,Wydad Casablanca,45,1779,2,2,0.13,0.32,9,13,76,50,112,0,0.82,0,0,4.482222222222222,84.63555555555556,36.1,190.5,26.94888888888889,69.77555555555556,55.52444444444444,64.73333333333333,37.22222222222222,75.6288888888889,0,0.050590219224283306,0.10118043844856661,0.10118043844856661,0.00657672849915683,0.01618887015177066,1.87,0.20236087689713322,0.02276559865092749,0.20236087689713322
P01103,Daniel Lens,Ghanaian,Defender,Ghana,27,3210928,Raja Casablanca,45,1678,0,2,0.12000000000000001,0.06,17,4,51,38,47,0,0.8153333333333332,0,0,3.6577777777777776,80.73111111111112,36.6,180.2,32.342222222222226,48.662222222222226,51.19111111111111,45.904444444444444,25.715555555555557,51.22222222222222,0,0.05363528009535161,0.0,0.10727056019070322,0.006436233611442193,0.003218116805721096,-0.12000000000000001,0.10727056019070322,0.009654350417163289,0.10727056019070322
P01104,Osman Mensah,Ghanaian,Defender,Ghana,28,3689239,Al-Masry,45,1983,0,1,0.05,0.09,10,10,86,49,66,1,0.8255555555555555,0,0,4.640000000000001,85.09333333333333,36.5,217.3,30.644444444444446,42.38666666666667,56.01555555555555,39.14888888888889,20.786666666666665,45.57333333333334,0,0.0453857791225416,0.0,0.0453857791225416,0.0022692889561270802,0.004084720121028744,-0.05,0.0453857791225416,0.006354009077155824,0.0453857791225416
P01105,Mohammed Otoo,Ghanaian,Midfielder,Ghana,32,82951403,Kaizer Chiefs,45,1939,6,7,0.5,3.13,52,76,41,27,134,23,0.8482222222222222,0,0,4.764444444444445,83.84444444444445,37.0,239.8,90.74444444444444,97.73555555555556,57.45333333333333,92.74888888888889,90.64,78.14888888888889,2,0.04641567818463126,0.2784940691077875,0.3249097472924188,0.02320783909231563,0.14528107271789584,5.5,0.6034038164002062,0.16848891181021147,0.6034038164002062
P01106,Thomas Rahman,Ghanaian,Midfielder,Ghana,28,8214628,Al Ahly,45,1581,3,0,0.23,0.99,12,28,34,32,45,5,0.8462222222222222,0,0,3.282222222222222,80.54,35.6,187.0,46.6,48.12222222222222,53.955555555555556,45.81333333333333,41.76,36.00888888888889,2,0.056925996204933584,0.17077798861480076,0.0,0.013092979127134724,0.056356736242884245,2.77,0.17077798861480076,0.06944971537001897,0.17077798861480076
P01107,Jordan Kasim,Ghanaian,Midfielder,Ghana,25,5462876,TP Mazembe,45,1824,0,0,0.15,0.91,22,30,60,33,55,8,0.8502222222222222,0,0,3.1422222222222222,81.86,36.5,216.2,43.4,47.29777777777778,55.91555555555555,44.69111111111111,43.82,38.82,0,0.049342105263157895,0.0,0.0,0.007401315789473684,0.044901315789473685,-0.15,0.0,0.05230263157894737,0.0
P01108,Andre Osabutey,Ghanaian,Midfielder,Ghana,30,35025737,TP Mazembe,45,1744,5,5,0.23,1.73,35,51,31,17,97,15,0.8519999999999999,0,0,4.897777777777778,82.52222222222223,35.8,208.8,78.84,87.51555555555555,58.166666666666664,83.05777777777777,78.48222222222222,69.92666666666666,1,0.051605504587155966,0.25802752293577985,0.25802752293577985,0.011869266055045872,0.08927752293577983,4.77,0.5160550458715597,0.1011467889908257,0.5160550458715597
P01109,Kamaldeen Attiogbe,Ghanaian,Midfielder,Ghana,21,13160708,Gor Mahia,45,1797,3,2,1.41,2.6,23,36,42,31,90,11,0.8635555555555555,0,0,3.922222222222222,81.16444444444444,35.7,228.1,68.12,71.90222222222222,56.89333333333333,68.14888888888889,61.89777777777778,58.61555555555555,1,0.05008347245409015,0.15025041736227046,0.1001669449081803,0.07061769616026711,0.1302170283806344,1.59,0.25041736227045075,0.2008347245409015,0.25041736227045075
P01110,Inaki Asante,Ghanaian,Midfielder,Ghana,28,9528081,ASEC Mimosas,45,1560,5,5,0.34,1.9100000000000001,20,39,25,21,84,7,0.8520000000000001,0,0,3.5377777777777775,82.25333333333333,36.4,182.70000000000002,69.22222222222223,68.73111111111112,54.81111111111111,66.03333333333333,59.92,56.92,1,0.057692307692307696,0.2884615384615385,0.2884615384615385,0.019615384615384618,0.1101923076923077,4.66,0.576923076923077,0.12980769230769232,0.576923076923077
P01111,Alexander Issahaku,Ghanaian,Midfielder,Ghana,31,66616143,JS Kabylie,45,1783,3,1,0.66,1.07,23,43,44,32,76,10,0.8560000000000001,0,0,3.7155555555555555,80.94,36.6,208.7,66.00444444444445,69.62666666666667,57.18444444444445,68.62444444444444,60.97555555555556,54.54222222222222,1,0.050476724621424565,0.1514301738642737,0.050476724621424565,0.033314638250140215,0.054010095344924285,2.34,0.20190689848569826,0.0873247335950645,0.20190689848569826
P01112,Daniel Partey,Ghanaian,Midfielder,Ghana,22,20831598,Al-Hilal Omdurman,45,1890,5,6,0.5800000000000001,2.23,34,56,45,37,103,13,0.8564444444444445,0,0,5.246666666666666,86.25777777777778,36.7,239.9,81.13111111111111,88.91333333333333,57.08444444444445,81.35333333333334,80.99111111111111,69.48666666666666,1,0.047619047619047616,0.23809523809523808,0.2857142857142857,0.02761904761904762,0.10619047619047618,4.42,0.5238095238095237,0.1338095238095238,0.5238095238095237
P01113,Mohammed Attiogbe,Ghanaian,Forward,Ghana,22,76768542,Zamalek,45,1874,9,8,5.6899999999999995,1.21,75,45,15,3,53,36,0.7764444444444444,0,0,4.293333333333333,84.86,35.9,193.4,85.97111111111111,86.74222222222222,54.51111111111111,83.43111111111111,91.93333333333334,23.173333333333332,3,0.048025613660619,0.43223052294557096,0.384204909284952,0.2732657417289221,0.05811099252934899,3.3100000000000005,0.816435432230523,0.3313767342582711,0.816435432230523
P01114,Thomas Asante,Ghanaian,Forward,Ghana,24,17025722,Kaizer Chiefs,45,1956,5,7,2.27,1.6400000000000001,52,26,12,10,41,18,0.7893333333333334,0,0,3.893333333333333,83.66888888888889,37.0,220.0,64.19777777777777,68.97777777777777,54.83111111111111,64.56,75.24000000000001,27.068888888888885,0,0.046012269938650305,0.23006134969325154,0.3220858895705521,0.10444785276073619,0.07546012269938651,2.73,0.5521472392638036,0.17990797546012272,0.5521472392638036
P01115,Jordan Issahaku,Ghanaian,Forward,Ghana,25,74681058,Wydad Casablanca,45,1434,10,3,2.0,0.74,49,28,12,7,41,26,0.7888888888888889,0,0,4.04,85.19555555555556,36.8,167.4,78.14888888888889,88.92222222222222,58.095555555555556,81.24888888888889,91.48222222222222,24.635555555555552,2,0.06276150627615062,0.6276150627615062,0.18828451882845187,0.12552301255230125,0.04644351464435146,8.0,0.8158995815899581,0.1719665271966527,0.8158995815899581
P01116,Andre Partey,Ghanaian,Forward,Ghana,27,19009013,Gor Mahia,45,1598,5,5,0.89,1.51,41,25,9,3,34,20,0.7755555555555556,0,0,3.5488888888888885,80.45555555555555,34.9,174.1,61.653333333333336,70.19777777777777,58.22,63.60666666666667,73.08222222222221,25.015555555555558,2,0.056320400500625784,0.28160200250312895,0.28160200250312895,0.05012515644555695,0.08504380475594493,4.11,0.5632040050062579,0.13516896120150187,0.5632040050062579
P01117,Kamaldeen Ayew,Ghanaian,Forward,Ghana,24,16600369,Wydad Casablanca,45,1403,1,0,0.72,0.38,18,10,20,4,11,7,0.792,0,0,3.3777777777777778,82.91777777777779,35.0,163.4,40.577777777777776,42.58,54.30222222222222,42.406666666666666,41.45111111111111,25.171111111111113,0,0.06414825374198146,0.06414825374198146,0.0,0.04618674269422665,0.024376336421952957,0.28,0.06414825374198146,0.07056307911617961,0.06414825374198146
P01118,Inaki Williams,Ghanaian,Forward,Ghana,24,27347683,Club Africain,45,1371,9,3,1.23,0.63,31,21,15,5,38,15,0.7682222222222223,0,0,3.4488888888888884,79.05333333333334,35.9,156.1,63.63333333333333,71.55555555555556,56.51111111111111,64.9888888888889,74.67999999999999,26.78666666666667,1,0.06564551422319474,0.5908096280087527,0.1969365426695842,0.08074398249452953,0.04135667396061269,7.77,0.7877461706783369,0.12210065645514223,0.7877461706783369
P01119,Samuel Choupo-Moting,Cameroonian,Goalkeeper,Cameroon,26,74850274,ES Tunis,44,975,0,1,0.0,0.0,0,8,0,4,32,0,0.7088636363636364,44,3,2.159090909090909,77.52272727272727,36.6,95.7,30.595454545454547,96.3,56.940909090909095,95.02727272727272,9.572727272727272,99.0,0,0.09230769230769231,0.0,0.09230769230769231,0.0,0.0,0.0,0.09230769230769231,0.0,0.09230769230769231
P01120,Eric Aboubakar,Cameroonian,Goalkeeper,Cameroon,24,843885,MC Alger,44,1344,0,1,0.0,0.0,0,2,0,6,29,0,0.7545454545454546,48,4,2.252272727272727,75.43181818181819,31.9,130.4,32.09772727272727,43.21590909090909,50.82954545454545,38.98636363636364,10.761363636363637,47.902272727272724,0,0.06696428571428571,0.0,0.06696428571428571,0.0,0.0,0.0,0.06696428571428571,0.0,0.06696428571428571
P01121,Andre Anguissa,Cameroonian,Goalkeeper,Cameroon,31,3077649,Al-Masry,44,1007,0,0,0.0,0.0,0,4,0,3,18,0,0.7274999999999999,46,5,1.8590909090909091,80.12727272727273,33.4,93.2,30.05909090909091,47.83636363636364,54.51363636363636,48.08181818181818,9.613636363636363,55.42272727272727,0,0.08937437934458789,0.0,0.0,0.0,0.0,0.0,0.0,0.0,0.0
P01122,Samuel Toko-Ekambi,Cameroonian,Defender,Cameroon,27,3575619,Al Ahly,44,1612,1,0,0.060000000000000005,0.05,11,9,65,52,55,1,0.8136363636363636,0,0,3.3045454545454547,79.85909090909091,35.5,176.0,29.81590909090909,42.225,55.8,36.525,21.729545454545455,46.58181818181818,0,0.05583126550868486,0.05583126550868486,0.0,0.003349875930521092,0.0027915632754342435,0.94,0.05583126550868486,0.0061414392059553355,0.05583126550868486
P01123,Eric Zambo,Cameroonian,Defender,Cameroon,31,7012823,Club Africain,44,1831,0,0,0.14,0.06,11,4,58,60,65,1,0.8243181818181818,0,0,3.977272727272727,81.97954545454546,36.3,199.29999999999998,29.78409090909091,50.70227272727273,52.26363636363636,47.69772727272727,22.943181818181817,50.59090909090909,0,0.049153468050245765,0.0,0.0,0.006881485527034408,0.0029492080830147457,-0.14,0.0,0.009830693610049153,0.0
P01124,Andre Nkoulou,Cameroonian,Defender,Cameroon,29,5318816,Wydad Casablanca,44,1851,2,2,0.1,0.2,7,14,61,56,96,1,0.8304545454545454,0,0,4.175,86.90227272727272,36.2,196.9,28.904545454545453,73.75681818181819,55.30681818181818,66.39318181818182,34.029545454545456,73.24090909090908,1,0.04862236628849271,0.09724473257698542,0.09724473257698542,0.004862236628849271,0.009724473257698542,1.9,0.19448946515397084,0.014586709886547814,0.19448946515397084
P01125,Vincent Castelleto,Cameroonian,Defender,Cameroon,22,8947001,Al-Hilal Omdurman,44,1556,1,0,0.21,0.04,14,10,54,54,73,1,0.8102272727272727,0,0,3.2613636363636362,81.05909090909091,35.2,170.6,29.08409090909091,70.46136363636364,54.31363636363637,67.19545454545454,34.60454545454545,74.33863636363637,2,0.05784061696658098,0.05784061696658098,0.0,0.012146529562982004,0.002313624678663239,0.79,0.05784061696658098,0.014460154241645243,0.05784061696658098
P01126,Karl Mbeumo,Cameroonian,Defender,Cameroon,27,12097116,Al-Masry,44,1446,0,2,0.2,0.26,11,12,34,42,98,2,0.8295454545454546,0,0,3.7045454545454546,81.0909090909091,37.0,154.5,31.272727272727273,71.44772727272726,53.48863636363637,66.31136363636364,34.752272727272725,76.88409090909092,1,0.06224066390041494,0.0,0.12448132780082988,0.012448132780082988,0.016182572614107885,-0.2,0.12448132780082988,0.028630705394190874,0.12448132780082988
P01127,Nicolas Siani,Cameroonian,Defender,Cameroon,31,2163073,Kaizer Chiefs,44,1519,2,0,0.08,0.1,12,6,49,40,46,0,0.816590909090909,0,0,3.438636363636364,80.38181818181819,37.0,162.4,29.856818181818184,42.35909090909091,50.970454545454544,38.375,20.12727272727273,46.15,0,0.05924950625411455,0.1184990125082291,0.0,0.004739960500329164,0.005924950625411455,1.92,0.1184990125082291,0.010664911125740618,0.1184990125082291
P01128,Jean Ondoa,Cameroonian,Defender,Cameroon,24,1435281,Orlando Pirates,44,1829,0,0,0.01,0.15,9,12,60,45,54,1,0.8368181818181818,0,0,4.015909090909091,78.9590909090909,36.2,195.7,30.636363636363637,40.875,50.54772727272727,42.57727272727273,20.945454545454545,44.26590909090909,0,0.049207217058501916,0.0,0.0,0.0004920721705850192,0.007381082558775287,-0.01,0.0,0.007873154729360307,0.0
P01129,Moumi Hongla,Cameroonian,Defender,Cameroon,23,3230524,Orlando Pirates,44,1799,0,1,0.41000000000000003,0.05,7,8,53,47,52,1,0.8224999999999999,0,0,4.372727272727273,82.60000000000001,37.0,201.8,30.06590909090909,42.11363636363637,53.81818181818182,38.15909090909091,20.779545454545453,45.413636363636364,0,0.0500277932184547,0.0,0.0500277932184547,0.02051139521956643,0.002501389660922735,-0.41000000000000003,0.0500277932184547,0.023012784880489166,0.0500277932184547
P01130,Martin Njie,Cameroonian,Defender,Cameroon,24,5255451,Wydad Casablanca,44,1680,1,2,0.01,0.04,9,6,55,44,102,2,0.8234090909090909,0,0,3.9068181818181817,80.69318181818181,36.1,178.8,30.481818181818184,71.92727272727274,55.65,63.540909090909096,34.32954545454545,76.33863636363637,1,0.05357142857142857,0.05357142857142857,0.10714285714285714,0.0005357142857142857,0.002142857142857143,0.99,0.1607142857142857,0.0026785714285714286,0.1607142857142857
P01131,Samuel Moumi,Cameroonian,Midfielder,Cameroon,22,3430408,Al-Hilal Omdurman,44,1743,2,5,0.85,1.84,12,24,44,28,63,4,0.8468181818181818,0,0,3.8931818181818185,80.98863636363636,36.3,209.9,46.02727272727273,46.63863636363636,55.86136363636364,46.57727272727273,42.445454545454545,39.98409090909091,1,0.05163511187607573,0.10327022375215146,0.25817555938037867,0.04388984509466437,0.09500860585197934,1.15,0.3614457831325301,0.13889845094664371,0.3614457831325301
P01132,Eric Ndip,Cameroonian,Midfielder,Cameroon,30,17987721,Al-Masry,44,1554,2,3,0.26999999999999996,0.23,16,25,33,28,38,3,0.8563636363636363,0,0,3.3931818181818185,80.94772727272726,35.4,180.8,39.14090909090909,41.64545454545455,50.66136363636363,39.18636363636364,35.56136363636364,31.768181818181816,1,0.05791505791505792,0.11583011583011583,0.17374517374517376,0.015637065637065635,0.013320463320463322,1.73,0.2895752895752896,0.028957528957528955,0.2895752895752896
P01133,Andre Kunde,Cameroonian,Midfielder,Cameroon,24,52423431,JS Kabylie,44,1818,4,0,1.28,1.79,23,55,51,34,112,13,0.8577272727272728,0,0,4.4386363636363635,87.73409090909091,37.0,209.3,86.73636363636363,88.02499999999999,57.35,83.80454545454546,74.52045454545454,72.05454545454546,2,0.04950495049504951,0.19801980198019803,0.0,0.06336633663366337,0.08861386138613862,2.7199999999999998,0.19801980198019803,0.151980198019802,0.19801980198019803
P01134,Vincent Lea,Cameroonian,Midfielder,Cameroon,21,15147546,Al-Masry,44,1493,1,1,1.48,1.83,19,47,42,19,63,12,0.8440909090909091,0,0,3.2340909090909093,83.40681818181818,35.5,167.4,66.2840909090909,68.73181818181818,55.48409090909092,64.74772727272727,57.225,57.654545454545456,1,0.06028131279303416,0.06028131279303416,0.06028131279303416,0.08921634293369056,0.11031480241125252,-0.48,0.12056262558606833,0.1995311453449431,0.12056262558606833
P01135,Karl Olinga,Cameroonian,Midfielder,Cameroon,22,17678395,Al-Hilal Omdurman,44,1418,4,1,0.32999999999999996,2.58,20,35,31,20,52,6,0.8559090909090908,0,0,3.5431818181818184,80.78636363636363,34.9,172.9,67.45681818181818,71.21818181818182,55.54545454545455,65.64772727272727,61.125,52.58863636363637,0,0.06346967559943582,0.2538787023977433,0.06346967559943582,0.02094499294781382,0.16375176304654443,3.67,0.31734837799717913,0.18469675599435825,0.31734837799717913
P01136,Nicolas Mba,Cameroonian,Midfielder,Cameroon,24,8099666,TP Mazembe,44,1390,1,1,0.61,1.24,14,16,35,14,41,3,0.8404545454545453,0,0,3.2340909090909093,80.00681818181819,36.8,176.2,47.815909090909095,49.75909090909091,53.46363636363637,49.11136363636364,41.73863636363637,36.643181818181816,0,0.06474820143884892,0.06474820143884892,0.06474820143884892,0.03949640287769784,0.08028776978417267,0.39,0.12949640287769784,0.1197841726618705,0.12949640287769784
P01137,Jean Bassogog,Cameroonian,Midfielder,Cameroon,22,35461236,Kaizer Chiefs,44,1883,3,7,1.02,3.94,31,47,58,35,125,23,0.8531818181818182,0,0,4.652272727272727,79.66363636363636,35.8,228.3,85.09318181818182,86.4090909090909,58.4,84.36818181818181,74.63181818181819,70.15681818181818,1,0.04779607010090282,0.14338821030270846,0.3345724907063197,0.04875199150292087,0.1883165161975571,1.98,0.4779607010090282,0.23706850770047797,0.4779607010090282
P01138,Moumi Choupo-Moting,Cameroonian,Midfielder,Cameroon,30,17926924,JS Kabylie,44,1490,4,11,0.62,2.9000000000000004,19,46,35,19,96,8,0.8388636363636365,0,0,4.261363636363637,83.58181818181818,36.6,187.4,79.35681818181818,88.26363636363637,58.29545454545455,85.67954545454546,78.61136363636363,70.10227272727273,2,0.06040268456375839,0.24161073825503357,0.6644295302013423,0.037449664429530204,0.17516778523489937,3.38,0.9060402684563759,0.21261744966442958,0.9060402684563759
P01139,Samuel Olinga,Cameroonian,Forward,Cameroon,28,29952234,Orlando Pirates,44,1875,11,5,5.04,1.27,57,59,16,10,47,35,0.7688636363636363,0,0,4.377272727272727,82.44090909090909,37.0,209.6,84.79772727272727,86.04318181818182,56.40909090909091,85.86590909090908,89.09772727272728,23.947727272727274,2,0.048,0.528,0.24,0.24192,0.06096,5.96,0.768,0.30288,0.768
P01140,Eric Mba,Cameroonian,Forward,Cameroon,30,75848303,Zamalek,44,2215,14,7,3.15,3.3499999999999996,105,62,27,11,63,56,0.7854545454545455,0,0,5.379545454545454,88.00681818181819,37.0,244.6,91.08636363636364,95.83863636363635,60.23409090909092,93.95227272727271,96.50454545454545,25.468181818181815,1,0.040632054176072234,0.5688487584650113,0.28442437923250563,0.12799097065462753,0.13611738148984198,10.85,0.8532731376975169,0.2641083521444695,0.8532731376975169
P01141,Andre Bassogog,Cameroonian,Forward,Cameroon,26,54663861,Gor Mahia,44,1634,13,4,1.6900000000000002,0.79,55,43,17,6,49,27,0.7684090909090909,0,0,4.0249999999999995,85.41363636363636,36.0,172.0,81.88409090909092,90.24318181818181,62.25909090909091,81.70454545454545,91.51136363636364,26.004545454545454,1,0.05507955936352509,0.7160342717258262,0.22031823745410037,0.09308445532435741,0.043512851897184825,11.31,0.9363525091799266,0.13659730722154223,0.9363525091799266
P01142,Vincent Choupo-Moting,Cameroonian,Forward,Cameroon,25,74339222,TP Mazembe,44,1262,6,5,2.77,2.12,59,37,9,2,40,24,0.7822727272727273,0,0,3.9795454545454545,86.45227272727273,35.6,140.2,92.05227272727274,96.3409090909091,61.790909090909096,96.23409090909091,97.12954545454545,23.138636363636365,3,0.07131537242472266,0.42789223454833597,0.3565768621236133,0.19754358161648178,0.15118858954041206,3.23,0.7844690966719492,0.3487321711568938,0.7844690966719492
P01143,Karl Aboubakar,Cameroonian,Forward,Cameroon,19,65761438,ASEC Mimosas,44,1525,8,3,1.85,1.3,47,43,11,6,34,29,0.7797727272727273,0,0,3.7545454545454544,84.23636363636363,35.3,174.2,84.49772727272727,87.51363636363637,57.929545454545455,82.89545454545454,92.27727272727272,23.825,2,0.05901639344262295,0.4721311475409836,0.17704918032786887,0.10918032786885247,0.07672131147540984,6.15,0.6491803278688525,0.1859016393442623,0.6491803278688525
P01144,Nicolas Anguissa,Cameroonian,Forward,Cameroon,32,11547644,Gor Mahia,44,1527,8,4,1.07,0.54,26,27,12,7,29,9,0.765909090909091,0,0,3.8318181818181816,80.4159090909091,36.5,174.3,45.263636363636365,49.415909090909096,53.20227272727273,45.225,50.64090909090908,23.013636363636365,1,0.05893909626719057,0.4715127701375246,0.2357563850687623,0.06306483300589391,0.03182711198428291,6.93,0.7072691552062869,0.09489194499017682,0.7072691552062869
P01145,Wahbi Msakni,Tunisian,Goalkeeper,Tunisia,24,8080673,ES Tunis,47,671,0,0,0.0,0.0,0,0,0,4,18,0,0.7095744680851064,19,2,1.1638297872340426,76.44042553191488,30.8,61.2,30.023404255319146,69.31914893617021,56.95106382978723,64.12978723404255,10.748936170212765,79.42553191489361,0,0.13412816691505217,0.0,0.0,0.0,0.0,0.0,0.0,0.0,0.0
P01146,Youssef Skhiri,Tunisian,Goalkeeper,Tunisia,32,79966073,MC Alger,47,1504,0,0,0.0,0.0,0,2,0,9,40,0,0.7236170212765957,49,4,2.925531914893617,81.50638297872341,33.0,143.5,31.30212765957447,97.03191489361703,62.204255319148935,92.77872340425533,9.104255319148935,98.96808510638297,0,0.0598404255319149,0.0,0.0,0.0,0.0,0.0,0.0,0.0,0.0
P01147,Ali Talbi,Tunisian,Goalkeeper,Tunisia,27,8623499,Mamelodi Sundowns,47,1419,0,0,0.0,0.0,0,5,0,13,37,1,0.7225531914893617,50,3,2.5319148936170213,79.07234042553192,32.1,132.0,30.74042553191489,70.21914893617021,52.170212765957444,65.46170212765956,10.136170212765958,78.90851063829787,0,0.06342494714587738,0.0,0.0,0.0,0.0,0.0,0.0,0.0,0.0
P01148,Wahbi Bronn,Tunisian,Defender,Tunisia,30,26691238,Mamelodi Sundowns,47,1897,0,1,0.060000000000000005,0.75,13,17,69,50,132,1,0.8265957446808511,0,0,4.482978723404255,83.67659574468085,37.0,206.5,30.504255319148935,86.42127659574469,62.07659574468085,81.61276595744681,47.0936170212766,93.52553191489362,3,0.047443331576172906,0.0,0.047443331576172906,0.002846599894570375,0.035582498682129676,-0.060000000000000005,0.047443331576172906,0.03842909857670005,0.047443331576172906
P01149,Youssef Laidouni,Tunisian,Defender,Tunisia,31,14182544,Zamalek,47,1389,1,1,0.16,0.13,7,10,47,44,89,1,0.8268085106382979,0,0,3.817021276595745,82.04468085106383,35.8,151.1,30.634042553191488,68.48085106382979,58.14468085106383,64.11702127659575,35.32553191489362,75.83191489361703,1,0.06479481641468683,0.06479481641468683,0.06479481641468683,0.010367170626349894,0.008423326133909288,0.84,0.12958963282937366,0.018790496760259182,0.12958963282937366
P01150,Ali Dhaouadi,Tunisian,Defender,Tunisia,28,1023583,Al Ahly,47,1457,0,0,0.25,0.07,7,6,36,43,49,0,0.8208510638297872,0,0,2.627659574468085,79.83829787234043,37.0,151.5,31.663829787234043,49.755319148936174,52.1063829787234,44.257446808510636,24.870212765957447,54.14468085106383,0,0.06177076183939602,0.0,0.0,0.015442690459849005,0.004323953328757722,-0.25,0.0,0.019766643788606725,0.0
P01151,Ellyes Sliti,Tunisian,Defender,Tunisia,28,4037240,Al-Hilal Omdurman,47,1717,3,0,0.26,0.06,7,10,67,64,71,0,0.8282978723404255,0,0,3.663829787234042,81.21489361702127,35.8,185.6,29.28723404255319,48.53404255319149,52.921276595744686,48.42765957446808,25.019148936170215,52.52553191489361,1,0.052417006406523005,0.15725101921956902,0.0,0.013628421665695981,0.0031450203843913804,2.74,0.15725101921956902,0.01677344205008736,0.15725101921956902
P01152,Nader Haddadi,Tunisian,Defender,Tunisia,21,18357445,Al-Hilal Omdurman,47,1570,0,2,0.19,0.29000000000000004,6,11,49,38,106,2,0.8227659574468086,0,0,3.627659574468085,82.13829787234043,37.0,168.7,29.857446808510637,89.13617021276595,57.99361702127659,82.28297872340426,46.727659574468085,92.5,1,0.05732484076433121,0.0,0.11464968152866242,0.01089171974522293,0.016624203821656053,-0.19,0.11464968152866242,0.027515923566878982,0.11464968152866242
P01153,Hannibal Mathlouthi,Tunisian,Defender,Tunisia,27,2838158,ES Tunis,47,1551,1,0,0.11,0.13,8,7,66,61,59,0,0.8038297872340425,0,0,3.317021276595745,82.36595744680851,37.0,162.8,32.33404255319149,48.91914893617021,52.08297872340426,46.05106382978724,24.629787234042553,53.744680851063826,0,0.058027079303675046,0.058027079303675046,0.0,0.006382978723404255,0.0075435203094777565,0.89,0.058027079303675046,0.013926499032882012,0.058027079303675046
P01154,Aissa Bennacer,Tunisian,Defender,Tunisia,26,3768485,TP Mazembe,47,2182,4,0,0.04,0.18,6,8,82,68,66,0,0.8080851063829787,0,0,4.206382978723404,82.94042553191488,35.5,236.2,28.64468085106383,42.242553191489364,52.148936170212764,42.44893617021276,19.75744680851064,45.44468085106383,0,0.04124656278643447,0.16498625114573787,0.0,0.0016498625114573786,0.007424381301558204,3.96,0.16498625114573787,0.009074243813015583,0.16498625114573787
P01155,Dylan Hamdi,Tunisian,Defender,Tunisia,24,2891939,Gor Mahia,47,2188,2,1,0.12000000000000001,0.28,20,10,65,60,84,0,0.8274468085106383,0,0,4.623404255319149,83.61276595744681,37.0,234.6,26.757446808510636,49.099999999999994,54.39787234042553,45.55957446808511,26.30212765957447,52.43617021276596,0,0.04113345521023766,0.08226691042047532,0.04113345521023766,0.00493601462522852,0.011517367458866546,1.88,0.12340036563071298,0.016453382084095067,0.12340036563071298
P01156,Montassar Sassi,Tunisian,Defender,Tunisia,30,14114967,MC Alger,47,1830,1,0,0.0,0.11,13,8,56,48,109,0,0.8368085106382979,0,0,3.9872340425531916,82.73829787234042,36.6,197.9,30.02553191489362,69.24255319148936,57.693617021276594,63.62553191489362,30.71914893617021,75.65744680851064,1,0.04918032786885246,0.04918032786885246,0.0,0.0,0.005409836065573771,1.0,0.04918032786885246,0.005409836065573771,0.04918032786885246
P01157,Wahbi Dragger,Tunisian,Midfielder,Tunisia,27,6746412,JS Kabylie,47,1763,2,3,0.27999999999999997,1.42,7,25,36,41,42,5,0.8536170212765957,0,0,3.853191489361702,82.06595744680851,35.1,207.4,46.421276595744686,46.85957446808511,50.84893617021277,45.54255319148936,41.87021276595745,38.397872340425536,0,0.05104934770277935,0.1020986954055587,0.15314804310833804,0.014293817356778217,0.07249007373794668,1.72,0.25524673851389673,0.0867838910947249,0.25524673851389673
P01158,Youssef Dahmen,Tunisian,Midfielder,Tunisia,19,3371400,Mamelodi Sundowns,47,1784,1,1,0.38,1.03,10,30,44,32,56,3,0.8442553191489361,0,0,3.502127659574468,83.22340425531915,37.0,209.29999999999998,46.621276595744675,47.768085106382976,53.02978723404256,48.268085106382976,44.58723404255319,37.93617021276596,1,0.05044843049327354,0.05044843049327354,0.05044843049327354,0.019170403587443947,0.05196188340807175,0.62,0.10089686098654709,0.0711322869955157,0.10089686098654709
P01159,Ali Melki,Tunisian,Midfielder,Tunisia,21,3352021,Club Africain,47,1637,3,0,0.35000000000000003,1.66,10,14,53,31,53,5,0.8461702127659575,0,0,3.259574468085106,80.37872340425533,36.0,202.5,46.11702127659574,47.80212765957447,54.317021276595746,44.58085106382979,41.41914893617022,40.814893617021276,1,0.05497861942577886,0.1649358582773366,0.0,0.019242516799022603,0.09126450824679291,2.65,0.1649358582773366,0.11050702504581551,0.1649358582773366
P01160,Ellyes Msaad,Tunisian,Midfielder,Tunisia,28,9310776,Al-Masry,47,1629,3,3,0.25,2.36,13,28,28,27,46,4,0.8482978723404255,0,0,3.7085106382978728,79.34042553191489,37.0,198.4,45.97234042553191,49.8,52.317021276595746,47.1063829787234,42.3468085106383,39.172340425531914,1,0.055248618784530384,0.16574585635359115,0.16574585635359115,0.013812154696132596,0.1303867403314917,2.75,0.3314917127071823,0.14419889502762429,0.3314917127071823
P01161,Nader Chalali,Tunisian,Midfielder,Tunisia,34,9290045,JS Kabylie,47,1417,1,5,0.33,2.03,7,18,36,39,41,2,0.843404255319149,0,0,3.2723404255319153,80.7595744680851,37.0,169.4,44.97659574468085,48.770212765957446,54.18723404255319,46.253191489361704,44.06595744680851,37.240425531914894,1,0.06351446718419196,0.06351446718419196,0.3175723359209598,0.020959774170783346,0.12893436838390968,0.6699999999999999,0.38108680310515175,0.14989414255469302,0.38108680310515175
P01162,Hannibal Krid,Tunisian,Midfielder,Tunisia,33,3059652,Al Ahly,47,1313,2,4,0.38,0.67,13,18,32,34,33,5,0.8382978723404255,0,0,3.2276595744680847,80.32978723404256,36.8,166.0,38.751063829787235,41.757446808510636,52.43617021276596,41.34893617021277,35.91063829787234,34.6531914893617,1,0.06854531607006854,0.1370906321401371,0.2741812642802742,0.026047220106626048,0.04592536176694593,1.62,0.4112718964204113,0.07197258187357197,0.4112718964204113
P01163,Aissa Dhaou,Tunisian,Midfielder,Tunisia,34,29244553,Al-Masry,47,1690,5,3,0.84,1.98,14,35,38,38,72,12,0.8402127659574469,0,0,4.217021276595744,83.33191489361703,35.6,207.5,63.274468085106385,67.49574468085106,54.336170212765964,62.62553191489362,63.142553191489355,56.368085106382985,2,0.05325443786982249,0.26627218934911245,0.15976331360946747,0.04473372781065089,0.10544378698224852,4.16,0.42603550295857995,0.1501775147928994,0.42603550295857995
P01164,Dylan Msakni,Tunisian,Midfielder,Tunisia,28,4640198,ES Tunis,47,1989,2,2,0.3,1.81,17,28,50,38,78,4,0.8514893617021277,0,0,3.719148936170213,80.60212765957448,36.3,241.5,43.42340425531915,49.708510638297874,55.38510638297872,45.642553191489355,42.13191489361702,38.285106382978725,1,0.04524886877828054,0.09049773755656108,0.09049773755656108,0.013574660633484162,0.08190045248868778,1.7,0.18099547511312217,0.09547511312217194,0.18099547511312217
P01165,Wahbi Chalali,Tunisian,Forward,Tunisia,24,11958617,Gor Mahia,47,1870,12,5,1.4100000000000001,1.1400000000000001,62,35,17,10,40,23,0.7740425531914894,0,0,4.085106382978723,81.61276595744681,35.7,199.1,61.97234042553191,70.97234042553193,59.578723404255314,66.17446808510638,73.53191489361703,26.827659574468086,1,0.0481283422459893,0.5775401069518716,0.24064171122994651,0.06786096256684493,0.05486631016042781,10.59,0.8181818181818181,0.12272727272727274,0.8181818181818181
P01166,Youssef Krid,Tunisian,Forward,Tunisia,23,25493014,JS Kabylie,47,1910,8,7,1.52,0.45,46,31,19,8,38,22,0.776595744680851,0,0,4.219148936170213,83.84042553191489,37.0,209.4,66.21489361702127,69.4063829787234,55.08723404255319,65.6063829787234,71.76382978723404,24.917021276595744,1,0.04712041884816754,0.3769633507853403,0.3298429319371728,0.07162303664921467,0.021204188481675393,6.48,0.7068062827225131,0.09282722513089006,0.7068062827225131
P01167,Ali Dhaou,Tunisian,Forward,Tunisia,18,31811790,Orlando Pirates,47,2239,10,3,2.4899999999999998,1.01,70,53,17,10,75,42,0.7708510638297872,0,0,4.776595744680851,84.7872340425532,37.0,240.20000000000002,81.00638297872341,90.65744680851063,62.295744680851065,83.67446808510638,89.66808510638297,24.95744680851064,2,0.0401965163019205,0.401965163019205,0.12058954890576148,0.10008932559178203,0.040598481464939704,7.51,0.5225547119249665,0.14068780705672174,0.5225547119249665
P01168,Ellyes Msakni,Tunisian,Forward,Tunisia,26,11550076,Al-Hilal Omdurman,47,2143,7,3,1.2200000000000002,1.42,48,19,15,6,32,11,0.7834042553191489,0,0,4.353191489361702,80.7531914893617,35.5,230.8,46.38510638297872,48.90851063829787,52.44893617021276,47.41276595744681,50.846808510638304,24.57872340425532,2,0.041997200186654225,0.2939804013065796,0.12599160055996267,0.051236584227718165,0.059636024265049,5.779999999999999,0.41997200186654227,0.11087260849276717,0.41997200186654227
P01169,Nader Skhiri,Tunisian,Forward,Tunisia,22,7982980,Al-Masry,47,1789,4,2,1.3,0.68,35,23,10,6,26,9,0.7799999999999999,0,0,3.6936170212765957,79.94255319148937,36.1,201.79999999999998,38.817021276595746,40.48510638297872,51.98723404255319,39.64255319148936,43.35744680851064,24.580851063829787,1,0.05030743432084964,0.20122973728339855,0.10061486864169927,0.06539966461710453,0.03420905533817776,2.7,0.3018446059250978,0.09960871995528228,0.3018446059250978
P01170,Hannibal Talbi,Tunisian,Forward,Tunisia,27,2027069,Zamalek,47,1822,6,2,1.3900000000000001,0.22,26,20,17,11,32,7,0.7948936170212766,0,0,3.3595744680851065,80.7531914893617,36.6,206.2,38.87234042553192,42.255319148936174,53.797872340425535,40.242553191489364,42.32127659574468,25.034042553191487,0,0.04939626783754116,0.29637760702524696,0.09879253567508232,0.06866081229418222,0.010867178924259056,4.609999999999999,0.3951701427003293,0.07952799121844129,0.3951701427003293
P01171,Riyad Bennacer,Algerian,Goalkeeper,Algeria,28,13935454,ASEC Mimosas,41,893,0,0,0.0,0.0,0,1,0,1,18,0,0.7197560975609757,37,5,1.8341463414634147,79.9390243902439,34.0,83.4,31.170731707317074,71.53414634146341,53.073170731707314,63.0219512195122,10.192682926829267,78.63414634146342,0,0.10078387458006718,0.0,0.0,0.0,0.0,0.0,0.0,0.0,0.0
P01172,Ismael Brahimi,Algerian,Goalkeeper,Algeria,34,14485120,ES Tunis,41,1215,0,1,0.0,0.0,0,5,0,6,22,0,0.7126829268292683,45,2,2.3560975609756096,82.3390243902439,32.6,115.8,28.27560975609756,69.75121951219512,54.28536585365853,65.40731707317073,8.958536585365854,80.96585365853659,0,0.07407407407407407,0.0,0.07407407407407407,0.0,0.0,0.0,0.07407407407407407,0.0,0.07407407407407407
P01173,Sofiane Mandrea,Algerian,Goalkeeper,Algeria,32,6671023,ES Tunis,41,959,0,0,0.0,0.0,0,5,0,5,18,0,0.7117073170731707,37,3,1.826829268292683,78.00487804878048,34.3,89.8,29.721951219512192,49.136585365853655,55.05121951219512,44.75121951219512,9.817073170731707,56.18780487804877,0,0.09384775808133472,0.0,0.0,0.0,0.0,0.0,0.0,0.0,0.0
P01174,Riyad Bensebaini,Algerian,Defender,Algeria,22,8118573,MC Alger,41,1522,0,0,0.11,0.35000000000000003,7,10,65,44,84,0,0.807560975609756,0,0,4.102439024390244,83.07560975609756,35.9,162.5,28.76341463414634,69.79024390243903,59.77804878048781,62.49756097560976,36.91463414634146,75.8609756097561,0,0.05913272010512484,0.0,0.0,0.0065045992115637325,0.020696452036793697,-0.11,0.0,0.02720105124835743,0.0
P01175,Ismael Benlamri,Algerian,Defender,Algeria,30,59133562,Kaizer Chiefs,41,1567,3,2,0.13,0.16,13,21,65,44,117,0,0.8114634146341464,0,0,3.8487804878048784,83.61707317073171,36.3,167.4,29.99512195121951,87.94390243902438,55.93658536585366,87.50975609756098,47.33170731707317,92.81219512195122,1,0.0574345883854499,0.1723037651563497,0.1148691767708998,0.007466496490108487,0.009189534141671984,2.87,0.2871729419272495,0.01665603063178047,0.2871729419272495
P01176,Sofiane Zerrouki,Algerian,Defender,Algeria,31,2784708,Al Ahly,41,1829,1,3,0.2,0.21,12,9,71,62,66,1,0.8048780487804879,0,0,4.258536585365854,85.22926829268293,37.0,191.8,28.429268292682924,50.517073170731706,53.66097560975609,44.7,24.002439024390245,51.329268292682926,1,0.049207217058501916,0.049207217058501916,0.14762165117550574,0.009841443411700384,0.010333515582285402,0.8,0.19682886823400766,0.020174958993985786,0.19682886823400766
P01177,Yacine Aouar,Algerian,Defender,Algeria,20,16417911,JS Kabylie,41,1199,2,4,0.13,0.21000000000000002,9,6,42,41,68,2,0.81,0,0,3.1243902439024387,82.6951219512195,36.5,125.5,31.78292682926829,69.5609756097561,55.47560975609756,66.63170731707318,37.00487804878049,74.65609756097561,4,0.0750625521267723,0.1501251042535446,0.3002502085070892,0.0097581317764804,0.015763135946622184,1.87,0.4503753127606338,0.025521267723102585,0.4503753127606338
P01178,Houssem Belkebla,Algerian,Defender,Algeria,36,9696289,Al Ahly,41,1552,0,1,0.16999999999999998,0.06,5,9,61,41,94,0,0.8346341463414634,0,0,3.6414634146341465,82.02682926829269,37.0,166.5,32.265853658536585,70.7560975609756,56.49512195121952,64.22682926829269,33.78780487804878,74.61951219512196,0,0.05798969072164949,0.0,0.05798969072164949,0.009858247422680412,0.0034793814432989693,-0.16999999999999998,0.05798969072164949,0.013337628865979381,0.05798969072164949
P01179,Ramiz Slimani,Algerian,Defender,Algeria,29,3261743,Mamelodi Sundowns,41,1665,1,0,0.15000000000000002,0.02,8,5,67,35,52,0,0.8139024390243902,0,0,3.7195121951219514,80.58048780487805,37.0,181.1,29.673170731707316,42.424390243902444,53.15365853658537,36.860975609756096,20.807317073170733,45.68048780487805,1,0.05405405405405406,0.05405405405405406,0.0,0.00810810810810811,0.001081081081081081,0.85,0.05405405405405406,0.00918918918918919,0.05405405405405406
P01180,Adam Toudic,Algerian,Defender,Algeria,20,8424078,Zamalek,41,1061,1,0,0.16,0.44,3,5,31,25,38,0,0.8085365853658536,0,0,2.7902439024390246,80.06829268292684,36.1,112.4,31.841463414634145,48.4780487804878,50.943902439024384,45.90975609756097,24.114634146341466,52.24634146341463,0,0.08482563619227144,0.08482563619227144,0.0,0.013572101790763432,0.03732327992459943,0.84,0.08482563619227144,0.05089538171536286,0.08482563619227144
P01181,Nabil Khezami,Algerian,Defender,Algeria,29,6091684,Orlando Pirates,41,1501,0,2,0.060000000000000005,0.24000000000000002,7,7,51,51,55,0,0.832439024390244,0,0,3.575609756097561,81.99756097560976,36.6,160.1,30.81951219512195,48.03170731707317,53.900000000000006,47.01951219512195,24.25609756097561,51.53658536585366,0,0.05996002664890073,0.0,0.11992005329780146,0.003597601598934044,0.014390406395736176,-0.060000000000000005,0.11992005329780146,0.01798800799467022,0.11992005329780146
P01182,Islam Touzi,Algerian,Defender,Algeria,19,1744100,Al Ahly,41,1881,1,0,0.07,0.12000000000000001,8,11,56,49,67,2,0.8082926829268293,0,0,3.7853658536585364,81.14878048780487,36.5,205.0,30.74390243902439,49.69024390243902,51.94146341463414,46.048780487804876,25.848780487804877,51.72682926829269,0,0.04784688995215311,0.04784688995215311,0.0,0.003349282296650718,0.005741626794258374,0.9299999999999999,0.04784688995215311,0.009090909090909092,0.04784688995215311
P01183,Riyad Benrahma,Algerian,Midfielder,Algeria,30,67041277,MC Alger,41,1497,2,3,0.5700000000000001,2.29,29,50,35,30,73,10,0.8482926829268292,0,0,4.331707317073171,83.47560975609755,37.0,182.8,86.03170731707317,89.53170731707317,59.49512195121952,80.62682926829268,79.40975609756099,67.5439024390244,1,0.06012024048096192,0.12024048096192384,0.18036072144288576,0.0342685370741483,0.1376753507014028,1.43,0.3006012024048096,0.17194388777555109,0.3006012024048096
P01184,Ismael Brahim,Algerian,Midfielder,Algeria,21,7191033,Raja Casablanca,41,1410,0,1,0.5,1.1099999999999999,19,23,39,19,53,2,0.8526829268292683,0,0,3.724390243902439,80.82439024390244,37.0,168.6,45.139024390243904,49.21463414634146,55.74878048780487,45.485365853658536,41.265853658536585,37.94146341463414,0,0.06382978723404255,0.0,0.06382978723404255,0.031914893617021274,0.07085106382978722,-0.5,0.06382978723404255,0.1027659574468085,0.06382978723404255
P01185,Sofiane Bayo,Algerian,Midfielder,Algeria,18,19119764,Mamelodi Sundowns,41,1285,2,0,0.06,1.31,24,32,29,23,63,9,0.8497560975609757,0,0,3.3536585365853657,80.95365853658537,34.5,156.3,65.07317073170732,70.47073170731707,57.29756097560975,68.02926829268293,61.20487804878049,53.64146341463415,1,0.07003891050583658,0.14007782101167315,0.0,0.004202334630350194,0.09175097276264592,1.94,0.14007782101167315,0.09595330739299611,0.14007782101167315
P01186,Yacine Benkhemassa,Algerian,Midfielder,Algeria,25,10597938,Raja Casablanca,41,1449,2,5,0.49,0.9,25,36,25,21,55,8,0.8475609756097561,0,0,3.7390243902439027,82.4780487804878,36.6,175.2,66.61707317073171,68.98048780487804,58.06585365853658,67.91707317073171,56.980487804878045,55.056097560975616,1,0.062111801242236024,0.12422360248447205,0.3105590062111801,0.03043478260869565,0.055900621118012424,1.51,0.43478260869565216,0.08633540372670807,0.43478260869565216
P01187,Houssem Mokrani,Algerian,Midfielder,Algeria,24,200000000,Gor Mahia,41,1425,2,5,0.76,2.02,25,47,35,21,100,7,0.8424390243902439,0,0,4.890243902439025,85.42926829268292,35.8,170.5,88.91707317073171,97.1,58.336585365853665,95.71951219512195,90.07560975609756,79.02682926829269,1,0.06315789473684211,0.12631578947368421,0.3157894736842105,0.048,0.12757894736842107,1.24,0.4421052631578947,0.17557894736842106,0.4421052631578947
P01188,Ramiz Boufantin,Algerian,Midfielder,Algeria,28,110660571,JS Kabylie,41,1230,1,3,0.74,1.82,44,50,23,11,83,16,0.8392682926829268,0,0,3.697560975609756,82.16585365853659,35.9,143.9,88.81219512195122,97.9560975609756,58.49024390243902,96.18780487804878,88.30731707317074,78.94146341463414,2,0.07317073170731707,0.07317073170731707,0.2195121951219512,0.054146341463414634,0.13317073170731708,0.26,0.2926829268292683,0.1873170731707317,0.2926829268292683
P01189,Adam Kara,Algerian,Midfielder,Algeria,21,16623778,Kaizer Chiefs,41,1819,2,1,1.02,2.55,21,38,37,33,88,12,0.8539024390243902,0,0,4.692682926829268,84.85121951219513,36.8,231.3,68.59024390243901,70.43414634146342,53.88536585365854,64.42682926829268,60.4780487804878,51.56341463414634,1,0.04947773501924134,0.09895547003848268,0.04947773501924134,0.05046728971962617,0.1261682242990654,0.98,0.148433205057724,0.17663551401869157,0.148433205057724
P01190,Nabil Bennacer,Algerian,Midfielder,Algeria,24,1834275,Raja Casablanca,41,1417,2,1,0.71,1.24,11,21,30,27,41,2,0.8517073170731708,0,0,3.482926829268293,81.5780487804878,37.0,175.2,39.52926829268293,43.75121951219512,52.16585365853659,39.082926829268295,36.18292682926829,33.08780487804878,1,0.06351446718419196,0.12702893436838392,0.06351446718419196,0.04509527170077629,0.07875793930839803,1.29,0.19054340155257588,0.12385321100917432,0.19054340155257588
P01191,Riyad Mokrani,Algerian,Forward,Algeria,28,4028721,ASEC Mimosas,41,1657,5,1,2.12,1.52,37,16,16,12,38,13,0.7904878048780487,0,0,4.102439024390244,78.78536585365853,35.1,179.3,48.05609756097561,50.96585365853658,55.826829268292684,46.96829268292683,49.390243902439025,25.099999999999998,0,0.05431502715751358,0.2715751357875679,0.05431502715751358,0.1151478575739288,0.08255884127942065,2.88,0.3258901629450815,0.19770669885334946,0.3258901629450815
P01192,Ismael Boufantin,Algerian,Forward,Algeria,29,4923166,Al-Masry,41,1338,7,2,1.25,0.5,19,12,15,6,23,10,0.7775609756097561,0,0,3.129268292682927,79.26585365853659,36.2,144.1,39.202439024390245,42.88292682926829,50.77073170731707,40.78292682926829,42.73658536585366,25.992682926829268,1,0.06726457399103139,0.47085201793721976,0.13452914798206278,0.08408071748878923,0.033632286995515695,5.75,0.6053811659192825,0.11771300448430493,0.6053811659192825
P01193,Sofiane Kara,Algerian,Forward,Algeria,24,10715789,TP Mazembe,41,1657,6,2,2.5,1.08,31,21,11,8,23,10,0.7846341463414634,0,0,3.978048780487805,80.85609756097561,35.8,181.4,45.21463414634146,48.07073170731707,52.50487804878048,46.62926829268292,50.89512195121951,24.914634146341463,2,0.05431502715751358,0.3258901629450815,0.10863005431502716,0.13578756789378396,0.05866022933011467,3.5,0.43452021726010864,0.19444779722389863,0.43452021726010864
P01194,Yacine Bennacer,Algerian,Forward,Algeria,30,46357247,TP Mazembe,41,1287,5,4,0.56,0.24000000000000002,36,28,14,9,30,16,0.79,0,0,3.4609756097560975,80.9780487804878,36.4,137.4,63.275609756097566,69.04146341463414,54.24634146341463,67.66341463414633,74.28780487804879,26.690243902439022,1,0.06993006993006994,0.3496503496503497,0.27972027972027974,0.039160839160839164,0.016783216783216787,4.4399999999999995,0.6293706293706294,0.05594405594405595,0.6293706293706294
P01195,Houssem Brahimi,Algerian,Forward,Algeria,27,89315055,MC Alger,41,1984,9,4,2.64,2.16,68,40,18,6,44,32,0.7970731707317074,0,0,5.058536585365854,86.00487804878048,36.9,221.6,80.29756097560976,90.41951219512195,56.8609756097561,81.5609756097561,90.54878048780488,23.026829268292683,1,0.04536290322580645,0.40826612903225806,0.1814516129032258,0.11975806451612904,0.09798387096774194,6.359999999999999,0.5897177419354839,0.217741935483871,0.5897177419354839
P01196,Ramiz Mandrea,Algerian,Forward,Algeria,23,13914095,Kaizer Chiefs,41,1860,7,7,2.22,0.73,51,23,22,12,39,22,0.7858536585365853,0,0,4.429268292682926,81.63414634146342,37.0,208.8,68.9,68.86585365853658,55.31951219512195,62.84390243902439,74.19999999999999,24.253658536585366,1,0.04838709677419355,0.3387096774193548,0.3387096774193548,0.10741935483870968,0.03532258064516129,4.779999999999999,0.6774193548387096,0.14274193548387099,0.6774193548387096
P01197,Mohamed Marmoush,Egyptian,Goalkeeper,Egypt,27,7683864,Al-Masry,45,940,0,1,0.0,0.0,0,3,0,7,31,0,0.7555555555555555,47,4,1.6377777777777778,76.1,31.7,92.39999999999999,30.233333333333334,67.57333333333334,58.973333333333336,67.31777777777778,10.282222222222222,79.08444444444444,1,0.09574468085106383,0.0,0.09574468085106383,0.0,0.0,0.0,0.09574468085106383,0.0,0.09574468085106383
P01198,Omar Hegazi,Egyptian,Goalkeeper,Egypt,26,5721048,MC Alger,45,1349,0,1,0.0,0.0,0,9,0,8,22,0,0.7297777777777777,55,5,2.2577777777777777,80.56,31.9,128.7,30.993333333333336,68.23555555555555,57.60888888888889,65.53555555555555,9.884444444444444,80.17333333333333,0,0.06671608598962195,0.0,0.06671608598962195,0.0,0.0,0.0,0.06671608598962195,0.0,0.06671608598962195
P01199,Trezeguet Trezeguet,Egyptian,Goalkeeper,Egypt,29,16309244,Al-Hilal Omdurman,45,1176,0,0,0.0,0.0,0,5,0,6,29,2,0.7126666666666667,43,1,2.2377777777777776,81.82666666666667,31.2,108.1,27.984444444444442,70.68222222222222,53.93555555555555,66.06222222222223,10.302222222222223,79.48444444444445,0,0.07653061224489796,0.0,0.0,0.0,0.0,0.0,0.0,0.0,0.0
P01200,Mohamed Elneny,Egyptian,Defender,Egypt,28,36791444,Mamelodi Sundowns,45,1473,1,1,0.04,0.65,9,9,67,43,124,0,0.8282222222222223,0,0,3.8377777777777777,81.96222222222222,35.5,150.3,26.60222222222222,87.51333333333334,61.44444444444444,83.18444444444445,44.24888888888889,93.20444444444443,1,0.06109979633401222,0.06109979633401222,0.06109979633401222,0.002443991853360489,0.03971486761710794,0.96,0.12219959266802444,0.04215885947046843,0.12219959266802444
P01201,Omar Elsaid,Egyptian,Defender,Egypt,26,11328687,Orlando Pirates,45,1554,0,1,0.03,0.19999999999999998,6,7,45,37,62,1,0.809111111111111,0,0,3.6422222222222222,82.60222222222222,37.0,164.79999999999998,29.20888888888889,46.6,52.431111111111115,46.22,23.142222222222223,53.03333333333333,0,0.05791505791505792,0.0,0.05791505791505792,0.0017374517374517374,0.011583011583011582,-0.03,0.05791505791505792,0.01332046332046332,0.05791505791505792
P01202,Trezeguet Ashour,Egyptian,Defender,Egypt,25,2974201,Orlando Pirates,45,1874,1,0,0.02,0.29000000000000004,17,8,58,65,70,0,0.8313333333333333,0,0,4.0488888888888885,79.07555555555555,35.7,194.1,27.973333333333333,42.04888888888889,52.19555555555556,40.846666666666664,21.473333333333333,43.7,0,0.048025613660619,0.048025613660619,0.0,0.00096051227321238,0.013927427961579511,0.98,0.048025613660619,0.014887940234791891,0.048025613660619
P01203,Ahmed Abdallah,Egyptian,Defender,Egypt,26,48024333,Orlando Pirates,45,1741,2,2,0.05,0.22,9,13,76,43,132,0,0.8213333333333334,0,0,4.173333333333334,84.32000000000001,37.0,179.0,30.686666666666667,89.53111111111112,59.6,84.66222222222223,44.04888888888889,93.63555555555557,1,0.051694428489373924,0.10338885697874785,0.10338885697874785,0.002584721424468696,0.011372774267662263,1.95,0.2067777139574957,0.013957495692130959,0.2067777139574957
P01204,Mostafa Attia,Egyptian,Defender,Egypt,23,12783256,Al Ahly,45,1583,0,1,0.13,0.37,15,4,48,37,79,1,0.8113333333333332,0,0,3.1488888888888886,83.18888888888888,37.0,166.1,28.893333333333334,70.54888888888888,58.19333333333333,64.45111111111112,34.87111111111111,76.64666666666666,0,0.056854074542008845,0.0,0.056854074542008845,0.00739102969046115,0.021036007580543272,-0.13,0.056854074542008845,0.028427037271004423,0.056854074542008845
P01205,Mohamed Hassan,Egyptian,Defender,Egypt,21,10039095,Al-Masry,45,1588,1,1,0.05,0.08,6,3,39,50,47,0,0.8162222222222222,0,0,3.8244444444444445,79.94666666666666,36.0,161.5,29.182222222222222,38.79333333333334,53.36888888888889,38.31777777777778,20.855555555555554,45.32,2,0.05667506297229219,0.05667506297229219,0.05667506297229219,0.00283375314861461,0.004534005037783375,0.95,0.11335012594458438,0.007367758186397985,0.11335012594458438
P01206,Mahmoud Soliman,Egyptian,Defender,Egypt,24,48073116,ASEC Mimosas,45,1924,0,2,0.02,0.21,8,22,70,46,132,0,0.8173333333333334,0,0,4.997777777777778,87.33777777777777,35.7,202.5,29.76888888888889,86.8711111111111,61.81111111111111,87.21333333333334,46.14222222222222,92.06444444444443,1,0.04677754677754678,0.0,0.09355509355509356,0.0009355509355509356,0.009823284823284824,-0.02,0.09355509355509356,0.01075883575883576,0.09355509355509356
P01207,Amr Afsha,Egyptian,Defender,Egypt,25,15790032,Kaizer Chiefs,45,1394,0,2,0.030000000000000002,0.24,12,9,46,38,72,0,0.8384444444444445,0,0,3.4288888888888893,83.71333333333334,36.2,151.0,31.1,73.60888888888888,55.68666666666667,65.67777777777778,36.95777777777778,74.29777777777778,1,0.06456241032998565,0.0,0.1291248206599713,0.0019368723098995696,0.015494978479196555,-0.030000000000000002,0.1291248206599713,0.017431850789096124,0.1291248206599713
P01208,Abdallah El-Shenawy,Egyptian,Defender,Egypt,28,16272464,ASEC Mimosas,45,1597,0,3,0.1,0.23,8,14,64,46,105,0,0.8126666666666666,0,0,3.468888888888889,81.35777777777777,37.0,173.8,28.877777777777776,68.91111111111111,57.85777777777778,66.25999999999999,36.96,70.93555555555555,1,0.056355666875391355,0.0,0.16906700062617408,0.005635566687539136,0.012961803381340013,-0.1,0.16906700062617408,0.018597370068879147,0.16906700062617408
P01209,Mohamed Hamdi,Egyptian,Midfielder,Egypt,24,2159322,Raja Casablanca,45,2038,1,4,0.45999999999999996,1.35,22,26,44,32,63,4,0.8475555555555556,0,0,4.373333333333334,79.10444444444444,36.8,247.1,43.553333333333335,48.026666666666664,52.98888888888889,46.228888888888896,40.266666666666666,39.15111111111111,0,0.04416094210009813,0.04416094210009813,0.17664376840039253,0.02031403336604514,0.05961727183513248,0.54,0.22080471050049066,0.07993130520117762,0.22080471050049066
P01210,Omar Koka,Egyptian,Midfielder,Egypt,28,4516690,ASEC Mimosas,45,1428,1,0,0.4,1.09,5,18,23,28,41,3,0.8435555555555556,0,0,2.968888888888889,79.90666666666667,36.2,176.2,40.266666666666666,42.98888888888889,53.940000000000005,40.58444444444444,36.004444444444445,35.06666666666667,0,0.06302521008403361,0.06302521008403361,0.0,0.025210084033613446,0.06869747899159664,0.6,0.06302521008403361,0.09390756302521008,0.06302521008403361
P01211,Trezeguet Said,Egyptian,Midfielder,Egypt,33,52206337,Club Africain,45,1900,4,8,1.63,1.49,31,50,44,30,128,18,0.8631111111111112,0,0,4.446666666666666,85.08,36.7,228.5,83.5911111111111,86.80666666666667,60.42,84.09777777777778,72.88444444444445,69.27777777777777,1,0.04736842105263158,0.18947368421052632,0.37894736842105264,0.07721052631578947,0.07057894736842106,2.37,0.5684210526315789,0.14778947368421053,0.5684210526315789
P01212,Ahmed El-Sayed,Egyptian,Midfielder,Egypt,23,4560327,Al-Hilal Omdurman,45,1823,2,2,0.33,1.24,15,25,54,26,56,7,0.8588888888888888,0,0,3.2111111111111112,79.81333333333333,36.7,200.6,47.748888888888885,51.251111111111115,52.09111111111111,47.43333333333333,40.39333333333333,39.43555555555555,0,0.04936917169500823,0.09873834339001646,0.09873834339001646,0.016291826659352717,0.0612177729018102,1.67,0.1974766867800329,0.07750959956116292,0.1974766867800329
P01213,Mostafa Gomaa,Egyptian,Midfielder,Egypt,29,8417685,Orlando Pirates,45,1630,4,5,0.25,1.3800000000000001,10,28,41,26,45,9,0.8502222222222222,0,0,3.2977777777777777,82.09555555555556,35.8,182.0,39.48,40.87555555555556,50.60888888888889,40.57333333333333,37.053333333333335,35.54222222222222,1,0.05521472392638037,0.22085889570552147,0.27607361963190186,0.013803680981595092,0.07619631901840491,3.75,0.49693251533742333,0.09000000000000001,0.49693251533742333
P01214,Mohamed Wahbi,Egyptian,Midfielder,Egypt,22,1098385,Club Africain,45,1921,2,1,0.59,1.4000000000000001,13,24,43,36,56,7,0.8542222222222222,0,0,4.008888888888889,80.91555555555556,37.0,228.0,38.94888888888889,41.120000000000005,51.09333333333333,40.89111111111111,36.98666666666667,32.888888888888886,0,0.04685059864653826,0.09370119729307652,0.04685059864653826,0.027641853201457574,0.06559083810515356,1.4100000000000001,0.14055179593961478,0.09323269130661113,0.14055179593961478
P01215,Mahmoud Ibrahim,Egyptian,Midfielder,Egypt,24,29741923,Kaizer Chiefs,45,1676,3,2,1.52,1.9,35,46,40,29,77,12,0.847111111111111,0,0,4.406666666666667,83.92,37.0,213.5,80.96,90.43333333333334,58.126666666666665,80.28666666666666,76.76888888888888,70.32000000000001,1,0.05369928400954654,0.1610978520286396,0.10739856801909307,0.08162291169451073,0.10202863961813842,1.48,0.26849642004773266,0.18365155131264915,0.26849642004773266
P01216,Amr Marmoush,Egyptian,Midfielder,Egypt,24,4857169,JS Kabylie,45,1446,1,0,0.51,0.64,13,27,39,23,52,10,0.8533333333333333,0,0,2.7755555555555556,79.57333333333334,34.7,173.7,45.48222222222223,48.90666666666667,54.82888888888889,45.51111111111111,41.544444444444444,38.6,0,0.06224066390041494,0.06224066390041494,0.0,0.031742738589211617,0.039834024896265564,0.49,0.06224066390041494,0.07157676348547717,0.06224066390041494
P01217,Mohamed Gomaa,Egyptian,Forward,Egypt,28,139805010,Orlando Pirates,45,1569,7,3,3.13,0.99,48,36,16,13,54,24,0.7853333333333334,0,0,4.06,85.05333333333334,36.2,173.7,79.99111111111111,89.65111111111112,62.48444444444445,83.72,88.23333333333333,24.99111111111111,1,0.05736137667304015,0.40152963671128106,0.17208413001912046,0.17954110898661566,0.05678776290630975,3.87,0.5736137667304015,0.2363288718929254,0.5736137667304015
P01218,Omar Wahbi,Egyptian,Forward,Egypt,28,4127019,Orlando Pirates,45,1645,2,2,1.43,0.5800000000000001,30,19,10,4,25,1,0.7697777777777778,0,0,3.8244444444444445,80.36444444444444,37.0,170.3,40.23111111111111,42.215555555555554,52.36666666666667,38.617777777777775,44.92666666666667,24.560000000000002,1,0.0547112462006079,0.1094224924012158,0.1094224924012158,0.0782370820668693,0.03173252279635259,0.5700000000000001,0.2188449848024316,0.10996960486322188,0.2188449848024316
P01219,Trezeguet Ibrahim,Egyptian,Forward,Egypt,25,3926086,JS Kabylie,45,1844,8,5,1.27,1.1400000000000001,37,22,16,8,35,13,0.7835555555555556,0,0,3.6666666666666665,81.66,35.6,198.7,45.2,48.39333333333333,52.03333333333333,47.41777777777778,52.842222222222226,23.026666666666667,1,0.04880694143167028,0.39045553145336226,0.2440347071583514,0.06198481561822126,0.05563991323210413,6.73,0.6344902386117137,0.11762472885032538,0.6344902386117137
P01220,Ahmed Marmoush,Egyptian,Forward,Egypt,23,10120177,Raja Casablanca,45,1670,8,2,1.18,1.57,45,33,20,5,27,25,0.7824444444444445,0,0,3.466666666666667,81.71111111111111,37.0,185.29999999999998,65.71111111111111,72.86,54.76444444444444,66.35333333333334,71.52222222222223,24.084444444444443,1,0.05389221556886228,0.4311377245508982,0.10778443113772455,0.06359281437125748,0.08461077844311378,6.82,0.5389221556886228,0.14820359281437126,0.5389221556886228
P01221,Mostafa Hegazi,Egyptian,Forward,Egypt,18,13832244,ASEC Mimosas,45,1376,3,2,1.09,0.8,46,34,8,4,27,14,0.7895555555555556,0,0,3.271111111111111,81.52666666666666,35.9,148.5,63.88666666666667,68.54444444444445,57.973333333333336,64.41333333333333,70.18222222222222,26.326666666666668,1,0.06540697674418605,0.19622093023255816,0.1308139534883721,0.0712936046511628,0.05232558139534885,1.91,0.32703488372093026,0.12361918604651165,0.32703488372093026
P01222,Mohamed Trezeguet,Egyptian,Forward,Egypt,31,5832544,Al-Masry,45,1847,3,3,2.01,1.42,41,24,10,12,31,11,0.7857777777777778,0,0,4.693333333333333,84.06444444444445,36.6,220.9,45.57555555555556,49.30666666666667,56.32888888888889,48.23777777777777,50.242222222222225,26.24888888888889,2,0.04872766648619383,0.1461829994585815,0.1461829994585815,0.09794260963724959,0.06919328641039524,0.9900000000000002,0.292365998917163,0.16713589604764484,0.292365998917163
P01223,Percy Zwane,South African,Goalkeeper,South Africa,32,1883396,Al Ahly,35,1146,0,2,0.0,0.0,0,7,0,5,18,0,0.7202857142857143,55,2,2.297142857142857,79.99142857142857,30.8,111.5,29.2,48.78285714285715,52.559999999999995,47.89142857142857,10.894285714285715,55.862857142857145,1,0.07853403141361257,0.0,0.15706806282722513,0.0,0.0,0.0,0.15706806282722513,0.0,0.15706806282722513
P01224,Themba Mokoena,South African,Goalkeeper,South Africa,26,7307306,Gor Mahia,35,728,0,1,0.0,0.0,0,2,0,1,16,0,0.7062857142857143,31,3,1.7457142857142858,78.16571428571429,31.1,71.0,29.617142857142856,69.14857142857143,50.777142857142856,64.44857142857143,9.108571428571429,79.71142857142857,0,0.12362637362637363,0.0,0.12362637362637363,0.0,0.0,0.0,0.12362637362637363,0.0,0.12362637362637363
P01225,Lyle Mvala,South African,Goalkeeper,South Africa,38,1803794,TP Mazembe,35,887,0,0,0.0,0.0,0,3,0,3,26,0,0.7231428571428571,42,0,1.8914285714285715,77.75142857142858,32.6,82.1,28.88,48.88285714285715,53.26571428571428,47.388571428571424,11.165714285714285,57.294285714285714,0,0.10146561443066517,0.0,0.0,0.0,0.0,0.0,0.0,0.0,0.0
P01226,Percy Williams,South African,Defender,South Africa,25,3827050,Orlando Pirates,35,1405,1,0,0.0,0.14,8,9,35,37,42,0,0.8242857142857143,0,0,4.065714285714286,83.22285714285715,37.0,145.6,28.560000000000002,48.08571428571429,53.56857142857143,47.62571428571429,23.611428571428572,53.48,0,0.06405693950177936,0.06405693950177936,0.0,0.0,0.008967971530249112,1.0,0.06405693950177936,0.008967971530249112,0.06405693950177936
P01227,Themba Sithole,South African,Defender,South Africa,29,23381618,ASEC Mimosas,35,1159,2,2,0.02,0.27,7,13,39,28,79,0,0.8111428571428572,0,0,3.7714285714285714,84.34285714285714,35.4,123.9,33.94285714285714,84.64857142857143,59.762857142857136,84.63714285714286,45.50285714285714,94.72857142857143,1,0.07765314926660914,0.15530629853321828,0.15530629853321828,0.0015530629853321828,0.02096635030198447,1.98,0.31061259706643657,0.02251941328731665,0.31061259706643657
P01228,Lyle Makgopa,South African,Defender,South Africa,27,15167829,JS Kabylie,35,1344,1,1,0.09,0.02,6,5,46,38,81,0,0.8277142857142857,0,0,3.8971428571428572,83.62857142857143,35.0,142.0,28.388571428571428,68.35714285714286,56.25714285714286,66.99428571428571,34.91142857142857,75.53142857142856,1,0.06696428571428571,0.06696428571428571,0.06696428571428571,0.006026785714285714,0.0013392857142857143,0.91,0.13392857142857142,0.007366071428571428,0.13392857142857142
P01229,Teboho Maela,South African,Defender,South Africa,24,11936472,Kaizer Chiefs,35,1450,0,0,0.06999999999999999,0.03,7,11,53,40,80,0,0.8282857142857143,0,0,3.951428571428572,82.74857142857142,37.0,156.6,28.439999999999998,70.28571428571429,54.48571428571429,62.848571428571425,34.645714285714284,76.28857142857143,0,0.06206896551724138,0.0,0.0,0.004344827586206896,0.0018620689655172414,-0.06999999999999999,0.0,0.006206896551724138,0.0
P01230,Ronwen Dolly,South African,Defender,South Africa,30,40274135,JS Kabylie,35,1268,1,2,0.02,0.37,7,11,50,36,82,1,0.8042857142857143,0,0,4.5285714285714285,83.38000000000001,35.8,134.1,30.045714285714283,88.5,55.44571428571428,79.52285714285715,41.354285714285716,92.32,1,0.07097791798107256,0.07097791798107256,0.14195583596214512,0.0014195583596214511,0.026261829652996845,0.98,0.21293375394321767,0.027681388012618297,0.21293375394321767
P01231,Mothobi Mokoena,South African,Defender,South Africa,33,65166284,Mamelodi Sundowns,35,1141,1,2,0.21,0.3,4,13,35,30,90,0,0.8088571428571428,0,0,3.337142857142857,83.19142857142856,36.3,119.9,30.868571428571432,95.57714285714285,58.00285714285714,93.4,52.44285714285714,98.07714285714285,1,0.07887817703768624,0.07887817703768624,0.15775635407537247,0.01656441717791411,0.02366345311130587,0.79,0.2366345311130587,0.04022787028921998,0.2366345311130587
P01232,Sphephelo Moseamedi,South African,Defender,South Africa,25,10272165,Kaizer Chiefs,35,1168,1,0,0.02,0.07,7,4,40,36,56,0,0.824,0,0,3.877142857142857,83.72285714285715,37.0,122.0,30.52857142857143,71.50285714285714,58.51714285714286,62.574285714285715,38.31428571428572,74.68571428571428,0,0.07705479452054795,0.07705479452054795,0.0,0.001541095890410959,0.0053938356164383566,0.98,0.07705479452054795,0.006934931506849316,0.07705479452054795
P01233,Luther Maboe,South African,Defender,South Africa,22,10904101,Al Ahly,35,1274,2,0,0.02,0.16,8,12,39,33,73,1,0.826,0,0,3.4371428571428573,81.11999999999999,35.4,140.1,32.15428571428572,67.01428571428572,57.59142857142857,62.93714285714286,34.61714285714285,73.99428571428572,0,0.0706436420722135,0.141287284144427,0.0,0.00141287284144427,0.01130298273155416,1.98,0.141287284144427,0.012715855572998432,0.141287284144427
P01234,Evidence Zungu,South African,Defender,South Africa,34,35009648,MC Alger,35,1463,0,1,0.34,0.14,9,18,55,46,118,1,0.8254285714285714,0,0,3.9714285714285715,85.17142857142858,35.1,150.0,29.354285714285716,87.12857142857143,59.10285714285714,82.74000000000001,46.41428571428571,93.36857142857143,0,0.06151742993848257,0.0,0.06151742993848257,0.020915926179084075,0.008612440191387561,-0.34,0.06151742993848257,0.029528366370471636,0.06151742993848257
P01235,Percy Lorch,South African,Midfielder,South Africa,31,13340560,Al Ahly,35,1273,2,2,0.53,1.28,15,23,18,20,49,8,0.8448571428571429,0,0,3.585714285714286,81.76285714285714,36.4,154.0,62.1,68.38000000000001,59.84,66.25714285714285,62.81428571428572,53.42,1,0.07069913589945012,0.14139827179890024,0.14139827179890024,0.03747054202670857,0.09049489395129616,1.47,0.2827965435978005,0.12796543597800472,0.2827965435978005
P01236,Themba Mdantsane,South African,Midfielder,South Africa,22,2843803,Al Ahly,35,1220,0,0,0.22,0.89,5,21,29,28,27,1,0.8302857142857143,0,0,3.5885714285714285,81.5,35.9,155.0,36.46857142857143,43.425714285714285,53.86,39.205714285714286,38.01714285714286,32.39714285714286,0,0.07377049180327869,0.0,0.0,0.016229508196721313,0.06565573770491803,-0.22,0.0,0.08188524590163934,0.0
P01237,Lyle Mothiba,South African,Midfielder,South Africa,19,14055270,Mamelodi Sundowns,35,1371,1,3,0.55,1.48,16,37,33,30,64,10,0.8502857142857143,0,0,3.6885714285714286,80.15714285714286,35.9,165.3,63.96,73.27714285714285,58.71714285714285,67.95714285714286,59.23428571428571,57.17142857142857,3,0.06564551422319474,0.06564551422319474,0.1969365426695842,0.036105032822757115,0.09715536105032822,0.44999999999999996,0.26258205689277897,0.13326039387308533,0.26258205689277897
P01238,Teboho Billiat,South African,Midfielder,South Africa,26,11171377,Gor Mahia,35,1093,3,3,0.35,0.9299999999999999,15,17,24,21,50,3,0.8548571428571429,0,0,3.657142857142857,82.2657142857143,35.4,127.0,69.06,69.35714285714286,54.28285714285715,65.68571428571428,59.425714285714285,51.83714285714286,1,0.08234217749313816,0.24702653247941447,0.24702653247941447,0.028819762122598354,0.07657822506861849,2.65,0.49405306495882895,0.10539798719121685,0.49405306495882895
P01239,Ronwen Mkhize,South African,Midfielder,South Africa,26,56794189,ES Tunis,35,1664,5,7,0.28,2.95,20,41,43,30,93,9,0.8608571428571429,0,0,4.977142857142857,82.54571428571428,36.0,195.9,84.39428571428572,89.92571428571429,62.645714285714284,83.72,80.05714285714286,63.31428571428572,2,0.054086538461538464,0.2704326923076923,0.3786057692307693,0.015144230769230771,0.15955528846153846,4.72,0.6490384615384616,0.17469951923076923,0.6490384615384616
P01240,Mothobi Xoki,South African,Midfielder,South Africa,25,3313516,Raja Casablanca,35,1406,3,2,0.25,0.78,15,20,28,25,40,6,0.8585714285714285,0,0,3.734285714285714,82.33142857142857,37.0,164.6,43.19714285714286,49.12571428571429,58.93714285714286,46.17714285714286,42.74,38.605714285714285,1,0.06401137980085349,0.19203413940256048,0.12802275960170698,0.016002844950213372,0.04992887624466572,2.75,0.3200568990042675,0.0659317211948791,0.3200568990042675
P01241,Sphephelo Mbatha,South African,Midfielder,South Africa,27,22197366,Club Africain,35,1545,0,5,1.21,1.02,19,32,47,22,72,8,0.8405714285714286,0,0,4.3428571428571425,83.34,35.8,186.5,61.59714285714286,69.18857142857142,55.47428571428571,64.27714285714285,62.71714285714285,53.02285714285714,1,0.05825242718446602,0.0,0.2912621359223301,0.07048543689320388,0.059417475728155346,-1.21,0.2912621359223301,0.12990291262135922,0.2912621359223301
P01242,Luther Zwane,South African,Midfielder,South Africa,25,3563990,Al-Masry,35,1671,2,2,0.41000000000000003,1.49,21,30,38,25,60,7,0.8462857142857143,0,0,4.494285714285715,82.47714285714285,37.0,200.3,45.394285714285715,49.61714285714285,56.02571428571429,43.871428571428574,40.494285714285716,40.325714285714284,1,0.05385996409335727,0.10771992818671454,0.10771992818671454,0.022082585278276484,0.08025134649910233,1.5899999999999999,0.21543985637342908,0.10233393177737882,0.21543985637342908
P01243,Percy Mkhize,South African,Forward,South Africa,24,10066009,Club Africain,35,1052,4,1,0.97,0.48000000000000004,20,6,5,5,14,9,0.808,0,0,3.06,79.17714285714285,37.0,109.60000000000001,45.088571428571434,50.75714285714286,52.48,46.642857142857146,50.55142857142857,25.21142857142857,0,0.08555133079847908,0.34220532319391633,0.08555133079847908,0.0829847908745247,0.04106463878326996,3.0300000000000002,0.42775665399239543,0.12404942965779467,0.42775665399239543
P01244,Themba Xoki,South African,Forward,South Africa,24,7907726,TP Mazembe,35,1586,13,2,1.7200000000000002,1.6300000000000001,81,33,10,5,44,27,0.7702857142857144,0,0,4.565714285714286,85.06857142857143,35.9,177.3,77.31142857142858,92.1257142857143,57.620000000000005,85.62285714285714,88.79428571428572,24.017142857142858,2,0.05674653215636822,0.7377049180327868,0.11349306431273644,0.09760403530895335,0.0924968474148802,11.28,0.8511979823455232,0.19010088272383358,0.8511979823455232
P01245,Lyle Mbatha,South African,Forward,South Africa,24,6738220,TP Mazembe,35,1101,4,1,1.26,1.33,31,13,13,1,29,14,0.7657142857142857,0,0,3.4771428571428573,81.06285714285714,34.9,116.0,63.591428571428565,69.37142857142857,53.32857142857143,66.13142857142857,73.16,23.402857142857144,1,0.08174386920980926,0.32697547683923706,0.08174386920980926,0.10299727520435967,0.10871934604904633,2.74,0.4087193460490463,0.211716621253406,0.4087193460490463
P01246,Teboho Zwane,South African,Forward,South Africa,26,18839767,Club Africain,35,1419,5,2,1.48,0.84,47,24,13,8,31,18,0.7922857142857143,0,0,4.44,84.7342857142857,36.9,154.6,61.94571428571428,68.75428571428571,53.33714285714286,65.22285714285715,72.49714285714286,24.38285714285714,1,0.06342494714587738,0.3171247357293869,0.12684989429175475,0.09386892177589852,0.05327695560253699,3.52,0.4439746300211416,0.1471458773784355,0.4439746300211416
P01247,Ronwen Mokoena,South African,Forward,South Africa,23,10986060,Al Ahly,35,923,3,2,0.85,0.32,10,8,12,8,11,5,0.778,0,0,2.6,82.82857142857142,35.1,100.2,40.645714285714284,41.82571428571429,54.96857142857142,37.394285714285715,43.04571428571428,26.84857142857143,2,0.09750812567713976,0.2925243770314193,0.19501625135427952,0.0828819068255688,0.031202600216684726,2.15,0.48754062838569884,0.11408450704225352,0.48754062838569884
P01248,Mothobi Mvala,South African,Forward,South Africa,29,4868899,Club Africain,35,1539,5,1,1.28,0.89,26,23,15,6,20,10,0.7982857142857144,0,0,3.8628571428571425,85.49714285714286,36.6,172.4,49.354285714285716,45.72857142857143,49.83428571428571,45.17428571428571,50.48571428571429,26.78857142857143,1,0.05847953216374269,0.29239766081871343,0.05847953216374269,0.07485380116959064,0.052046783625730994,3.7199999999999998,0.3508771929824561,0.12690058479532162,0.3508771929824561
